recipe_id,title,source,combined_sources,url,rating,rating_count,source_bias,category_expected_rating,adjusted_rating,posterior_mean,uncertainty_penalty,uncertainty_method,evidence_penalty,hierarchical_score,evidence_confidence,evidence_status,author,categories,duplicate_group_id,duplicate_confidence,last_seen_at,rank,rank_confidence,rank_stddev,rank_range_low,rank_range_high,top10_frequency,top50_frequency,simulation_count,review_growth_7d,review_growth_30d,rating_trend_30d,rating_slope_30d_per_day,review_slope_30d_per_day,review_velocity_7d,review_velocity_previous_7d,review_acceleration_14d,page_change_count_30d,last_material_page_change_at,rating_change_point_30d,rating_change_point_delta,peak_rank,rank_volatility,days_in_top10,days_in_top50,ranking_observations,rating_change,review_count_change,review_velocity_per_day,evidence_grade,previous_rank,movement,rank_provenance
da2155fe966f099ace102548,Air Fryer Salmon,feelgoodfoodie.net,feelgoodfoodie.net,https://feelgoodfoodie.net/recipe/air-fryer-salmon/,5.0,37443,0.08453302126560262,4.84381915932519,4.915466978734397,4.915279331035232,0.025305853185083736,theoretical_max_variance,0.030000000000000006,4.859973477850148,0.65,schema_only,,Seafood,,0.0,2026-08-19T00:34:06.688272+00:00,1,1.0,0.0,1,1,1.0,1.0,36,0.0,0.0,0.0,0.0,0.0,0.0,,,1,2026-08-19T00:34:06.688272+00:00,False,,1.0,0.0,1.0,1.0,3.0,0.0,0.0,0.0,B,1.0,0.0,Raw 5.000; source/category adjustment -0.085; posterior 4.915; uncertainty -0.025 (theoretical_max_variance); evidence -0.030; final 4.860.
c70c1d03d206733d235e733b,Easy Air Fryer Whole Chicken,allrecipes.com,allrecipes.com,https://www.allrecipes.com/recipe/8453018/easy-air-fryer-whole-chicken/,4.9,36,-0.09393325178093598,4.803035731606181,4.993933251780937,4.866505474605331,0.0,empirical_history,0.030000000000000006,4.836505474605331,0.65,schema_only,Soup Loving Nicole,Chicken,,0.0,2026-08-19T00:34:06.688272+00:00,2,0.6655490289820136,1.1055415967851332,2,5,1.0,1.0,36,0.0,0.0,0.0,0.0,0.0,0.0,,,4,2026-08-19T00:34:06.688272+00:00,False,,2.0,0.0,1.0,1.0,3.0,0.0,0.0,0.0,C,2.0,0.0,Raw 4.900; source/category adjustment +0.094; posterior 4.867; uncertainty -0.000 (empirical_history); evidence -0.030; final 4.837.
80bb9b18dc253973d38f45ce,Air Fryer Chicken Wings,allrecipes.com,allrecipes.com,https://www.allrecipes.com/recipe/270194/air-fryer-buffalo-chicken-wings/,4.9,35,-0.09393325178093598,4.803035731606181,4.993933251780937,4.865006324285618,0.0,empirical_history,0.030000000000000006,4.835006324285618,0.65,schema_only,Nicole Russell,Chicken,,0.0,2026-08-19T00:34:06.688272+00:00,3,0.6753698155298482,1.1055415967851332,3,6,1.0,1.0,36,0.0,0.0,0.0,0.0,0.0,0.0,,,3,2026-08-19T00:34:06.688272+00:00,False,,4.0,0.0,1.0,1.0,3.0,0.0,0.0,0.0,C,4.0,1.0,Raw 4.900; source/category adjustment +0.094; posterior 4.865; uncertainty -0.000 (empirical_history); evidence -0.030; final 4.835.
ca3f17af3bd2baa45c69b4f8,Air Fryer Roasted Potatoes,natashaskitchen.com,natashaskitchen.com,https://natashaskitchen.com/air-fryer-potatoes/,4.98,92,0.06611594762002528,4.789373351038963,4.913884052379975,4.8648958209218485,0.0,empirical_history,0.030000000000000006,4.834895820921848,0.65,schema_only,,Potatoes | Snacks,,0.0,2026-08-19T00:34:06.688272+00:00,4,0.5387441603051567,2.0548046676563256,2,7,1.0,1.0,36,0.0,0.0,0.0,0.0,0.0,0.0,,,1,2026-08-18T23:34:22.619805+00:00,False,,3.0,0.0,1.0,1.0,3.0,0.0,0.0,0.0,B,3.0,-1.0,Raw 4.980; source/category adjustment -0.066; posterior 4.865; uncertainty -0.000 (empirical_history); evidence -0.030; final 4.835.
7864d1e143a6c4bf17da3e7f,Air Fryer Baked Potato,skinnytaste.com,skinnytaste.com,https://www.skinnytaste.com/air-fryer-baked-potato/,4.98,77,0.057660045864427495,4.789035256877304,4.922339954135573,4.864236615908535,0.0,empirical_history,0.030000000000000006,4.834236615908535,0.65,schema_only,,Potatoes | Vegetables,,0.0,2026-08-19T00:34:06.688272+00:00,5,0.6933771065709282,1.1055415967851332,3,6,1.0,1.0,36,0.0,0.0,0.0,0.0,0.0,0.0,,,0,,False,,5.0,0.9428090415820634,1.0,1.0,3.0,0.0,0.0,0.0,B,5.0,0.0,Raw 4.980; source/category adjustment -0.058; posterior 4.864; uncertainty -0.000 (empirical_history); evidence -0.030; final 4.834.
5c85bd7db8add81e8fa0c53b,Air Fryer Potatoes,delish.com,delish.com,https://www.delish.com/cooking/recipe-ideas/a28414561/air-fryer-potatoes-recipe/,4.820513,39,-0.15,4.7950420873666095,4.970513,4.860537985976908,0.0,empirical_history,0.030000000000000006,4.830537985976908,0.65,schema_only,Lauren Miyashiro,Potatoes,,0.0,2026-08-19T00:34:06.688272+00:00,6,0.19194463842396536,10.945572417902847,2,29,0.6666666666666666,1.0,36,0.0,0.0,0.0,0.0,0.0,0.0,,,2,2026-08-19T00:34:06.688272+00:00,False,,5.0,0.4714045207910317,1.0,1.0,3.0,0.0,0.0,0.0,C,6.0,0.0,Raw 4.821; source/category adjustment +0.150; posterior 4.861; uncertainty -0.000 (empirical_history); evidence -0.030; final 4.831.
920ff352273c7a57c216f50c,Air Fryer Sausage Patties,allrecipes.com,allrecipes.com,https://www.allrecipes.com/recipe/275390/air-fryer-sausage-patties/,4.9,32,-0.09393325178093598,4.799386445510584,4.993933251780937,4.860289485474814,0.0,empirical_history,0.030000000000000006,4.830289485474814,0.65,schema_only,Yoly,Pork,,0.0,2026-08-19T00:34:06.688272+00:00,7,0.6821100182467575,1.2583057392117916,4,7,1.0,1.0,36,0.0,0.0,0.0,0.0,0.0,0.0,,,2,2026-08-19T00:34:06.688272+00:00,False,,6.0,0.4714045207910317,1.0,1.0,3.0,0.0,0.0,0.0,C,7.0,0.0,Raw 4.900; source/category adjustment +0.094; posterior 4.860; uncertainty -0.000 (empirical_history); evidence -0.030; final 4.830.
41e60f0c5cc5eb6aad2955ad,Air Fryer Salmon Croquettes,allrecipes.com,allrecipes.com,https://www.allrecipes.com/recipe/283517/air-fryer-salmon-croquettes/,4.9,31,-0.09393325178093598,4.783293414341193,4.993933251780937,4.858639562433997,0.0,empirical_history,0.030000000000000006,4.828639562433997,0.65,schema_only,Yoly,Seafood | Breakfast,,0.0,2026-08-19T00:34:06.688272+00:00,8,0.8029400749872694,0.6871842709362768,7,9,1.0,1.0,36,0.0,0.0,0.0,0.0,0.0,0.0,,,2,2026-08-19T00:34:06.688272+00:00,False,,8.0,0.0,1.0,1.0,3.0,0.0,0.0,0.0,C,8.0,0.0,Raw 4.900; source/category adjustment +0.094; posterior 4.859; uncertainty -0.000 (empirical_history); evidence -0.030; final 4.829.
1dbfc4e965f878e269cd9f3a,Air Fryer Chicken Parmesan,feelgoodfoodie.net,feelgoodfoodie.net,https://feelgoodfoodie.net/recipe/air-fryer-chicken-parmesan/,4.99,82,0.08453302126560262,4.762901700481689,4.905466978734397,4.8559558030921615,0.0,empirical_history,0.030000000000000006,4.825955803092161,0.65,schema_only,,Chicken | Breakfast,,0.0,2026-08-19T00:34:06.688272+00:00,9,0.7546562862270372,0.9428090415820634,7,10,1.0,1.0,36,0.0,0.0,0.0,0.0,0.0,0.0,,,1,2026-08-19T00:34:06.688272+00:00,False,,9.0,0.0,1.0,1.0,3.0,0.0,0.0,0.0,B,9.0,0.0,Raw 4.990; source/category adjustment -0.085; posterior 4.856; uncertainty -0.000 (empirical_history); evidence -0.030; final 4.826.
407a4a4614451bee83b13e09,Air Fryer Turkey Breast,skinnytaste.com,skinnytaste.com,https://www.skinnytaste.com/air-fryer-turkey-breast/,4.97,65,0.057660045864427495,4.774757475038895,4.912339954135573,4.852521484963104,0.0,empirical_history,0.030000000000000006,4.8225214849631035,0.65,schema_only,,,,0.0,2026-08-18T22:11:58.441699+00:00,10,0.7580682899048642,0.9574271077563381,10,13,0.16666666666666666,1.0,36,,,,,,,,,0,,False,,10.0,3.2998316455372216,1.0,1.0,3.0,0.0,0.0,0.0,B,10.0,0.0,Raw 4.970; source/category adjustment -0.058; posterior 4.853; uncertainty -0.000 (empirical_history); evidence -0.030; final 4.823.
69683d5e639ffeb2555bd8a6,Breaded Air Fryer Pork Chops,allrecipes.com,allrecipes.com,https://www.allrecipes.com/recipe/275553/breaded-air-fryer-pork-chops/,4.8,92,-0.09393325178093598,4.761077057433891,4.893933251780936,4.851969950111203,0.0,empirical_history,0.030000000000000006,4.821969950111202,0.65,schema_only,France Cevallos,Pork | Breakfast,,0.0,2026-08-19T00:34:06.688272+00:00,11,0.48926139833844523,3.2360813064912666,9,17,0.5,1.0,36,0.0,0.0,0.0,0.0,0.0,0.0,,,2,2026-08-19T00:34:06.688272+00:00,False,,10.0,0.816496580927726,1.0,1.0,3.0,0.0,0.0,0.0,B,11.0,0.0,Raw 4.800; source/category adjustment +0.094; posterior 4.852; uncertainty -0.000 (empirical_history); evidence -0.030; final 4.822.
4d5cb867bfaa5bcca0c2b708,Easy Air Fryer Baked Potatoes,allrecipes.com,allrecipes.com,https://www.allrecipes.com/recipe/275253/easy-air-fryer-baked-potatoes/,4.8,90,-0.09393325178093598,4.7950420873666095,4.893933251780936,4.851370474373065,0.0,empirical_history,0.030000000000000006,4.821370474373064,0.65,schema_only,Taylerand20,Potatoes,,0.0,2026-08-19T00:34:06.688272+00:00,12,0.5488892536714944,2.6299556396765835,11,18,0.0,1.0,36,0.0,0.0,0.0,0.0,0.0,0.0,,,3,2026-08-19T00:34:06.688272+00:00,False,,12.0,0.4714045207910317,0.0,1.0,3.0,0.0,0.0,0.0,B,12.0,0.0,Raw 4.800; source/category adjustment +0.094; posterior 4.851; uncertainty -0.000 (empirical_history); evidence -0.030; final 4.821.
a4fc27b567fa726b0d1a2a82,Air Fryer Chicken Thighs Recipe,natashaskitchen.com,natashaskitchen.com,https://natashaskitchen.com/air-fryer-chicken-thighs/,5.0,46,0.06611594762002528,4.803035731606181,4.933884052379975,4.851005626681496,0.0,empirical_history,0.030000000000000006,4.821005626681496,0.65,schema_only,,Chicken,,0.0,2026-08-19T00:34:06.688272+00:00,13,0.8016525545750085,0.816496580927726,12,14,0.0,1.0,36,0.0,0.0,0.0,0.0,0.0,0.0,,,1,2026-08-18T23:34:22.619805+00:00,False,,11.0,0.9428090415820634,0.0,1.0,3.0,0.0,0.0,0.0,C,13.0,0.0,Raw 5.000; source/category adjustment -0.066; posterior 4.851; uncertainty -0.000 (empirical_history); evidence -0.030; final 4.821.
fc2bb1182413bea42d4fefad,Air Fryer Rotisserie Chicken,allrecipes.com,allrecipes.com,https://www.allrecipes.com/recipe/269948/air-fryer-rotisserie-chicken/,4.9,26,-0.09393325178093598,4.793032078997089,4.993933251780937,4.849738661819067,0.0,empirical_history,0.030000000000000006,4.819738661819067,0.65,schema_only,THEHOLLANDS,Chicken | Vegetables,,0.0,2026-08-19T00:34:06.688272+00:00,14,0.5223435245595122,3.109126351029605,9,17,0.3333333333333333,1.0,36,0.0,0.0,0.0,0.0,0.0,0.0,,,2,2026-08-19T00:34:06.688272+00:00,False,,14.0,0.4714045207910317,0.0,1.0,3.0,0.0,0.0,0.0,C,14.0,0.0,Raw 4.900; source/category adjustment +0.094; posterior 4.850; uncertainty -0.000 (empirical_history); evidence -0.030; final 4.820.
da3eb98cecaa117e52d8fab6,Air Fryer Chicken Thighs,pinchofyum.com,pinchofyum.com,https://pinchofyum.com/air-fryer-chicken-thighs,5.0,27,0.01228737174583198,4.803035731606181,4.987712628254168,4.8494300612312635,0.0,empirical_history,0.030000000000000006,4.819430061231263,0.65,schema_only,Lindsay Ostrom,Chicken,,0.0,2026-08-19T00:34:06.688272+00:00,15,0.5295707502179545,3.109126351029605,10,18,0.16666666666666666,1.0,36,0.0,0.0,0.0,0.0,0.0,0.0,,,1,2026-08-18T23:34:22.619805+00:00,False,,13.0,0.816496580927726,0.0,1.0,3.0,0.0,0.0,0.0,C,15.0,0.0,Raw 5.000; source/category adjustment -0.012; posterior 4.849; uncertainty -0.000 (empirical_history); evidence -0.030; final 4.819.
b0801219844db7ef5dd12aa6,Keto Lemon-Garlic Chicken Thighs in the Air Fryer,allrecipes.com,allrecipes.com,https://www.allrecipes.com/recipe/272859/keto-lemon-garlic-chicken-thighs-in-the-air-fryer/,4.9,25,-0.09393325178093598,4.803035731606181,4.993933251780937,4.847816067286242,0.0,empirical_history,0.030000000000000006,4.817816067286242,0.65,schema_only,France Cevallos,Chicken,,0.0,2026-08-19T00:34:06.688272+00:00,16,0.6249732108413063,2.160246899469287,14,20,0.0,1.0,36,0.0,0.0,0.0,0.0,0.0,0.0,,,3,2026-08-19T00:34:06.688272+00:00,False,,18.0,0.0,0.0,1.0,3.0,0.0,0.0,0.0,C,18.0,2.0,Raw 4.900; source/category adjustment +0.094; posterior 4.848; uncertainty -0.000 (empirical_history); evidence -0.030; final 4.818.
a8409030a39e06675f19ad67,Air Fryer Buttermilk Biscuits,allrecipes.com,allrecipes.com,https://www.allrecipes.com/recipe/286358/air-fryer-buttermilk-biscuits/,5.0,24,-0.09393325178093598,4.774757475038895,5.0,4.84780910475601,0.0,empirical_history,0.030000000000000006,4.81780910475601,0.65,schema_only,Allrecipes Member,,,0.0,2026-08-19T00:34:06.688272+00:00,17,0.5433883598650692,3.109126351029605,13,21,0.0,1.0,36,0.0,0.0,0.0,0.0,0.0,0.0,,,3,2026-08-19T00:34:06.688272+00:00,False,,15.0,0.4714045207910317,0.0,1.0,3.0,0.0,0.0,0.0,C,16.0,-1.0,Raw 5.000; source/category adjustment +0.094; posterior 4.848; uncertainty -0.000 (empirical_history); evidence -0.030; final 4.818.
b26623122c1ea1b6a8afbe8b,Air Fryer Sweet Potato Fries,natashaskitchen.com,natashaskitchen.com,https://natashaskitchen.com/air-fryer-sweet-potato-fries/,4.97,65,0.06611594762002528,4.789373351038963,4.903884052379975,4.847742062231679,0.0,empirical_history,0.030000000000000006,4.8177420622316784,0.65,schema_only,,Potatoes | Snacks,,0.0,2026-08-19T00:34:06.688272+00:00,18,0.618965277767021,2.3392781412697,14,20,0.0,1.0,36,0.0,0.0,0.0,0.0,0.0,0.0,,,1,2026-08-18T23:34:22.619805+00:00,False,,16.0,0.4714045207910317,0.0,1.0,3.0,0.0,0.0,0.0,B,17.0,-1.0,Raw 4.970; source/category adjustment -0.066; posterior 4.848; uncertainty -0.000 (empirical_history); evidence -0.030; final 4.818.
7752d4cd9bc4ca44f7c3b8d9,Air Fryer French Fries,allrecipes.com,allrecipes.com,https://www.allrecipes.com/recipe/278581/air-fryer-french-fries/,4.8,78,-0.09393325178093598,4.787258376155307,4.893933251780936,4.847380213991077,0.0,empirical_history,0.030000000000000006,4.817380213991076,0.65,schema_only,John Mitzewich,Potatoes | Vegetables | Snacks,,0.0,2026-08-19T00:34:06.688272+00:00,19,0.5426328178254612,3.2871804872193366,13,21,0.0,1.0,36,0.0,0.0,0.0,0.0,0.0,0.0,,,2,2026-08-19T00:34:06.688272+00:00,False,,19.0,0.0,0.0,1.0,3.0,0.0,0.0,0.0,B,19.0,0.0,Raw 4.800; source/category adjustment +0.094; posterior 4.847; uncertainty -0.000 (empirical_history); evidence -0.030; final 4.817.
be31085cb7b0f0972233a160,Air Fryer Shrimp,wellplated.com,wellplated.com,https://www.wellplated.com/air-fryer-shrimp/,4.93,40,-0.005312738771879698,4.783293414341193,4.93531273877188,4.846115370031333,0.0,empirical_history,0.030000000000000006,4.816115370031333,0.65,schema_only,,Seafood | Breakfast,,0.0,2026-08-19T00:34:06.688272+00:00,20,0.7144629894235319,1.5986105077709065,17,22,0.0,1.0,36,0.0,0.0,0.0,0.0,0.0,0.0,,,0,,False,,20.0,0.0,0.0,1.0,3.0,0.0,0.0,0.0,C,20.0,0.0,Raw 4.930; source/category adjustment +0.005; posterior 4.846; uncertainty -0.000 (empirical_history); evidence -0.030; final 4.816.
600481ccdd2a48339d0d4240,Air Fryer Chicken Parmesan,delish.com,delish.com,https://www.delish.com/cooking/recipe-ideas/a35256979/air-fryer-chicken-parmesan-recipe/,4.821429,28,-0.15,4.762901700481689,4.9714290000000005,4.845357509640317,0.0,empirical_history,0.030000000000000006,4.815357509640317,0.65,schema_only,Makinze Gore,Chicken | Breakfast,,0.0,2026-08-18T22:11:58.441699+00:00,21,0.2341216102995656,13.412266359153806,9,43,0.16666666666666666,1.0,36,,,,,,,,,0,,False,,21.0,0.0,0.0,1.0,3.0,0.0,0.0,0.0,C,21.0,0.0,Raw 4.821; source/category adjustment +0.150; posterior 4.845; uncertainty -0.000 (empirical_history); evidence -0.030; final 4.815.
32f8fe806bf5200599d061e0,Homemade Croutons in the Air Fryer,allrecipes.com,allrecipes.com,https://www.allrecipes.com/recipe/279399/homemade-croutons-in-the-air-fryer/,4.8,72,-0.09393325178093598,4.774757475038895,4.893933251780936,4.84509072032928,0.0,empirical_history,0.030000000000000006,4.815090720329279,0.65,schema_only,Soup Loving Nicole,,,0.0,2026-08-19T00:34:06.688272+00:00,22,0.6901517549415904,1.8856180831641267,17,22,0.0,1.0,36,0.0,0.0,0.0,0.0,0.0,0.0,,,3,2026-08-19T00:34:06.688272+00:00,False,,22.0,0.0,0.0,1.0,3.0,0.0,0.0,0.0,B,22.0,0.0,Raw 4.800; source/category adjustment +0.094; posterior 4.845; uncertainty -0.000 (empirical_history); evidence -0.030; final 4.815.
ba4dd2d50e6865fc35f332c6,Air Fryer Zucchini Chips,allrecipes.com,allrecipes.com,https://www.allrecipes.com/recipe/267107/air-fryer-zucchini-chips/,4.8,70,-0.09393325178093598,4.763166903485503,4.893933251780936,4.844276678138419,0.0,empirical_history,0.030000000000000006,4.814276678138419,0.65,schema_only,Soup Loving Nicole,Vegetables | Breakfast | Snacks,,0.0,2026-08-18T22:11:58.441699+00:00,23,0.8273164551016741,0.8975274678557507,21,23,0.0,1.0,36,,,,,,,,,0,,False,,23.0,0.0,0.0,1.0,3.0,0.0,0.0,0.0,B,23.0,0.0,Raw 4.800; source/category adjustment +0.094; posterior 4.844; uncertainty -0.000 (empirical_history); evidence -0.030; final 4.814.
ee1e68ab444f4686098b4bf3,Air Fryer Grilled Cheese,allrecipes.com,allrecipes.com,https://www.allrecipes.com/recipe/8381341/air-fryer-grilled-cheese/,4.8,68,-0.09393325178093598,4.774757475038895,4.893933251780936,4.84343504129702,0.0,empirical_history,0.030000000000000006,4.81343504129702,0.65,schema_only,Yoly,,,0.0,2026-08-19T00:34:06.688272+00:00,24,0.7000107136297847,1.8856180831641267,22,27,0.0,1.0,36,0.0,0.0,0.0,0.0,0.0,0.0,,,3,2026-08-19T00:34:06.688272+00:00,False,,24.0,0.0,0.0,1.0,3.0,0.0,0.0,0.0,B,24.0,0.0,Raw 4.800; source/category adjustment +0.094; posterior 4.843; uncertainty -0.000 (empirical_history); evidence -0.030; final 4.813.
a0fd704b7d089c055f427880,Air Fryer Chicken Taquitos,allrecipes.com,allrecipes.com,https://www.allrecipes.com/recipe/279015/air-fryer-chicken-taquitos/,4.8,65,-0.09393325178093598,4.789922924235165,4.893933251780936,4.8421176966757,0.0,empirical_history,0.030000000000000006,4.8121176966757,0.65,schema_only,Yoly,Chicken | Vegetables | Snacks,,0.0,2026-08-18T22:11:58.441699+00:00,25,0.7175098426236437,1.7716909687891083,23,28,0.0,1.0,36,,,,,,,,,0,,False,,25.0,0.0,0.0,1.0,3.0,0.0,0.0,0.0,B,25.0,0.0,Raw 4.800; source/category adjustment +0.094; posterior 4.842; uncertainty -0.000 (empirical_history); evidence -0.030; final 4.812.
2a6e314a4a1fc2115f5e07bc,Air Fryer Mushrooms,allrecipes.com,allrecipes.com,https://www.allrecipes.com/recipe/275679/air-fryer-mushrooms/,4.9,21,-0.09393325178093598,4.783028426387997,4.993933251780937,4.839584113230202,0.0,empirical_history,0.030000000000000006,4.809584113230202,0.65,schema_only,Bren,Vegetables,,0.0,2026-08-19T00:34:06.688272+00:00,26,0.6242472883047642,2.7688746209726918,22,29,0.0,1.0,36,0.0,0.0,0.0,0.0,0.0,0.0,,,3,2026-08-19T00:34:06.688272+00:00,False,,26.0,0.0,0.0,1.0,3.0,0.0,0.0,0.0,C,26.0,0.0,Raw 4.900; source/category adjustment +0.094; posterior 4.840; uncertainty -0.000 (empirical_history); evidence -0.030; final 4.810.
4a1cfb9677fc50d024cb7189,Air Fryer Artichoke Hearts,allrecipes.com,allrecipes.com,https://www.allrecipes.com/recipe/280419/air-fryer-artichoke-hearts/,4.9,21,-0.09393325178093598,4.774757475038895,4.993933251780937,4.839584113230202,0.0,empirical_history,0.030000000000000006,4.809584113230202,0.65,schema_only,France Cevallos,,,0.0,2026-08-19T00:34:06.688272+00:00,27,0.6292782030109787,2.7688746209726918,23,30,0.0,1.0,36,0.0,0.0,0.0,0.0,0.0,0.0,,,3,2026-08-19T00:34:06.688272+00:00,False,,27.0,0.0,0.0,1.0,3.0,0.0,0.0,0.0,C,27.0,0.0,Raw 4.900; source/category adjustment +0.094; posterior 4.840; uncertainty -0.000 (empirical_history); evidence -0.030; final 4.810.
da62aed4d8d86d32fcba7f1a,Air Fryer Mahi Mahi with Brown Butter,allrecipes.com,allrecipes.com,https://www.allrecipes.com/recipe/275948/air-fryer-mahi-mahi-with-brown-butter/,4.9,21,-0.09393325178093598,4.774757475038895,4.993933251780937,4.839584113230202,0.0,empirical_history,0.030000000000000006,4.809584113230202,0.65,schema_only,FrackFamily5 CACT,,,0.0,2026-08-19T00:34:06.688272+00:00,28,0.6341761807890989,2.7688746209726918,24,31,0.0,1.0,36,0.0,0.0,0.0,0.0,0.0,0.0,,,3,2026-08-19T00:34:06.688272+00:00,False,,28.0,0.0,0.0,1.0,3.0,0.0,0.0,0.0,C,28.0,0.0,Raw 4.900; source/category adjustment +0.094; posterior 4.840; uncertainty -0.000 (empirical_history); evidence -0.030; final 4.810.
dbf4af9cc2d1175df3baa603,Air Fryer Meatballs,allrecipes.com,allrecipes.com,https://www.allrecipes.com/recipe/275548/air-fryer-meatballs/,4.8,57,-0.09393325178093598,4.762940520089532,4.893933251780936,4.838243636480916,0.0,empirical_history,0.030000000000000006,4.808243636480916,0.65,schema_only,Nicole Russell,Beef | Pork | Breakfast,,0.0,2026-08-18T22:11:58.441699+00:00,29,0.6389464220212407,2.7688746209726918,24,31,0.0,1.0,36,,,,,,,,,0,,False,,29.0,0.4714045207910317,0.0,1.0,3.0,0.0,0.0,0.0,B,29.0,0.0,Raw 4.800; source/category adjustment +0.094; posterior 4.838; uncertainty -0.000 (empirical_history); evidence -0.030; final 4.808.
fb85a63e6caa67436fed6639,Air Fryer Salmon Bites Recipe,therealfooddietitians.com,therealfooddietitians.com,https://therealfooddietitians.com/air-fryer-salmon-bites/,5.0,29,0.05344443959910739,4.783329967445425,4.946555560400893,4.8378225949819065,0.0,empirical_history,0.030000000000000006,4.807822594981906,0.65,schema_only,Molly Slama,Vegetables | Seafood | Breakfast | Snacks,,0.0,2026-08-18T22:11:58.441699+00:00,30,0.7703315154878356,1.4907119849998598,28,32,0.0,1.0,36,,,,,,,,,0,,False,,29.0,0.4714045207910317,0.0,1.0,3.0,0.0,0.0,0.0,C,30.0,0.0,Raw 5.000; source/category adjustment -0.053; posterior 4.838; uncertainty -0.000 (empirical_history); evidence -0.030; final 4.808.
b364794cc23b5887440eecdf,Air Fryer Sweet Potato Hash,allrecipes.com,allrecipes.com,https://www.allrecipes.com/recipe/266541/air-fryer-sweet-potato-hash/,4.9,20,-0.09393325178093598,4.77239873407813,4.993933251780937,4.837379125536621,0.0,empirical_history,0.030000000000000006,4.807379125536621,0.65,schema_only,Angela Sackett Superhotmama,Potatoes | Pork | Breakfast,,0.0,2026-08-19T00:34:06.688272+00:00,31,0.636647831007455,2.91070819942883,27,34,0.0,1.0,36,0.0,0.0,0.0,0.0,0.0,0.0,,,3,2026-08-19T00:34:06.688272+00:00,False,,31.0,0.0,0.0,1.0,3.0,0.0,0.0,0.0,C,31.0,0.0,Raw 4.900; source/category adjustment +0.094; posterior 4.837; uncertainty -0.000 (empirical_history); evidence -0.030; final 4.807.
4500e714068058a437207804,Air Fryer Scotch Eggs,allrecipes.com,allrecipes.com,https://www.allrecipes.com/recipe/270943/air-fryer-scotch-eggs/,4.8,55,-0.09393325178093598,4.761077057433891,4.893933251780936,4.837182881903773,0.0,empirical_history,0.030000000000000006,4.807182881903773,0.65,schema_only,France C,Pork | Breakfast,,0.0,2026-08-18T22:11:58.441699+00:00,32,0.6313122734182398,3.0368111930480994,26,33,0.0,1.0,36,,,,,,,,,0,,False,,32.0,0.0,0.0,1.0,3.0,0.0,0.0,0.0,B,32.0,0.0,Raw 4.800; source/category adjustment +0.094; posterior 4.837; uncertainty -0.000 (empirical_history); evidence -0.030; final 4.807.
e85a7c5b896a00fb9fb5a4b5,Air Fryer Lobster Tails with Lemon-Garlic Butter,allrecipes.com,allrecipes.com,https://www.allrecipes.com/recipe/276006/air-fryer-lobster-tails-with-lemon-garlic-butter/,4.8,55,-0.09393325178093598,4.774757475038895,4.893933251780936,4.837182881903773,0.0,empirical_history,0.030000000000000006,4.807182881903773,0.65,schema_only,Allrecipes Member,,,0.0,2026-08-18T22:11:58.441699+00:00,33,0.6357346804758592,3.0368111930480994,27,34,0.0,1.0,36,,,,,,,,,0,,False,,33.0,0.0,0.0,1.0,3.0,0.0,0.0,0.0,B,33.0,0.0,Raw 4.800; source/category adjustment +0.094; posterior 4.837; uncertainty -0.000 (empirical_history); evidence -0.030; final 4.807.
348f593302439c9c958a0f4f,Air Fryer Tofu,loveandlemons.com,loveandlemons.com,https://www.loveandlemons.com/air-fryer-tofu/,4.95,39,0.03562426953009911,4.774757475038895,4.914375730469901,4.835938508317651,0.0,empirical_history,0.030000000000000006,4.8059385083176505,0.65,schema_only,"Jeanine Donofrio, Phoebe Moore",,,0.0,2026-08-18T22:11:58.441699+00:00,34,0.8574793881508308,0.8975274678557507,33,35,0.0,1.0,36,,,,,,,,,0,,False,,34.0,0.0,0.0,1.0,3.0,0.0,0.0,0.0,C,34.0,0.0,Raw 4.950; source/category adjustment -0.036; posterior 4.836; uncertainty -0.000 (empirical_history); evidence -0.030; final 4.806.
6d3eb9359064a55fab35a63a,Air Fryer Turkey Breast,wellplated.com,wellplated.com,https://www.wellplated.com/air-fryer-turkey-breast/,4.96,23,-0.005312738771879698,4.783028426387997,4.96531273877188,4.834795434845177,0.0,empirical_history,0.030000000000000006,4.804795434845177,0.65,schema_only,,Vegetables,,0.0,2026-08-18T22:11:58.441699+00:00,35,0.6837346515868765,2.544056253745625,31,37,0.0,1.0,36,,,,,,,,,0,,False,,35.0,0.0,0.0,1.0,3.0,0.0,0.0,0.0,C,35.0,0.0,Raw 4.960; source/category adjustment +0.005; posterior 4.835; uncertainty -0.000 (empirical_history); evidence -0.030; final 4.805.
e67f6e357ad8df12a14074b9,Air Fryer Fish & Chips,spendwithpennies.com,spendwithpennies.com,https://www.spendwithpennies.com/air-fryer-fish-chips/,4.98,69,0.10301067989460772,4.767360723150314,4.876989320105393,4.834034763354763,0.0,empirical_history,0.030000000000000006,4.804034763354763,0.65,schema_only,,Potatoes | Desserts | Seafood | Breakfast | Snacks,,0.0,2026-08-18T22:11:58.441699+00:00,36,0.6719836107651681,2.733536577809454,31,39,0.0,1.0,36,,,,,,,,,0,,False,,36.0,0.0,0.0,1.0,3.0,0.0,0.0,0.0,B,36.0,0.0,Raw 4.980; source/category adjustment -0.103; posterior 4.834; uncertainty -0.000 (empirical_history); evidence -0.030; final 4.804.
8c91a478defcbda80e85016a,Garlic Butter Air Fryer Mushrooms,spendwithpennies.com,spendwithpennies.com,https://www.spendwithpennies.com/garlic-butter-air-fryer-mushrooms/,5.0,46,0.10301067989460772,4.783028426387997,4.8969893201053925,4.833326900799925,0.0,empirical_history,0.030000000000000006,4.803326900799925,0.65,schema_only,,Vegetables,,0.0,2026-08-18T22:11:58.441699+00:00,37,0.8747031367564249,0.816496580927726,35,37,0.0,1.0,36,,,,,,,,,0,,False,,37.0,0.0,0.0,1.0,3.0,0.0,0.0,0.0,C,37.0,0.0,Raw 5.000; source/category adjustment -0.103; posterior 4.833; uncertainty -0.000 (empirical_history); evidence -0.030; final 4.803.
8e3422c1a663cddcb685945d,Air Fryer Chicken Milanese with Mediterranean Salad,skinnytaste.com,skinnytaste.com,https://www.skinnytaste.com/air-fryer-chicken-milanese-with-mediterranean-salad/,5.0,26,0.057660045864427495,4.762901700481689,4.942339954135573,4.832088323150916,0.0,empirical_history,0.030000000000000006,4.802088323150916,0.65,schema_only,,Chicken | Breakfast,,0.0,2026-08-18T22:11:58.441699+00:00,38,0.8765968407992071,0.816496580927726,36,38,0.0,1.0,36,,,,,,,,,0,,False,,38.0,0.4714045207910317,0.0,1.0,3.0,0.0,0.0,0.0,C,38.0,0.0,Raw 5.000; source/category adjustment -0.058; posterior 4.832; uncertainty -0.000 (empirical_history); evidence -0.030; final 4.802.
f47a6b1248c1820d05a3c0e9,Air Fryer Chicken Wings (Lemon Pepper),downshiftology.com,downshiftology.com,https://downshiftology.com/recipes/air-fryer-chicken-wings/,5.0,27,0.06416115956762575,4.803035731606181,4.935838840432374,4.831240551215829,0.0,empirical_history,0.030000000000000006,4.8012405512158285,0.65,schema_only,Lisa Bryan,Chicken,,0.0,2026-08-18T22:11:58.441699+00:00,39,0.921875,0.5,38,39,0.0,1.0,36,,,,,,,,,0,,False,,38.0,0.4714045207910317,0.0,1.0,3.0,0.0,0.0,0.0,C,39.0,0.0,Raw 5.000; source/category adjustment -0.064; posterior 4.831; uncertainty -0.000 (empirical_history); evidence -0.030; final 4.801.
d5b74df4556eb5a335ee3788,Air Fryer Fried Shrimp Sandwich with Tartar Sauce,skinnytaste.com,skinnytaste.com,https://www.skinnytaste.com/air-fryer-shrimp-sandwich-with-tartar-sauce/,5.0,24,0.057660045864427495,4.787209638682999,4.942339954135573,4.8291085493405195,0.0,empirical_history,0.030000000000000006,4.799108549340519,0.65,schema_only,,Potatoes | Seafood | Breakfast,,0.0,2026-08-18T22:11:58.441699+00:00,40,0.897238621952904,0.6871842709362768,39,41,0.0,1.0,36,,,,,,,,,0,,False,,41.0,0.4714045207910317,0.0,1.0,3.0,0.0,0.0,0.0,C,41.0,1.0,Raw 5.000; source/category adjustment -0.058; posterior 4.829; uncertainty -0.000 (empirical_history); evidence -0.030; final 4.799.
d2c7be6e47bebb899be8d05d,Crispy Air Fryer Shrimp,spendwithpennies.com,spendwithpennies.com,https://www.spendwithpennies.com/crispy-air-fryer-shrimp/,5.0,40,0.10301067989460772,4.783293414341193,4.8969893201053925,4.829082739512893,0.0,empirical_history,0.030000000000000006,4.799082739512893,0.65,schema_only,,Seafood | Breakfast,,0.0,2026-08-18T22:11:58.441699+00:00,41,0.8591549295774649,1.0,38,41,0.0,1.0,36,,,,,,,,,0,,False,,40.0,0.0,0.0,1.0,3.0,0.0,0.0,0.0,C,40.0,-1.0,Raw 5.000; source/category adjustment -0.103; posterior 4.829; uncertainty -0.000 (empirical_history); evidence -0.030; final 4.799.
8dcd5791e18daf9afd82038f,Air Fryer Chimichangas,allrecipes.com,allrecipes.com,https://www.allrecipes.com/recipe/278702/air-fryer-chimichangas/,4.8,40,-0.09393325178093598,4.793032078997089,4.893933251780936,4.827724486924247,0.0,empirical_history,0.030000000000000006,4.797724486924246,0.65,schema_only,Yoly,Chicken | Vegetables,,0.0,2026-08-18T22:11:58.441699+00:00,42,0.8363288690742424,1.2133516482134197,41,44,0.0,1.0,36,,,,,,,,,0,,False,,41.0,0.4714045207910317,0.0,1.0,3.0,0.0,0.0,0.0,C,42.0,0.0,Raw 4.800; source/category adjustment +0.094; posterior 4.828; uncertainty -0.000 (empirical_history); evidence -0.030; final 4.798.
fb2cc7897d6c8732f5fa43a2,Air Fryer Beef Empanadas,skinnytaste.com,skinnytaste.com,https://www.skinnytaste.com/air-fryer-beef-empanadas/,4.95,39,0.057660045864427495,4.744717557379005,4.892339954135573,4.826282381609349,0.0,empirical_history,0.030000000000000006,4.796282381609349,0.65,schema_only,,Beef | Breakfast,,0.0,2026-08-18T22:11:58.441699+00:00,43,0.8209144460063673,1.3743685418725535,43,46,0.0,1.0,36,,,,,,,,,0,,False,,43.0,3.7712361663282534,0.0,1.0,3.0,0.0,0.0,0.0,C,43.0,0.0,Raw 4.950; source/category adjustment -0.058; posterior 4.826; uncertainty -0.000 (empirical_history); evidence -0.030; final 4.796.
48c1fd5c3de8b9ab64788bcd,Air Fryer Bang-Bang Chicken,allrecipes.com,allrecipes.com,https://www.allrecipes.com/recipe/273734/air-fryer-bang-bang-chicken/,4.8,38,-0.09393325178093598,4.793370173158749,4.893933251780936,4.826219742268412,0.0,empirical_history,0.030000000000000006,4.796219742268412,0.65,schema_only,Soup Loving Nicole,Chicken | Snacks,,0.0,2026-08-18T22:11:58.441699+00:00,44,0.9313961913660173,0.4714045207910317,44,45,0.0,1.0,36,,,,,,,,,0,,False,,43.0,0.816496580927726,0.0,1.0,3.0,0.0,0.0,0.0,C,44.0,0.0,Raw 4.800; source/category adjustment +0.094; posterior 4.826; uncertainty -0.000 (empirical_history); evidence -0.030; final 4.796.
6e20b1b26161ff0c802a8467,Air Fryer Pork Tenderloin,allrecipes.com,allrecipes.com,https://www.allrecipes.com/air-fryer-pork-tenderloin-recipe-7368416,4.8,37,-0.09393325178093598,4.801211088558382,4.893933251780936,4.825441426067119,0.0,empirical_history,0.030000000000000006,4.795441426067119,0.65,schema_only,Ita Mac Airt,Chicken | Pork,,0.0,2026-08-18T22:11:58.441699+00:00,45,0.8052197876046037,1.5723301886761005,45,49,0.0,1.0,36,,,,,,,,,0,,False,,46.0,0.4714045207910317,0.0,1.0,3.0,0.0,0.0,0.0,C,46.0,1.0,Raw 4.800; source/category adjustment +0.094; posterior 4.825; uncertainty -0.000 (empirical_history); evidence -0.030; final 4.795.
be09359880abf3d8b489a9a4,Air Fryer Baba Ganoush,allrecipes.com,allrecipes.com,https://www.allrecipes.com/recipe/275991/air-fryer-baba-ganoush/,4.9,15,-0.09393325178093598,4.752898047872597,4.993933251780937,4.825336500440905,0.0,empirical_history,0.030000000000000006,4.7953365004409045,0.65,schema_only,Allrecipes,Vegetables | Breakfast,,0.0,2026-08-19T00:34:06.688272+00:00,46,0.6419117607009784,3.681787005729087,42,50,0.0,1.0,36,0.0,0.0,0.0,0.0,0.0,0.0,,,3,2026-08-19T00:34:06.688272+00:00,False,,45.0,1.247219128924647,0.0,1.0,3.0,0.0,0.0,0.0,C,47.0,1.0,Raw 4.900; source/category adjustment +0.094; posterior 4.825; uncertainty -0.000 (empirical_history); evidence -0.030; final 4.795.
da42bcb6a14ccd7ab363b3ad,Air Fryer Lava Cakes Recipe,allrecipes.com,allrecipes.com,https://www.allrecipes.com/recipe/282687/air-fryer-lava-cakes/,4.9,15,-0.09393325178093598,4.732647456353257,4.993933251780937,4.825336500440905,0.0,empirical_history,0.030000000000000006,4.7953365004409045,0.65,schema_only,Yoly,Desserts | Breakfast | Snacks,,0.0,2026-08-19T00:34:06.688272+00:00,47,0.6453609572516438,3.681787005729087,43,51,0.0,0.8333333333333334,36,0.0,0.0,0.0,0.0,0.0,0.0,,,3,2026-08-19T00:34:06.688272+00:00,False,,46.0,1.247219128924647,0.0,1.0,3.0,0.0,0.0,0.0,C,48.0,1.0,Raw 4.900; source/category adjustment +0.094; posterior 4.825; uncertainty -0.000 (empirical_history); evidence -0.030; final 4.795.
f526aa7597fabe5f8dbc4ef7,Air Fryer Hamburgers,feelgoodfoodie.net,feelgoodfoodie.net,https://feelgoodfoodie.net/recipe/air-fryer-hamburgers/,5.0,28,0.08453302126560262,4.783026945455699,4.915466978734397,4.825268578929588,0.0,empirical_history,0.030000000000000006,4.795268578929588,0.65,schema_only,,Beef | Pork,,0.0,2026-08-18T22:11:58.441699+00:00,48,0.9315068493150686,0.5,47,48,0.0,1.0,36,,,,,,,,,0,,False,,44.0,0.4714045207910317,0.0,1.0,3.0,0.0,0.0,0.0,C,45.0,-3.0,Raw 5.000; source/category adjustment -0.085; posterior 4.825; uncertainty -0.000 (empirical_history); evidence -0.030; final 4.795.
a710ee2f1b80372e2fc75a12,Air Fryer Eggplant,spendwithpennies.com,spendwithpennies.com,https://www.spendwithpennies.com/air-fryer-eggplant/,4.98,48,0.10301067989460772,4.752898047872597,4.876989320105393,4.824830215479628,0.0,empirical_history,0.030000000000000006,4.794830215479628,0.65,schema_only,,Vegetables | Breakfast,,0.0,2026-08-18T22:11:58.441699+00:00,49,0.7136301038626829,2.7688746209726918,42,50,0.0,1.0,36,,,,,,,,,0,,False,,46.0,1.247219128924647,0.0,1.0,3.0,0.0,0.0,0.0,C,49.0,0.0,Raw 4.980; source/category adjustment -0.103; posterior 4.825; uncertainty -0.000 (empirical_history); evidence -0.030; final 4.795.
3ed8edd48449f5b79fb122af,Air Fryer Potatoes,loveandlemons.com,loveandlemons.com,https://www.loveandlemons.com/air-fryer-potatoes/,5.0,17,0.03562426953009911,4.7950420873666095,4.964375730469901,4.822869569700494,0.0,empirical_history,0.030000000000000006,4.7928695697004935,0.65,schema_only,"Jeanine Donofrio, Phoebe Moore",Potatoes,,0.0,2026-08-18T22:11:58.441699+00:00,50,0.6763312116366509,3.3499585403736303,49,56,0.0,0.5,36,,,,,,,,,0,,False,,49.0,0.4714045207910317,0.0,1.0,3.0,0.0,0.0,0.0,C,50.0,0.0,Raw 5.000; source/category adjustment -0.036; posterior 4.823; uncertainty -0.000 (empirical_history); evidence -0.030; final 4.793.
27da723fb99f921f52494b4f,Air Fryer Green Beans,spendwithpennies.com,airfryingfoodie.com | spendwithpennies.com,https://www.spendwithpennies.com/air-fryer-green-beans/,5.0,32,0.10301067989460772,4.783028426387997,4.8969893201053925,4.822457707259967,0.0,empirical_history,0.030000000000000006,4.792457707259967,0.65,schema_only,,Vegetables,bf917f3c8427b77f,0.806861088273804,2026-08-18T22:11:58.441699+00:00,51,0.9117544613011123,0.6871842709362768,51,53,0.0,0.0,36,,,,,,,,,0,,False,,51.0,0.9428090415820634,0.0,0.0,3.0,0.0,0.0,0.0,C,51.0,0.0,Raw 5.000; source/category adjustment -0.103; posterior 4.822; uncertainty -0.000 (empirical_history); evidence -0.030; final 4.792.
52389f67ca0a142acdf2b8cd,Air Fryer Salmon Bites (Lemon Garlic Butter),downshiftology.com,downshiftology.com,https://downshiftology.com/recipes/air-fryer-salmon-bites/,5.0,21,0.06416115956762575,4.813761887018254,4.935838840432374,4.82240125916936,0.0,empirical_history,0.030000000000000006,4.79240125916936,0.65,schema_only,Lisa Bryan,Seafood | Snacks,,0.0,2026-08-18T22:11:58.441699+00:00,52,0.7162131095036083,2.852873794770615,51,57,0.0,0.0,36,,,,,,,,,0,,False,,50.0,0.816496580927726,0.0,1.0,3.0,0.0,0.0,0.0,C,52.0,0.0,Raw 5.000; source/category adjustment -0.064; posterior 4.822; uncertainty -0.000 (empirical_history); evidence -0.030; final 4.792.
e7b3e3d0db674b1f2f7bead3,Easy Air Fryer Donuts,spendwithpennies.com,airfryingfoodie.com | spendwithpennies.com,https://www.spendwithpennies.com/easy-air-fryer-donuts/,4.98,43,0.10301067989460772,4.6914700849912565,4.876989320105393,4.822025962542758,0.0,empirical_history,0.030000000000000006,4.792025962542758,0.65,schema_only,,Desserts,abf0599c12f89d80,0.806042072097118,2026-08-18T22:11:58.441699+00:00,53,0.7803476672516008,2.0548046676563256,49,55,0.0,0.16666666666666666,36,,,,,,,,,0,,False,,54.0,0.4714045207910317,0.0,0.0,3.0,0.0,0.0,0.0,C,54.0,1.0,Raw 4.980; source/category adjustment -0.103; posterior 4.822; uncertainty -0.000 (empirical_history); evidence -0.030; final 4.792.
e3c6261700214640938ed0a4,Air Fryer Salmon,natashaskitchen.com,natashaskitchen.com,https://natashaskitchen.com/air-fryer-salmon/,4.95,38,0.06611594762002528,4.84381915932519,4.883884052379975,4.8218803152543614,0.0,empirical_history,0.030000000000000006,4.791880315254361,0.65,schema_only,,Seafood,,0.0,2026-08-18T22:11:58.441699+00:00,54,0.9401117653722543,0.4714045207910317,53,54,0.0,0.0,36,,,,,,,,,0,,False,,54.0,0.4714045207910317,0.0,0.0,3.0,0.0,0.0,0.0,C,55.0,1.0,Raw 4.950; source/category adjustment -0.066; posterior 4.822; uncertainty -0.000 (empirical_history); evidence -0.030; final 4.792.
9ffaea47454ddec58b1513a1,Air Fryer Chicken Breast,downshiftology.com,downshiftology.com,https://downshiftology.com/recipes/air-fryer-chicken-breast/,4.92,69,0.06416115956762575,4.803035731606181,4.855838840432374,4.821771039846879,0.0,empirical_history,0.030000000000000006,4.7917710398468785,0.65,schema_only,Lisa Bryan,Chicken,,0.0,2026-08-18T22:11:58.441699+00:00,55,0.5792976829120823,5.446711546122731,51,64,0.0,0.0,36,,,,,,,,,0,,False,,52.0,0.4714045207910317,0.0,0.0,3.0,0.0,0.0,0.0,B,53.0,-2.0,Raw 4.920; source/category adjustment -0.064; posterior 4.822; uncertainty -0.000 (empirical_history); evidence -0.030; final 4.792.
07b08fe5c339cf43116ca482,Air Fryer BBQ Baby Back Ribs,allrecipes.com,allrecipes.com,https://www.allrecipes.com/recipe/275255/air-fryer-bbq-baby-back-ribs/,4.8,32,-0.09393325178093598,4.799386445510584,4.893933251780936,4.8212650952309115,0.0,empirical_history,0.030000000000000006,4.791265095230911,0.65,schema_only,thedailygourmet,Pork,,0.0,2026-08-18T22:11:58.441699+00:00,56,0.7683529300927026,2.29128784747792,54,60,0.0,0.0,36,,,,,,,,,0,,False,,57.0,0.4714045207910317,0.0,0.0,3.0,0.0,0.0,0.0,C,57.0,1.0,Raw 4.800; source/category adjustment +0.094; posterior 4.821; uncertainty -0.000 (empirical_history); evidence -0.030; final 4.791.
3659c4ba52bc8ab72af39767,Air Fryer Falafel,feelgoodfoodie.net,feelgoodfoodie.net,https://feelgoodfoodie.net/recipe/air-fryer-falafel/,4.95,52,0.08453302126560262,4.774757475038895,4.865466978734397,4.821001535746406,0.0,empirical_history,0.030000000000000006,4.791001535746406,0.65,schema_only,,,,0.0,2026-08-18T22:11:58.441699+00:00,57,0.6438677583025362,4.258977446393546,55,65,0.0,0.0,36,,,,,,,,,0,,False,,56.0,0.0,0.0,0.0,3.0,0.0,0.0,0.0,B,56.0,-1.0,Raw 4.950; source/category adjustment -0.085; posterior 4.821; uncertainty -0.000 (empirical_history); evidence -0.030; final 4.791.
45263ade0f088bbd1da3a928,Air Fryer Brussel Sprouts,feelgoodfoodie.net,feelgoodfoodie.net,https://feelgoodfoodie.net/recipe/air-fryer-brussel-sprouts/,5.0,24,0.08453302126560262,4.783028426387997,4.915466978734397,4.82039298975095,0.0,empirical_history,0.030000000000000006,4.790392989750949,0.65,schema_only,,Vegetables,,0.0,2026-08-18T22:11:58.441699+00:00,58,0.7437482772915575,2.6874192494328497,56,62,0.0,0.0,36,,,,,,,,,0,,False,,59.0,0.0,0.0,0.0,3.0,0.0,0.0,0.0,C,59.0,1.0,Raw 5.000; source/category adjustment -0.085; posterior 4.820; uncertainty -0.000 (empirical_history); evidence -0.030; final 4.790.
0cf3705b4b78fabba1fed35a,Air Fryer Green Beans,feelgoodfoodie.net,feelgoodfoodie.net | thepioneerwoman.com,https://feelgoodfoodie.net/recipe/air-fryer-green-beans/,5.0,2723,0.08453302126560262,4.783028426387997,4.915466978734397,4.912929843795784,0.09305102152735632,theoretical_max_variance,0.030000000000000006,4.789878822268427,0.65,schema_only,,Vegetables,b4574e9cd3e04a6e,0.8155628551136365,2026-08-18T22:11:58.441699+00:00,59,0.4069127023597322,11.514483632943916,47,71,0.0,0.5,36,,,,,,,,,0,,False,,57.0,0.4714045207910317,0.0,0.0,3.0,0.0,0.0,0.0,B,58.0,-1.0,Raw 5.000; source/category adjustment -0.085; posterior 4.913; uncertainty -0.093 (theoretical_max_variance); evidence -0.030; final 4.790.
b29aa7ac5d968f2ce20b5ea3,Crispy Air Fryer Bacon,spendwithpennies.com,spendwithpennies.com,https://www.spendwithpennies.com/crispy-air-fryer-bacon/,5.0,29,0.10301067989460772,4.761077057433891,4.8969893201053925,4.8196273928481155,0.0,empirical_history,0.030000000000000006,4.789627392848115,0.65,schema_only,,Pork | Breakfast,,0.0,2026-08-18T22:11:58.441699+00:00,60,0.8240774730486308,1.707825127659933,57,62,0.0,0.0,36,,,,,,,,,0,,False,,60.0,0.0,0.0,0.0,3.0,0.0,0.0,0.0,C,60.0,0.0,Raw 5.000; source/category adjustment -0.103; posterior 4.820; uncertainty -0.000 (empirical_history); evidence -0.030; final 4.790.
37d6acdb4af6a6157a21fa8d,Air Fryer Stuffed Mushrooms,spendwithpennies.com,spendwithpennies.com,https://www.spendwithpennies.com/air-fryer-stuffed-mushrooms/,4.98,39,0.10301067989460772,4.768394180418593,4.876989320105393,4.819555699281517,0.0,empirical_history,0.030000000000000006,4.789555699281517,0.65,schema_only,,Vegetables | Pork | Breakfast,,0.0,2026-08-18T22:11:58.441699+00:00,61,0.7850848774308942,2.217355782608345,58,64,0.0,0.0,36,,,,,,,,,0,,False,,61.0,0.0,0.0,0.0,3.0,0.0,0.0,0.0,C,61.0,0.0,Raw 4.980; source/category adjustment -0.103; posterior 4.820; uncertainty -0.000 (empirical_history); evidence -0.030; final 4.790.
839f9cf7c685362b91a9304a,Air Fryer Chicken Tenders,spendwithpennies.com,spendwithpennies.com,https://www.spendwithpennies.com/air-fryer-chicken-tenders/,4.98,39,0.10301067989460772,4.762901700481689,4.876989320105393,4.819555699281517,0.0,empirical_history,0.030000000000000006,4.789555699281517,0.65,schema_only,,Chicken | Breakfast,,0.0,2026-08-18T22:11:58.441699+00:00,62,0.787147926126302,2.217355782608345,59,65,0.0,0.0,36,,,,,,,,,0,,False,,62.0,0.0,0.0,0.0,3.0,0.0,0.0,0.0,C,62.0,0.0,Raw 4.980; source/category adjustment -0.103; posterior 4.820; uncertainty -0.000 (empirical_history); evidence -0.030; final 4.790.
3177ca956f4802f0f8b13c4e,Air Fryer Taquitos,spendwithpennies.com,spendwithpennies.com,https://www.spendwithpennies.com/air-fryer-taquitos/,5.0,28,0.10301067989460772,4.784469263906104,4.8969893201053925,4.818635573267894,0.0,empirical_history,0.030000000000000006,4.788635573267894,0.65,schema_only,,Chicken | Beef | Snacks,,0.0,2026-08-18T22:11:58.441699+00:00,63,0.8778702155936086,1.1547005383792515,63,66,0.0,0.0,36,,,,,,,,,0,,False,,63.0,0.0,0.0,0.0,3.0,0.0,0.0,0.0,C,63.0,0.0,Raw 5.000; source/category adjustment -0.103; posterior 4.819; uncertainty -0.000 (empirical_history); evidence -0.030; final 4.789.
1a259f1f5ba8e0ff8bb7b0ed,Air Fryer Asparagus,loveandlemons.com,loveandlemons.com,https://www.loveandlemons.com/air-fryer-asparagus/,5.0,15,0.03562426953009911,4.783028426387997,4.964375730469901,4.818515533984511,0.0,empirical_history,0.030000000000000006,4.788515533984511,0.65,schema_only,"Jeanine Donofrio, Phoebe Moore",Vegetables,,0.0,2026-08-18T22:11:58.441699+00:00,64,0.7916251193930832,2.2110831935702664,59,65,0.0,0.0,36,,,,,,,,,0,,False,,64.0,0.9428090415820634,0.0,0.0,3.0,0.0,0.0,0.0,C,64.0,0.0,Raw 5.000; source/category adjustment -0.036; posterior 4.819; uncertainty -0.000 (empirical_history); evidence -0.030; final 4.789.
9fc59f77232f12263270e70a,Air Fryer Lemon Pepper Wings,allrecipes.com,allrecipes.com,https://www.allrecipes.com/recipe/8375342/air-fryer-lemon-pepper-wings/,5.0,12,-0.09393325178093598,4.803035731606181,5.0,4.818352802450722,0.0,empirical_history,0.030000000000000006,4.788352802450722,0.65,schema_only,Soup Loving Nicole,Chicken,,0.0,2026-08-19T00:34:06.688272+00:00,65,0.6610208259136953,4.358898943540674,57,67,0.0,0.0,36,0.0,0.0,0.0,0.0,0.0,0.0,,,3,2026-08-19T00:34:06.688272+00:00,False,,64.0,0.4714045207910317,0.0,0.0,3.0,0.0,0.0,0.0,C,65.0,0.0,Raw 5.000; source/category adjustment +0.094; posterior 4.818; uncertainty -0.000 (empirical_history); evidence -0.030; final 4.788.
b15c175abf8f06d1d090640d,Crispy Air Fryer Chicken Wings,therecipecritic.com,therecipecritic.com,https://therecipecritic.com/air-fryer-chicken-wings/,5.0,12,-0.022842017616082927,4.803035731606181,5.0,4.818352802450722,0.0,empirical_history,0.030000000000000006,4.788352802450722,0.65,schema_only,,Chicken,,0.0,2026-08-18T22:11:58.441699+00:00,66,0.663636628194145,4.358898943540674,58,68,0.0,0.0,36,,,,,,,,,0,,False,,65.0,0.4714045207910317,0.0,0.0,3.0,0.0,0.0,0.0,C,66.0,0.0,Raw 5.000; source/category adjustment +0.023; posterior 4.818; uncertainty -0.000 (empirical_history); evidence -0.030; final 4.788.
64fe7a35bf5285ad41ee8445,Air Fryer Broccoli (So Easy!),downshiftology.com,downshiftology.com,https://downshiftology.com/recipes/air-fryer-broccoli/,5.0,18,0.06416115956762575,4.783028426387997,4.935838840432374,4.8173966599959925,0.0,empirical_history,0.030000000000000006,4.787396659995992,0.65,schema_only,Lisa Bryan,Vegetables,,0.0,2026-08-18T22:11:58.441699+00:00,67,0.8861244532224062,1.118033988749895,66,69,0.0,0.0,36,,,,,,,,,0,,False,,67.0,0.0,0.0,0.0,3.0,0.0,0.0,0.0,C,67.0,0.0,Raw 5.000; source/category adjustment -0.064; posterior 4.817; uncertainty -0.000 (empirical_history); evidence -0.030; final 4.787.
1ac80f52a7069fd7527e16c3,Air Fryer Chicken Thigh Recipe,feelgoodfoodie.net,feelgoodfoodie.net,https://feelgoodfoodie.net/recipe/air-fryer-chicken-thighs/,4.97,31,0.08453302126560262,4.803035731606181,4.885466978734397,4.817127778922359,0.0,empirical_history,0.030000000000000006,4.7871277789223585,0.65,schema_only,,Chicken,,0.0,2026-08-18T22:11:58.441699+00:00,68,0.864063446189524,1.3844373104863459,65,69,0.0,0.0,36,,,,,,,,,0,,False,,68.0,0.0,0.0,0.0,3.0,0.0,0.0,0.0,C,68.0,0.0,Raw 4.970; source/category adjustment -0.085; posterior 4.817; uncertainty -0.000 (empirical_history); evidence -0.030; final 4.787.
a262c0d0504b76581445b1e7,Air Fryer Popcorn Chicken,skinnytaste.com,skinnytaste.com,https://www.skinnytaste.com/air-fryer-popcorn-chicken/,4.96,23,0.057660045864427495,4.762901700481689,4.902339954135573,4.814954694480313,0.0,empirical_history,0.030000000000000006,4.784954694480313,0.65,schema_only,,Chicken | Breakfast,,0.0,2026-08-18T22:11:58.441699+00:00,69,0.892929937706751,1.0671873729054748,68,71,0.0,0.0,36,,,,,,,,,0,,False,,69.0,1.8856180831641267,0.0,0.0,3.0,0.0,0.0,0.0,C,69.0,0.0,Raw 4.960; source/category adjustment -0.058; posterior 4.815; uncertainty -0.000 (empirical_history); evidence -0.030; final 4.785.
3dfe298b91779477bd246322,Bacon-Wrapped Stuffed Chicken Breasts in the Air Fryer,allrecipes.com,allrecipes.com,https://www.allrecipes.com/recipe/281404/bacon-wrapped-stuffed-chicken-breasts-in-the-air-fryer/,4.8,24,-0.09393325178093598,4.7770545682154895,4.893933251780936,4.8134090783065835,0.0,empirical_history,0.030000000000000006,4.783409078306583,0.65,schema_only,Bibi,Chicken | Vegetables | Pork | Breakfast,,0.0,2026-08-18T22:11:58.441699+00:00,70,0.916824034501873,0.816496580927726,71,73,0.0,0.0,36,,,,,,,,,0,,False,,71.0,0.4714045207910317,0.0,0.0,3.0,0.0,0.0,0.0,C,72.0,2.0,Raw 4.800; source/category adjustment +0.094; posterior 4.813; uncertainty -0.000 (empirical_history); evidence -0.030; final 4.783.
9de85b44b2d5e6d4532da5a3,Air Fryer Brussels Sprouts Recipe,natashaskitchen.com,natashaskitchen.com,https://natashaskitchen.com/air-fryer-brussels-sprouts/,4.96,24,0.06611594762002528,4.783028426387997,4.893884052379975,4.8133931217441095,0.0,empirical_history,0.030000000000000006,4.783393121744109,0.65,schema_only,,Vegetables,,0.0,2026-08-18T22:11:58.441699+00:00,71,0.9176627981198436,0.816496580927726,72,74,0.0,0.0,36,,,,,,,,,0,,False,,69.0,0.4714045207910317,0.0,0.0,3.0,0.0,0.0,0.0,C,70.0,-1.0,Raw 4.960; source/category adjustment -0.066; posterior 4.813; uncertainty -0.000 (empirical_history); evidence -0.030; final 4.783.
dd6f99f8eca965cf25075f5f,Air Fryer Asparagus,spendwithpennies.com,spendwithpennies.com,https://www.spendwithpennies.com/air-fryer-asparagus/,5.0,23,0.10301067989460772,4.783028426387997,4.8969893201053925,4.813268878279024,0.0,empirical_history,0.030000000000000006,4.783268878279023,0.65,schema_only,,Vegetables,,0.0,2026-08-18T22:11:58.441699+00:00,72,0.8116901202159572,2.1343747458109497,69,75,0.0,0.0,36,,,,,,,,,0,,False,,70.0,0.4714045207910317,0.0,0.0,3.0,0.0,0.0,0.0,C,71.0,-1.0,Raw 5.000; source/category adjustment -0.103; posterior 4.813; uncertainty -0.000 (empirical_history); evidence -0.030; final 4.783.
08a9882c6afb60c530d6f2ec,Air Fryer Chicken Legs,allrecipes.com,allrecipes.com,https://www.allrecipes.com/air-fryer-chicken-legs-recipe-8553696,4.8,23,-0.09393325178093598,4.803035731606181,4.893933251780936,4.812306007437072,0.0,empirical_history,0.030000000000000006,4.782306007437072,0.65,schema_only,Nicole Russell,Chicken,,0.0,2026-08-19T00:34:06.688272+00:00,73,0.8970610509370597,1.0671873729054748,74,77,0.0,0.0,36,0.0,0.0,0.0,0.0,0.0,0.0,,,3,2026-08-19T00:34:06.688272+00:00,False,,74.0,1.247219128924647,0.0,0.0,3.0,0.0,0.0,0.0,C,74.0,1.0,Raw 4.800; source/category adjustment +0.094; posterior 4.812; uncertainty -0.000 (empirical_history); evidence -0.030; final 4.782.
39d22471fccd8c9b8a590ad0,Lemon-Garlic Air Fryer Salmon,allrecipes.com,allrecipes.com,https://www.allrecipes.com/recipe/278090/lemon-garlic-air-fryer-salmon/,4.8,23,-0.09393325178093598,4.84381915932519,4.893933251780936,4.812306007437072,0.0,empirical_history,0.030000000000000006,4.782306007437072,0.65,schema_only,France Cevallos,Seafood,,0.0,2026-08-19T00:34:06.688272+00:00,74,0.8980444951556029,1.0671873729054748,75,78,0.0,0.0,36,0.0,0.0,0.0,0.0,0.0,0.0,,,3,2026-08-19T00:34:06.688272+00:00,False,,75.0,1.247219128924647,0.0,0.0,3.0,0.0,0.0,0.0,C,75.0,1.0,Raw 4.800; source/category adjustment +0.094; posterior 4.812; uncertainty -0.000 (empirical_history); evidence -0.030; final 4.782.
7c8f4748b48622508cd4deb6,Air Fryer Chicken Drumsticks,allrecipes.com,allrecipes.com,https://www.allrecipes.com/recipe/273998/cornflake-crusted-chicken-drumsticks-in-the-air-fryer/,4.8,23,-0.09393325178093598,4.762901700481689,4.893933251780936,4.812306007437072,0.0,empirical_history,0.030000000000000006,4.782306007437072,0.65,schema_only,Bren,Chicken | Breakfast,,0.0,2026-08-18T22:11:58.441699+00:00,75,0.8990093262052143,1.0671873729054748,76,79,0.0,0.0,36,,,,,,,,,0,,False,,76.0,1.247219128924647,0.0,0.0,3.0,0.0,0.0,0.0,C,76.0,1.0,Raw 4.800; source/category adjustment +0.094; posterior 4.812; uncertainty -0.000 (empirical_history); evidence -0.030; final 4.782.
a4946af9fcde17673f492550,Korean Air Fryer Chicken Wings,wellplated.com,wellplated.com,https://www.wellplated.com/korean-air-fryer-chicken-wings/,5.0,10,-0.005312738771879698,4.803035731606181,5.0,4.812297895865745,0.0,empirical_history,0.030000000000000006,4.782297895865745,0.65,schema_only,,Chicken,,0.0,2026-08-18T22:11:58.441699+00:00,76,0.6614697959425508,4.913134324327892,70,82,0.0,0.0,36,,,,,,,,,0,,False,,72.0,0.4714045207910317,0.0,0.0,3.0,0.0,0.0,0.0,C,73.0,-3.0,Raw 5.000; source/category adjustment +0.005; posterior 4.812; uncertainty -0.000 (empirical_history); evidence -0.030; final 4.782.
a095166c5861ea7b7ac54a21,Crispy Garlic Air Fryer Broccoli,spendwithpennies.com,spendwithpennies.com,https://www.spendwithpennies.com/crispy-garlic-air-fryer-broccoli/,5.0,22,0.10301067989460772,4.783366520549657,4.8969893201053925,4.812106094364768,0.0,empirical_history,0.030000000000000006,4.782106094364768,0.65,schema_only,,Vegetables | Snacks,,0.0,2026-08-18T22:11:58.441699+00:00,77,0.8077005620848295,2.309401076758503,74,80,0.0,0.0,36,,,,,,,,,0,,False,,74.0,1.4142135623730951,0.0,0.0,3.0,0.0,0.0,0.0,C,77.0,0.0,Raw 5.000; source/category adjustment -0.103; posterior 4.812; uncertainty -0.000 (empirical_history); evidence -0.030; final 4.782.
d1cd0a461a08c6ed4013bfa5,Air Fryer Bacon Wrapped Scallops,spendwithpennies.com,spendwithpennies.com,https://www.spendwithpennies.com/air-fryer-bacon-wrapped-scallops/,5.0,22,0.10301067989460772,4.788657758064324,4.8969893201053925,4.812106094364768,0.0,empirical_history,0.030000000000000006,4.782106094364768,0.65,schema_only,,Pork | Seafood | Breakfast,,0.0,2026-08-18T22:11:58.441699+00:00,78,0.8092885798298545,2.309401076758503,75,81,0.0,0.0,36,,,,,,,,,0,,False,,75.0,1.4142135623730951,0.0,0.0,3.0,0.0,0.0,0.0,C,78.0,0.0,Raw 5.000; source/category adjustment -0.103; posterior 4.812; uncertainty -0.000 (empirical_history); evidence -0.030; final 4.782.
83386f06590ce5ac6c94495c,Air Fryer Chicken Thighs,therecipecritic.com,therecipecritic.com,https://therecipecritic.com/air-fryer-chicken-thighs/,4.93,13,-0.022842017616082927,4.803035731606181,4.952842017616082,4.8115050790627585,0.0,empirical_history,0.030000000000000006,4.781505079062758,0.65,schema_only,,Chicken,,0.0,2026-08-18T22:11:58.441699+00:00,79,0.7497706421160629,3.304037933599835,74,83,0.0,0.0,36,,,,,,,,,0,,False,,79.0,0.4714045207910317,0.0,0.0,3.0,0.0,0.0,0.0,C,79.0,0.0,Raw 4.930; source/category adjustment +0.023; posterior 4.812; uncertainty -0.000 (empirical_history); evidence -0.030; final 4.782.
b1e4f22dfcbbaeda3aad4026,Air Fryer Meatballs,iheartnaptime.net,iheartnaptime.net,https://www.iheartnaptime.net/air-fryer-meatballs/,5.0,12,0.03754581235254189,4.762940520089532,4.962454187647458,4.8110858710276485,0.0,empirical_history,0.030000000000000006,4.781085871027648,0.65,schema_only,,Beef | Pork | Breakfast,,0.0,2026-08-18T22:11:58.441699+00:00,80,0.8791696842938508,1.3743685418725535,80,84,0.0,0.0,36,,,,,,,,,0,,False,,80.0,0.4714045207910317,0.0,0.0,3.0,0.0,0.0,0.0,C,80.0,0.0,Raw 5.000; source/category adjustment -0.038; posterior 4.811; uncertainty -0.000 (empirical_history); evidence -0.030; final 4.781.
a66107cdbfdeec0c776d00fd,Air Fryer Hard Boiled Eggs,feelgoodfoodie.net,airfryingfoodie.com | feelgoodfoodie.net,https://feelgoodfoodie.net/recipe/air-fryer-hard-boiled-eggs/,4.97,4331,0.08453302126560262,4.7227676693571965,4.885466978734397,4.884203460089162,0.07403029047480235,theoretical_max_variance,0.030000000000000006,4.7801731696143595,0.65,schema_only,,Breakfast,868fd4377db4a0cc,0.9226966354723708,2026-08-18T22:11:58.441699+00:00,81,0.4703694840366721,11.372481406154654,70,94,0.0,0.0,36,,,,,,,,,0,,False,,76.0,2.160246899469287,0.0,0.0,3.0,0.0,0.0,0.0,B,81.0,0.0,Raw 4.970; source/category adjustment -0.085; posterior 4.884; uncertainty -0.074 (theoretical_max_variance); evidence -0.030; final 4.780.
d1cbc6ba85ebc164b7fcd3e0,Air Fryer Eggplant,loveandlemons.com,loveandlemons.com,https://www.loveandlemons.com/air-fryer-eggplant/,4.87,72,0.03562426953009911,4.752898047872597,4.834375730469901,4.809942019227686,0.0,empirical_history,0.030000000000000006,4.779942019227685,0.65,schema_only,"Jeanine Donofrio, Phoebe Moore",Vegetables | Breakfast,,0.0,2026-08-18T22:11:58.441699+00:00,82,0.7378066317301432,3.624760528488591,79,88,0.0,0.0,36,,,,,,,,,0,,False,,82.0,0.0,0.0,0.0,3.0,0.0,0.0,0.0,B,82.0,0.0,Raw 4.870; source/category adjustment -0.036; posterior 4.810; uncertainty -0.000 (empirical_history); evidence -0.030; final 4.780.
01ea263ec482106181506fbd,Air-Fryer Turkey Stuffed Peppers,eatingwell.com,eatingwell.com,https://www.eatingwell.com/recipe/270287/air-fryer-turkey-stuffed-peppers/,5.0,9,-0.05839540647617436,4.774757475038895,5.0,4.809116504270249,0.0,empirical_history,0.030000000000000006,4.779116504270249,0.65,schema_only,Adam Hickman,,,0.0,2026-08-18T22:11:58.441699+00:00,83,0.8232700431001376,2.2110831935702664,81,87,0.0,0.0,36,,,,,,,,,0,,False,,83.0,0.0,0.0,0.0,3.0,0.0,0.0,0.0,C,83.0,0.0,Raw 5.000; source/category adjustment +0.058; posterior 4.809; uncertainty -0.000 (empirical_history); evidence -0.030; final 4.779.
f959158709c24a545702e151,Air Fryer Butternut Squash Home Fries,allrecipes.com,allrecipes.com,https://www.allrecipes.com/recipe/269234/air-fryer-butternut-squash-home-fries/,5.0,9,-0.09393325178093598,4.787258376155307,5.0,4.809116504270249,0.0,empirical_history,0.030000000000000006,4.779116504270249,0.65,schema_only,Bibi,Potatoes | Vegetables | Snacks,,0.0,2026-08-18T22:11:58.441699+00:00,84,0.8246714291205706,2.2110831935702664,82,88,0.0,0.0,36,,,,,,,,,0,,False,,84.0,0.0,0.0,0.0,3.0,0.0,0.0,0.0,C,84.0,0.0,Raw 5.000; source/category adjustment +0.094; posterior 4.809; uncertainty -0.000 (empirical_history); evidence -0.030; final 4.779.
1d36e06055132147a88f55c5,Air Fryer Fingerling Potatoes,allrecipes.com,allrecipes.com,https://www.allrecipes.com/recipe/277321/air-fryer-fingerling-potatoes/,4.8,20,-0.09393325178093598,4.7950420873666095,4.893933251780936,4.808807696965192,0.0,empirical_history,0.030000000000000006,4.778807696965192,0.65,schema_only,Soup Loving Nicole,Potatoes,,0.0,2026-08-18T22:11:58.441699+00:00,85,0.9077401153364895,1.0671873729054748,83,86,0.0,0.0,36,,,,,,,,,0,,False,,85.0,0.0,0.0,0.0,3.0,0.0,0.0,0.0,C,85.0,0.0,Raw 4.800; source/category adjustment +0.094; posterior 4.809; uncertainty -0.000 (empirical_history); evidence -0.030; final 4.779.
0143881474275f183f49645f,Air Fryer Chicken Thighs,kristineskitchenblog.com,kristineskitchenblog.com,https://kristineskitchenblog.com/air-fryer-chicken-thighs/,4.94,30,0.07454650890542386,4.803035731606181,4.865453491094576,4.808768481059776,0.0,empirical_history,0.030000000000000006,4.7787684810597755,0.65,schema_only,,Chicken,,0.0,2026-08-18T22:11:58.441699+00:00,86,0.9085308790545537,1.0671873729054748,83,86,0.0,0.0,36,,,,,,,,,0,,False,,86.0,0.0,0.0,0.0,3.0,0.0,0.0,0.0,C,86.0,0.0,Raw 4.940; source/category adjustment -0.075; posterior 4.809; uncertainty -0.000 (empirical_history); evidence -0.030; final 4.779.
8046033ca657d706da666179,Air Fryer Breakfast Banana Split,skinnytaste.com,skinnytaste.com,https://www.skinnytaste.com/air-fryer-breakfast-banana-split/,4.95,19,0.057660045864427495,4.707118877174226,4.892339954135573,4.807135259137979,0.0,empirical_history,0.030000000000000006,4.777135259137979,0.65,schema_only,,Desserts | Breakfast,,0.0,2026-08-18T22:11:58.441699+00:00,87,0.9190222017543327,0.9428090415820634,87,89,0.0,0.0,36,,,,,,,,,0,,False,,87.0,2.3570226039551585,0.0,0.0,3.0,0.0,0.0,0.0,C,87.0,0.0,Raw 4.950; source/category adjustment -0.058; posterior 4.807; uncertainty -0.000 (empirical_history); evidence -0.030; final 4.777.
72ccb83cd4672b038b84335c,Air Fryer Pizza,airfryingfoodie.com,airfryingfoodie.com,https://airfryingfoodie.com/air-fryer-pizza/,5.0,10,0.031006913164291352,4.774757475038895,4.968993086835709,4.807130077005031,0.0,empirical_history,0.030000000000000006,4.7771300770050305,0.65,schema_only,Jen,,,0.0,2026-08-19T00:34:06.688272+00:00,88,0.8300615590051008,2.2110831935702664,85,91,0.0,0.0,36,,,,,,,,,0,,False,,,,,,,,,,C,,,Raw 5.000; source/category adjustment -0.031; posterior 4.807; uncertainty -0.000 (empirical_history); evidence -0.030; final 4.777.
c4c40bca5c443a45004e27c5,Air Fryer Grilled Cheese,wellplated.com,wellplated.com,https://www.wellplated.com/air-fryer-grilled-cheese/,4.89,18,-0.005312738771879698,4.774757475038895,4.89531273877188,4.806669162497626,0.0,empirical_history,0.030000000000000006,4.776669162497626,0.65,schema_only,,,,0.0,2026-08-18T22:11:58.441699+00:00,89,0.8880293892770078,1.3743685418725535,88,92,0.0,0.0,36,,,,,,,,,0,,False,,87.0,0.4714045207910317,0.0,0.0,3.0,0.0,0.0,0.0,C,88.0,-1.0,Raw 4.890; source/category adjustment +0.005; posterior 4.807; uncertainty -0.000 (empirical_history); evidence -0.030; final 4.777.
6d65391b9aec04ae6671d5a4,Air Fryer Pork Chops,budgetbytes.com,budgetbytes.com,https://www.budgetbytes.com/air-fryer-pork-chops/,5.0,8,-0.02946317703434832,4.799386445510584,5.0,4.805825409516288,0.0,empirical_history,0.030000000000000006,4.775825409516288,0.65,schema_only,,Pork,,0.0,2026-08-18T22:11:58.441699+00:00,90,0.8826483642047488,1.4624940645653537,88,92,0.0,0.0,36,,,,,,,,,0,,False,,89.0,0.4714045207910317,0.0,0.0,3.0,0.0,0.0,0.0,C,89.0,-1.0,Raw 5.000; source/category adjustment +0.029; posterior 4.806; uncertainty -0.000 (empirical_history); evidence -0.030; final 4.776.
a1863aea69e86ea42e3a125a,How to Cook Frozen Meatballs in the Air Fryer,allrecipes.com,allrecipes.com,https://www.allrecipes.com/recipe/286360/how-to-cook-frozen-meatballs-in-the-air-fryer/,5.0,8,-0.09393325178093598,4.766667445400813,5.0,4.805825409516288,0.0,empirical_history,0.030000000000000006,4.775825409516288,0.65,schema_only,Soup Loving Nicole,Beef,,0.0,2026-08-19T00:34:06.688272+00:00,91,0.883582507020595,1.4624940645653537,89,93,0.0,0.0,36,0.0,0.0,0.0,0.0,0.0,0.0,,,3,2026-08-19T00:34:06.688272+00:00,False,,90.0,0.4714045207910317,0.0,0.0,3.0,0.0,0.0,0.0,C,90.0,-1.0,Raw 5.000; source/category adjustment +0.094; posterior 4.806; uncertainty -0.000 (empirical_history); evidence -0.030; final 4.776.
c742b8842e9e1d6208350fd5,Air Fryer Fish,delish.com,delish.com,https://www.delish.com/cooking/recipe-ideas/a28414646/air-fryer-fish-recipe/,4.736842,19,-0.15,4.783293414341193,4.886842000000001,4.8056213297383295,0.0,empirical_history,0.030000000000000006,4.775621329738329,0.65,schema_only,Lauren Miyashiro,Seafood | Breakfast,,0.0,2026-08-18T22:11:58.441699+00:00,92,0.18749680221001727,48.5343520955347,57,181,0.0,0.0,36,,,,,,,,,0,,False,,88.0,1.247219128924647,0.0,0.0,3.0,0.0,0.0,0.0,C,91.0,-1.0,Raw 4.737; source/category adjustment +0.150; posterior 4.806; uncertainty -0.000 (empirical_history); evidence -0.030; final 4.776.
c0b01af14d2ec521fbafdb85,Air Fryer Chicken Wings,delish.com,delish.com,https://www.delish.com/cooking/recipe-ideas/a27169627/air-fryer-chicken-wings-recipe/,4.75,16,-0.15,4.803035731606181,4.9,4.80511929927189,0.0,empirical_history,0.030000000000000006,4.77511929927189,0.65,schema_only,Lena Abraham,Chicken,,0.0,2026-08-18T22:11:58.441699+00:00,93,0.22066766277041544,39.9082280572148,67,167,0.0,0.0,36,,,,,,,,,0,,False,,91.0,0.4714045207910317,0.0,0.0,3.0,0.0,0.0,0.0,C,92.0,-1.0,Raw 4.750; source/category adjustment +0.150; posterior 4.805; uncertainty -0.000 (empirical_history); evidence -0.030; final 4.775.
5085c7db5a256e8cf8414857,Keto Air Fryer Jalapeño Poppers,allrecipes.com,allrecipes.com,https://www.allrecipes.com/recipe/277358/keto-air-fryer-jalapeno-poppers/,4.8,17,-0.09393325178093598,4.768394180418593,4.893933251780936,4.8049961049585175,0.0,empirical_history,0.030000000000000006,4.774996104958517,0.65,schema_only,France Cevallos,Vegetables | Pork | Breakfast,,0.0,2026-08-19T00:34:06.688272+00:00,94,0.914400310111264,1.0671873729054748,92,95,0.0,0.0,36,0.0,0.0,0.0,0.0,0.0,0.0,,,3,2026-08-19T00:34:06.688272+00:00,False,,93.0,0.4714045207910317,0.0,0.0,3.0,0.0,0.0,0.0,C,93.0,-1.0,Raw 4.800; source/category adjustment +0.094; posterior 4.805; uncertainty -0.000 (empirical_history); evidence -0.030; final 4.775.
5ac1901bc882ca762787b2de,Air Fryer Blueberry Crisp,allrecipes.com,allrecipes.com,https://www.allrecipes.com/recipe/284657/air-fryer-blueberry-crisp/,4.8,17,-0.09393325178093598,4.6914700849912565,4.893933251780936,4.8049961049585175,0.0,empirical_history,0.030000000000000006,4.774996104958517,0.65,schema_only,France Cevallos,Desserts,,0.0,2026-08-19T00:34:06.688272+00:00,95,0.9150814465290535,1.0671873729054748,93,96,0.0,0.0,36,0.0,0.0,0.0,0.0,0.0,0.0,,,3,2026-08-19T00:34:06.688272+00:00,False,,94.0,0.4714045207910317,0.0,0.0,3.0,0.0,0.0,0.0,C,94.0,-1.0,Raw 4.800; source/category adjustment +0.094; posterior 4.805; uncertainty -0.000 (empirical_history); evidence -0.030; final 4.775.
fecc9375a957e56a7368e2d5,Air-Fryer Fries,allrecipes.com,allrecipes.com,https://www.allrecipes.com/recipe/269889/air-fryer-fries/,4.8,17,-0.09393325178093598,4.787258376155307,4.893933251780936,4.8049961049585175,0.0,empirical_history,0.030000000000000006,4.774996104958517,0.65,schema_only,Juliana Hale,Potatoes | Vegetables | Snacks,,0.0,2026-08-18T22:11:58.441699+00:00,96,0.9157518286033931,1.0671873729054748,94,97,0.0,0.0,36,,,,,,,,,0,,False,,95.0,0.4714045207910317,0.0,0.0,3.0,0.0,0.0,0.0,C,95.0,-1.0,Raw 4.800; source/category adjustment +0.094; posterior 4.805; uncertainty -0.000 (empirical_history); evidence -0.030; final 4.775.
aaa077d2fe7ca64876a5356c,Air Fryer Italian Sausage,allrecipes.com,allrecipes.com,https://www.allrecipes.com/air-fryer-italian-sausage-recipe-7484704,4.9,8,-0.09393325178093598,4.799386445510584,4.993933251780937,4.804988616658487,0.0,empirical_history,0.030000000000000006,4.7749886166584865,0.65,schema_only,Nicole Russell,Pork,,0.0,2026-08-18T22:11:58.441699+00:00,97,0.822980920436419,2.516611478423583,91,97,0.0,0.0,36,,,,,,,,,0,,False,,93.0,1.4142135623730951,0.0,0.0,3.0,0.0,0.0,0.0,C,96.0,-1.0,Raw 4.900; source/category adjustment +0.094; posterior 4.805; uncertainty -0.000 (empirical_history); evidence -0.030; final 4.775.
5035d913d8fccb1858aab4c5,Air Fryer Salmon for One,allrecipes.com,allrecipes.com,https://www.allrecipes.com/recipe/280227/air-fryer-salmon-for-one/,4.8,16,-0.09393325178093598,4.84381915932519,4.893933251780936,4.803648572430904,0.0,empirical_history,0.030000000000000006,4.773648572430904,0.65,schema_only,thedailygourmet,Seafood,,0.0,2026-08-18T22:11:58.441699+00:00,98,0.9392090857508006,0.7637626158259734,97,99,0.0,0.0,36,,,,,,,,,0,,False,,98.0,0.816496580927726,0.0,0.0,3.0,0.0,0.0,0.0,C,98.0,0.0,Raw 4.800; source/category adjustment +0.094; posterior 4.804; uncertainty -0.000 (empirical_history); evidence -0.030; final 4.774.
ae1ab632f36b3c7aec541e34,Air Fryer Spaghetti Squash,allrecipes.com,allrecipes.com,https://www.allrecipes.com/recipe/282576/air-fryer-spaghetti-squash/,4.8,16,-0.09393325178093598,4.783028426387997,4.893933251780936,4.803648572430904,0.0,empirical_history,0.030000000000000006,4.773648572430904,0.65,schema_only,Soup Loving Nicole,Vegetables,,0.0,2026-08-19T00:34:06.688272+00:00,99,0.9396891240782186,0.7637626158259734,98,100,0.0,0.0,36,0.0,0.0,0.0,0.0,0.0,0.0,,,3,2026-08-19T00:34:06.688272+00:00,False,,99.0,0.816496580927726,0.0,0.0,3.0,0.0,0.0,0.0,C,99.0,0.0,Raw 4.800; source/category adjustment +0.094; posterior 4.804; uncertainty -0.000 (empirical_history); evidence -0.030; final 4.774.
e0b18245413eacb745a6e04b,Air Fryer Smashed Potatoes,allrecipes.com,allrecipes.com,https://www.allrecipes.com/air-fryer-smashed-potatoes-recipe-8644582,4.8,16,-0.09393325178093598,4.7950420873666095,4.893933251780936,4.803648572430904,0.0,empirical_history,0.030000000000000006,4.773648572430904,0.65,schema_only,Nicole Russell,Potatoes,,0.0,2026-08-19T00:34:06.688272+00:00,100,0.9401616405119464,0.7637626158259734,99,101,0.0,0.0,36,0.0,0.0,0.0,0.0,0.0,0.0,,,2,2026-08-19T00:34:06.688272+00:00,False,,100.0,0.816496580927726,0.0,0.0,3.0,0.0,0.0,0.0,C,100.0,0.0,Raw 4.800; source/category adjustment +0.094; posterior 4.804; uncertainty -0.000 (empirical_history); evidence -0.030; final 4.774.
5052476f9acfa9e343d00aaf,Air Fried Babybel Cheese,airfryingfoodie.com,airfryingfoodie.com,https://airfryingfoodie.com/air-fried-babybel-cheese/,4.89,26,0.031006913164291352,4.7227676693571965,4.858993086835708,4.80357492117991,0.0,empirical_history,0.030000000000000006,4.77357492117991,0.65,schema_only,Becky,Breakfast,,0.0,2026-08-19T00:34:06.688272+00:00,101,0.6355636378240459,6.938219432166216,96,112,0.0,0.0,36,0.0,0.0,0.0,0.0,0.0,0.0,,,3,2026-08-19T00:34:06.688272+00:00,False,,97.0,0.0,0.0,0.0,3.0,0.0,0.0,0.0,C,97.0,-4.0,Raw 4.890; source/category adjustment -0.031; posterior 4.804; uncertainty -0.000 (empirical_history); evidence -0.030; final 4.774.
2963b049c989232d86fb9d40,Air Fryer Whole Chicken,natashaskitchen.com,natashaskitchen.com,https://natashaskitchen.com/air-fryer-whole-chicken/,5.0,11,0.06611594762002528,4.803035731606181,4.933884052379975,4.803452431608598,0.0,empirical_history,0.030000000000000006,4.773452431608598,0.65,schema_only,,Chicken,,0.0,2026-08-18T22:11:58.441699+00:00,102,0.8418851470211671,2.29128784747792,96,102,0.0,0.0,36,,,,,,,,,0,,False,,98.0,1.247219128924647,0.0,0.0,3.0,0.0,0.0,0.0,C,101.0,-1.0,Raw 5.000; source/category adjustment -0.066; posterior 4.803; uncertainty -0.000 (empirical_history); evidence -0.030; final 4.773.
a2d39fc28047a02486fdcbbd,Air Fryer Egg Rolls,spendwithpennies.com,spendwithpennies.com,https://www.spendwithpennies.com/air-fryer-egg-rolls/,5.0,15,0.10301067989460772,4.768394180418593,4.8969893201053925,4.802964823900394,0.0,empirical_history,0.030000000000000006,4.772964823900394,0.65,schema_only,,Vegetables | Pork | Breakfast,,0.0,2026-08-18T22:11:58.441699+00:00,103,0.7011985052938415,5.241395064505463,97,111,0.0,0.0,36,,,,,,,,,0,,False,,102.0,0.4714045207910317,0.0,0.0,3.0,0.0,0.0,0.0,C,102.0,-1.0,Raw 5.000; source/category adjustment -0.103; posterior 4.803; uncertainty -0.000 (empirical_history); evidence -0.030; final 4.773.
2a65e0b1e093b6e4de4ac1e2,Air Fryer Cornflake Chicken Fingers,allrecipes.com,allrecipes.com,https://www.allrecipes.com/recipe/281147/air-fryer-cornflake-chicken-fingers/,5.0,7,-0.09393325178093598,4.762901700481689,5.0,4.802418837753415,0.0,empirical_history,0.030000000000000006,4.772418837753415,0.65,schema_only,Yoly,Chicken | Breakfast,,0.0,2026-08-18T22:11:58.441699+00:00,104,0.8874682914414377,1.5723301886761005,101,105,0.0,0.0,36,0.0,0.0,0.0,0.0,0.0,0.0,,,1,2026-08-18T22:11:58.441699+00:00,False,,103.0,0.4714045207910317,0.0,0.0,3.0,0.0,0.0,0.0,C,103.0,-1.0,Raw 5.000; source/category adjustment +0.094; posterior 4.802; uncertainty -0.000 (empirical_history); evidence -0.030; final 4.772.
3f95a994efcf007b1843c2ea,Air Fryer Orange Chicken,delish.com,delish.com,https://www.delish.com/cooking/recipe-ideas/a39818016/air-fryer-orange-chicken-recipe/,4.857143,7,-0.15,4.762901700481689,5.0,4.802418837753415,0.0,empirical_history,0.030000000000000006,4.772418837753415,0.65,schema_only,Laura Rege,Chicken | Breakfast,,0.0,2026-08-18T22:11:58.441699+00:00,105,0.4447265951544787,15.607156478145958,103,138,0.0,0.0,36,,,,,,,,,0,,False,,104.0,0.4714045207910317,0.0,0.0,3.0,0.0,0.0,0.0,C,104.0,-1.0,Raw 4.857; source/category adjustment +0.150; posterior 4.802; uncertainty -0.000 (empirical_history); evidence -0.030; final 4.772.
3fdb7261c7295926db78656b,Air Fryer Turkey Legs,allrecipes.com,allrecipes.com,https://www.allrecipes.com/recipe/8527077/air-fryer-turkey-legs/,5.0,7,-0.09393325178093598,4.774757475038895,5.0,4.802418837753415,0.0,empirical_history,0.030000000000000006,4.772418837753415,0.65,schema_only,Soup Loving Nicole,,,0.0,2026-08-18T22:11:58.441699+00:00,106,0.8767235551726881,1.7716909687891083,102,107,0.0,0.0,36,,,,,,,,,0,,False,,105.0,0.4714045207910317,0.0,0.0,3.0,0.0,0.0,0.0,C,105.0,-1.0,Raw 5.000; source/category adjustment +0.094; posterior 4.802; uncertainty -0.000 (empirical_history); evidence -0.030; final 4.772.
57748c95b2f698859f0a5f42,Air Fryer Asparagus,budgetbytes.com,budgetbytes.com,https://www.budgetbytes.com/air-fryer-asparagus/,5.0,7,-0.02946317703434832,4.783028426387997,5.0,4.802418837753415,0.0,empirical_history,0.030000000000000006,4.772418837753415,0.65,schema_only,,Vegetables,,0.0,2026-08-18T22:11:58.441699+00:00,107,0.8775754006487501,1.7716909687891083,103,108,0.0,0.0,36,,,,,,,,,0,,False,,106.0,0.4714045207910317,0.0,0.0,3.0,0.0,0.0,0.0,C,106.0,-1.0,Raw 5.000; source/category adjustment +0.029; posterior 4.802; uncertainty -0.000 (empirical_history); evidence -0.030; final 4.772.
5aa0c787ea34362a2bd3f089,Air Fryer Salmon Bites,wellplated.com,wellplated.com,https://www.wellplated.com/air-fryer-salmon-bites/,5.0,7,-0.005312738771879698,4.813761887018254,5.0,4.802418837753415,0.0,empirical_history,0.030000000000000006,4.772418837753415,0.65,schema_only,,Seafood | Snacks,,0.0,2026-08-18T22:11:58.441699+00:00,108,0.8784155543386236,1.7716909687891083,104,109,0.0,0.0,36,,,,,,,,,0,,False,,107.0,0.4714045207910317,0.0,0.0,3.0,0.0,0.0,0.0,C,107.0,-1.0,Raw 5.000; source/category adjustment +0.005; posterior 4.802; uncertainty -0.000 (empirical_history); evidence -0.030; final 4.772.
5e3029a3d3983f61ab6b7a7f,Air Fryer Chicken Parmesan,thepioneerwoman.com,thepioneerwoman.com,https://www.thepioneerwoman.com/food-cooking/recipes/a39476632/air-fryer-chicken-parmesan-recipe/,5.0,7,-0.15,4.762901700481689,5.0,4.802418837753415,0.0,empirical_history,0.030000000000000006,4.772418837753415,0.65,schema_only,Josh Miller,Chicken | Breakfast,,0.0,2026-08-18T22:11:58.441699+00:00,109,0.879244255310584,1.7716909687891083,105,110,0.0,0.0,36,,,,,,,,,0,,False,,108.0,0.4714045207910317,0.0,0.0,3.0,0.0,0.0,0.0,C,108.0,-1.0,Raw 5.000; source/category adjustment +0.150; posterior 4.802; uncertainty -0.000 (empirical_history); evidence -0.030; final 4.772.
a920de372ddf25a5074e5835,Air Fryer Sweet Potato Fries,budgetbytes.com,budgetbytes.com,https://www.budgetbytes.com/air-fryer-sweet-potato-fries/,5.0,7,-0.02946317703434832,4.789373351038963,5.0,4.802418837753415,0.0,empirical_history,0.030000000000000006,4.772418837753415,0.65,schema_only,,Potatoes | Snacks,,0.0,2026-08-18T22:11:58.441699+00:00,110,0.8800617361592191,1.7716909687891083,106,111,0.0,0.0,36,,,,,,,,,0,,False,,109.0,0.4714045207910317,0.0,0.0,3.0,0.0,0.0,0.0,C,109.0,-1.0,Raw 5.000; source/category adjustment +0.029; posterior 4.802; uncertainty -0.000 (empirical_history); evidence -0.030; final 4.772.
d32c3892f0b42363cd814942,Air Fryer Cauliflower Tacos,delish.com,delish.com,https://www.delish.com/cooking/recipe-ideas/a35787681/air-fryer-cauliflower-tacos-recipe/,5.0,7,-0.15,4.752734375363524,5.0,4.802418837753415,0.0,empirical_history,0.030000000000000006,4.772418837753415,0.65,schema_only,Makinze Gore,Vegetables | Desserts | Snacks,,0.0,2026-08-18T22:11:58.441699+00:00,111,0.880868223223081,1.7716909687891083,107,112,0.0,0.0,36,,,,,,,,,0,,False,,110.0,0.4714045207910317,0.0,0.0,3.0,0.0,0.0,0.0,C,110.0,-1.0,Raw 5.000; source/category adjustment +0.150; posterior 4.802; uncertainty -0.000 (empirical_history); evidence -0.030; final 4.772.
e1f2e108f8776b94e1319534,Air Fryer Brats,allrecipes.com,allrecipes.com,https://www.allrecipes.com/air-fryer-brats-recipe-7484109,5.0,7,-0.09393325178093598,4.799386445510584,5.0,4.802418837753415,0.0,empirical_history,0.030000000000000006,4.772418837753415,0.65,schema_only,Pat Bernitt,Pork,,0.0,2026-08-18T22:11:58.441699+00:00,112,0.8816639367936138,1.7716909687891083,108,113,0.0,0.0,36,0.0,0.0,0.0,0.0,0.0,0.0,,,1,2026-08-18T22:11:58.441699+00:00,False,,111.0,0.4714045207910317,0.0,0.0,3.0,0.0,0.0,0.0,C,111.0,-1.0,Raw 5.000; source/category adjustment +0.094; posterior 4.802; uncertainty -0.000 (empirical_history); evidence -0.030; final 4.772.
18e83b1d1b32dca12d625e1c,Air Fryer Chicken Nuggets,budgetbytes.com,budgetbytes.com,https://www.budgetbytes.com/air-fryer-chicken-nuggets/,4.91,10,-0.02946317703434832,4.793370173158749,4.939463177034349,4.80220842537147,0.0,empirical_history,0.030000000000000006,4.77220842537147,0.65,schema_only,,Chicken | Snacks,,0.0,2026-08-18T22:11:58.441699+00:00,113,0.9063422362638048,1.3743685418725535,110,114,0.0,0.0,36,,,,,,,,,0,,False,,98.0,6.599663291074443,0.0,0.0,3.0,0.0,0.0,0.0,C,112.0,-1.0,Raw 4.910; source/category adjustment +0.029; posterior 4.802; uncertainty -0.000 (empirical_history); evidence -0.030; final 4.772.
0bb993cb1ca58bc4b48ce0bb,Air Fryer Turkey Breast,allrecipes.com,allrecipes.com,https://www.allrecipes.com/recipe/275372/air-fryer-turkey-breast/,4.9,7,-0.09393325178093598,4.774757475038895,4.993933251780937,4.8016737984984434,0.0,empirical_history,0.030000000000000006,4.771673798498443,0.65,schema_only,Bibi,,,0.0,2026-08-18T22:11:58.441699+00:00,114,0.8855376029597702,1.7320508075688772,111,116,0.0,0.0,36,,,,,,,,,0,,False,,114.0,0.4714045207910317,0.0,0.0,3.0,0.0,0.0,0.0,C,114.0,0.0,Raw 4.900; source/category adjustment +0.094; posterior 4.802; uncertainty -0.000 (empirical_history); evidence -0.030; final 4.772.
4c3a3f66afbbf68db61f1ffa,Air Fryer Wiener Schnitzel,allrecipes.com,allrecipes.com,https://www.allrecipes.com/recipe/279163/air-fryer-wiener-schnitzel/,4.9,7,-0.09393325178093598,4.783293414341193,4.993933251780937,4.8016737984984434,0.0,empirical_history,0.030000000000000006,4.771673798498443,0.65,schema_only,Soup Loving Nicole,Seafood | Breakfast,,0.0,2026-08-18T22:11:58.441699+00:00,115,0.8862890605178251,1.7320508075688772,112,117,0.0,0.0,36,0.0,0.0,0.0,0.0,0.0,0.0,,,1,2026-08-18T22:11:58.441699+00:00,False,,115.0,0.4714045207910317,0.0,0.0,3.0,0.0,0.0,0.0,C,115.0,0.0,Raw 4.900; source/category adjustment +0.094; posterior 4.802; uncertainty -0.000 (empirical_history); evidence -0.030; final 4.772.
bcafaadbfa9d8fa2e347a739,Air Fryer Polenta Fries,allrecipes.com,allrecipes.com,https://www.allrecipes.com/recipe/278680/air-fryer-polenta-fries/,4.9,7,-0.09393325178093598,4.789373351038963,4.993933251780937,4.8016737984984434,0.0,empirical_history,0.030000000000000006,4.771673798498443,0.65,schema_only,Soup Loving Nicole,Potatoes | Snacks,,0.0,2026-08-18T22:11:58.441699+00:00,116,0.8870307156356522,1.7320508075688772,113,118,0.0,0.0,36,,,,,,,,,0,,False,,116.0,0.4714045207910317,0.0,0.0,3.0,0.0,0.0,0.0,C,116.0,0.0,Raw 4.900; source/category adjustment +0.094; posterior 4.802; uncertainty -0.000 (empirical_history); evidence -0.030; final 4.772.
c59a0ab74f32fffeaf8a57b3,Air Fryer Roasted Salsa,allrecipes.com,allrecipes.com,https://www.allrecipes.com/recipe/279922/air-fryer-roasted-salsa/,4.9,7,-0.09393325178093598,4.774757475038895,4.993933251780937,4.8016737984984434,0.0,empirical_history,0.030000000000000006,4.771673798498443,0.65,schema_only,France Cevallos,,,0.0,2026-08-18T22:11:58.441699+00:00,117,0.8877627588732816,1.7320508075688772,114,119,0.0,0.0,36,0.0,0.0,0.0,0.0,0.0,0.0,,,1,2026-08-18T22:11:58.441699+00:00,False,,117.0,0.4714045207910317,0.0,0.0,3.0,0.0,0.0,0.0,C,117.0,0.0,Raw 4.900; source/category adjustment +0.094; posterior 4.802; uncertainty -0.000 (empirical_history); evidence -0.030; final 4.772.
fe6eed2a70476df0f60df193,Air Fryer Banana Chips,airfryingfoodie.com,airfryingfoodie.com,https://airfryingfoodie.com/air-fryer-banana-chips/,5.0,8,0.031006913164291352,4.783704614711317,4.968993086835709,4.8015485939074205,0.0,empirical_history,0.030000000000000006,4.77154859390742,0.65,schema_only,Jen,Snacks,,0.0,2026-08-18T22:11:58.441699+00:00,118,0.9041772558024577,1.4624940645653537,116,120,0.0,0.0,36,0.0,0.0,0.0,0.0,0.0,0.0,,,1,2026-08-18T22:11:58.441699+00:00,False,,113.0,0.0,0.0,0.0,3.0,0.0,0.0,0.0,C,113.0,-5.0,Raw 5.000; source/category adjustment -0.031; posterior 4.802; uncertainty -0.000 (empirical_history); evidence -0.030; final 4.772.
eee02d3c3d088b690c35b291,Air Fryer Roasted Carrots,spendwithpennies.com,spendwithpennies.com,https://www.spendwithpennies.com/air-fryer-roasted-carrots/,5.0,14,0.10301067989460772,4.783028426387997,4.8969893201053925,4.801495691147191,0.0,empirical_history,0.030000000000000006,4.771495691147191,0.65,schema_only,,Vegetables,,0.0,2026-08-18T22:11:58.441699+00:00,119,0.7211474171790335,5.374838498865699,103,119,0.0,0.0,36,,,,,,,,,0,,False,,114.0,1.8856180831641267,0.0,0.0,3.0,0.0,0.0,0.0,C,118.0,-1.0,Raw 5.000; source/category adjustment -0.103; posterior 4.801; uncertainty -0.000 (empirical_history); evidence -0.030; final 4.771.
e8fa647d0d6d153f226b3bfc,Air Fryer Lava Cake,airfryingfoodie.com,airfryingfoodie.com,https://airfryingfoodie.com/air-fryer-lava-cake/,4.93,13,0.031006913164291352,4.707118877174226,4.898993086835708,4.800393394933475,0.0,empirical_history,0.030000000000000006,4.770393394933475,0.65,schema_only,Jen,Desserts | Breakfast,,0.0,2026-08-18T23:34:22.619805+00:00,120,0.9032258064516129,1.5,117,121,0.0,0.0,36,,,,,,,,,0,,False,,119.0,0.0,0.0,0.0,1.0,,,,C,119.0,-1.0,Raw 4.930; source/category adjustment -0.031; posterior 4.800; uncertainty -0.000 (empirical_history); evidence -0.030; final 4.770.
025cecc05f99435626a47cd2,Air Fryer Cauliflower,loveandlemons.com,loveandlemons.com,https://www.loveandlemons.com/air-fryer-cauliflower/,4.85,90,0.03562426953009911,4.752898047872597,4.814375730469901,4.800226353530256,0.0,empirical_history,0.030000000000000006,4.770226353530256,0.65,schema_only,"Jeanine Donofrio, Phoebe Moore",Vegetables | Breakfast,,0.0,2026-08-18T22:11:58.441699+00:00,121,0.4551884252752652,16.87618308609964,102,138,0.0,0.0,36,,,,,,,,,0,,False,,119.0,0.4714045207910317,0.0,0.0,3.0,0.0,0.0,0.0,B,120.0,-1.0,Raw 4.850; source/category adjustment -0.036; posterior 4.800; uncertainty -0.000 (empirical_history); evidence -0.030; final 4.770.
8d473d3ca0657c56a7f06c1f,Air Fryer Chicken Nuggets,kristineskitchenblog.com,kristineskitchenblog.com,https://kristineskitchenblog.com/air-fryer-chicken-nuggets/,5.0,10,0.07454650890542386,4.793370173158749,4.925453491094576,4.799873477714842,0.0,empirical_history,0.030000000000000006,4.7698734777148415,0.65,schema_only,,Chicken | Snacks,,0.0,2026-08-18T22:11:58.441699+00:00,122,0.9044585987261146,1.5,118,122,0.0,0.0,36,,,,,,,,,0,,False,,121.0,1.632993161855452,0.0,0.0,3.0,0.0,0.0,0.0,C,125.0,3.0,Raw 5.000; source/category adjustment -0.075; posterior 4.800; uncertainty -0.000 (empirical_history); evidence -0.030; final 4.770.
6028ede1ca9f5167865008b4,Air Fryer Burst Tomato Burrata Caprese Salad,skinnytaste.com,skinnytaste.com,https://www.skinnytaste.com/air-fryer-burst-tomato-burrata-caprese-salad/,4.94,15,0.057660045864427495,4.774757475038895,4.882339954135573,4.799584200984282,0.0,empirical_history,0.030000000000000006,4.769584200984282,0.65,schema_only,,,,0.0,2026-08-18T22:11:58.441699+00:00,123,0.7711954430489261,4.242640687119285,120,131,0.0,0.0,36,,,,,,,,,0,,False,,120.0,6.847546194724712,0.0,0.0,3.0,0.0,0.0,0.0,C,121.0,-2.0,Raw 4.940; source/category adjustment -0.058; posterior 4.800; uncertainty -0.000 (empirical_history); evidence -0.030; final 4.770.
957bbfb351dab984dfd8c552,Air Fryer Roasted Cauliflower Tacos,skinnytaste.com,skinnytaste.com,https://www.skinnytaste.com/air-fryer-roasted-cauliflower-tacos/,4.94,15,0.057660045864427495,4.737249255689626,4.882339954135573,4.799584200984282,0.0,empirical_history,0.030000000000000006,4.769584200984282,0.65,schema_only,,Vegetables | Desserts,,0.0,2026-08-18T22:11:58.441699+00:00,124,0.7724227614357958,4.242640687119285,121,132,0.0,0.0,36,,,,,,,,,0,,False,,121.0,6.847546194724712,0.0,0.0,3.0,0.0,0.0,0.0,C,122.0,-2.0,Raw 4.940; source/category adjustment -0.058; posterior 4.800; uncertainty -0.000 (empirical_history); evidence -0.030; final 4.770.
61018c93120d437a0f9d551b,Air Fryer Mac and Cheese Balls,allrecipes.com,allrecipes.com,https://www.allrecipes.com/recipe/277601/air-fryer-mac-and-cheese-balls/,4.8,13,-0.09393325178093598,4.7227676693571965,4.893933251780936,4.799349301985664,0.0,empirical_history,0.030000000000000006,4.769349301985664,0.65,schema_only,Yoly,Breakfast,,0.0,2026-08-18T22:11:58.441699+00:00,125,0.7736369832861917,4.242640687119285,122,133,0.0,0.0,36,,,,,,,,,0,,False,,122.0,0.9428090415820634,0.0,0.0,3.0,0.0,0.0,0.0,C,124.0,-1.0,Raw 4.800; source/category adjustment +0.094; posterior 4.799; uncertainty -0.000 (empirical_history); evidence -0.030; final 4.769.
90b5b33c48ca53c4fef95165,Air Fryer Cauliflower,downshiftology.com,downshiftology.com,https://downshiftology.com/recipes/air-fryer-cauliflower/,5.0,9,0.06416115956762575,4.783028426387997,4.935838840432374,4.799329208742984,0.0,empirical_history,0.030000000000000006,4.769329208742984,0.65,schema_only,Lisa Bryan,Vegetables,,0.0,2026-08-18T22:11:58.441699+00:00,126,0.8563306128372543,2.449489742783178,119,126,0.0,0.0,36,,,,,,,,,0,,False,,120.0,1.247219128924647,0.0,0.0,3.0,0.0,0.0,0.0,C,123.0,-3.0,Raw 5.000; source/category adjustment -0.064; posterior 4.799; uncertainty -0.000 (empirical_history); evidence -0.030; final 4.769.
3a0f803a9dbbe84d62a5bff3,Frozen Garlic Knots in the Air Fryer,allrecipes.com,allrecipes.com,https://www.allrecipes.com/recipe/285241/frozen-garlic-knots-in-the-air-fryer/,5.0,6,-0.09393325178093598,4.774757475038895,5.0,4.798890602713299,0.0,empirical_history,0.030000000000000006,4.768890602713299,0.65,schema_only,Rachel Leonhart,,,0.0,2026-08-18T22:11:58.441699+00:00,127,0.8340431149399603,2.9249881291307074,120,128,0.0,0.0,36,,,,,,,,,0,,False,,123.0,1.247219128924647,0.0,0.0,3.0,0.0,0.0,0.0,C,126.0,-1.0,Raw 5.000; source/category adjustment +0.094; posterior 4.799; uncertainty -0.000 (empirical_history); evidence -0.030; final 4.769.
435dc30497a2be565ce8da42,Air Fryer Egg Rolls,simplyrecipes.com,simplyrecipes.com,https://www.simplyrecipes.com/recipes/air_fryer_chinese_egg_rolls/,5.0,6,-0.11176739637550157,4.7770545682154895,5.0,4.798890602713299,0.0,empirical_history,0.030000000000000006,4.768890602713299,0.65,schema_only,Nick Evans,Chicken | Vegetables | Pork | Breakfast,,0.0,2026-08-18T22:11:58.441699+00:00,128,0.834979402647749,2.9249881291307074,121,129,0.0,0.0,36,,,,,,,,,0,,False,,124.0,1.247219128924647,0.0,0.0,3.0,0.0,0.0,0.0,C,127.0,-1.0,Raw 5.000; source/category adjustment +0.112; posterior 4.799; uncertainty -0.000 (empirical_history); evidence -0.030; final 4.769.
6e00eb04b425f308a06692a0,Air Fryer Stuffing Balls,allrecipes.com,allrecipes.com,https://www.allrecipes.com/recipe/276799/air-fryer-stuffing-balls/,5.0,6,-0.09393325178093598,4.762901700481689,5.0,4.798890602713299,0.0,empirical_history,0.030000000000000006,4.768890602713299,0.65,schema_only,Bren,Chicken | Breakfast,,0.0,2026-08-18T22:11:58.441699+00:00,129,0.8359051850166167,2.9249881291307074,122,130,0.0,0.0,36,,,,,,,,,0,,False,,125.0,1.247219128924647,0.0,0.0,3.0,0.0,0.0,0.0,C,128.0,-1.0,Raw 5.000; source/category adjustment +0.094; posterior 4.799; uncertainty -0.000 (empirical_history); evidence -0.030; final 4.769.
acb71b98f8a9b34dd44e999d,Air Fryer Garlic Herb Turkey Breast,delish.com,delish.com,https://www.delish.com/holiday-recipes/thanksgiving/a28638321/air-fryer-turkey-recipe/,5.0,6,-0.15,4.774757475038895,5.0,4.798890602713299,0.0,empirical_history,0.030000000000000006,4.768890602713299,0.65,schema_only,Makinze Gore,,,0.0,2026-08-18T22:11:58.441699+00:00,130,0.8368206378682518,2.9249881291307074,123,131,0.0,0.0,36,,,,,,,,,0,,False,,126.0,1.247219128924647,0.0,0.0,3.0,0.0,0.0,0.0,C,129.0,-1.0,Raw 5.000; source/category adjustment +0.150; posterior 4.799; uncertainty -0.000 (empirical_history); evidence -0.030; final 4.769.
b88817a6a7f4eb4464910a89,Air Fryer Chickpeas,budgetbytes.com,budgetbytes.com,https://www.budgetbytes.com/air-fryer-chickpeas/,5.0,6,-0.02946317703434832,4.774757475038895,5.0,4.798890602713299,0.0,empirical_history,0.030000000000000006,4.768890602713299,0.65,schema_only,,,,0.0,2026-08-18T22:11:58.441699+00:00,131,0.8377259331226106,2.9249881291307074,124,132,0.0,0.0,36,,,,,,,,,0,,False,,127.0,1.247219128924647,0.0,0.0,3.0,0.0,0.0,0.0,C,130.0,-1.0,Raw 5.000; source/category adjustment +0.029; posterior 4.799; uncertainty -0.000 (empirical_history); evidence -0.030; final 4.769.
c290e6ebf335191a29a64b6d,Air-Fryer Stuffed Chiles with Pork,eatingwell.com,eatingwell.com,https://www.eatingwell.com/recipe/8031087/air-fryer-stuffed-chiles-with-pork/,5.0,6,-0.05839540647617436,4.7887064955366325,5.0,4.798890602713299,0.0,empirical_history,0.030000000000000006,4.768890602713299,0.65,schema_only,Lauren Grant,Vegetables | Pork | Snacks,,0.0,2026-08-18T22:11:58.441699+00:00,132,0.838621238905551,2.9249881291307074,125,133,0.0,0.0,36,,,,,,,,,0,,False,,128.0,1.247219128924647,0.0,0.0,3.0,0.0,0.0,0.0,C,131.0,-1.0,Raw 5.000; source/category adjustment +0.058; posterior 4.799; uncertainty -0.000 (empirical_history); evidence -0.030; final 4.769.
ca886a442ce6e64aa6f5c1de,Air Fryer Potatoes,budgetbytes.com,budgetbytes.com,https://www.budgetbytes.com/air-fryer-potatoes/,5.0,6,-0.02946317703434832,4.7950420873666095,5.0,4.798890602713299,0.0,empirical_history,0.030000000000000006,4.768890602713299,0.65,schema_only,,Potatoes,,0.0,2026-08-18T22:11:58.441699+00:00,133,0.8395067196529239,2.9249881291307074,126,134,0.0,0.0,36,,,,,,,,,0,,False,,129.0,1.247219128924647,0.0,0.0,3.0,0.0,0.0,0.0,C,132.0,-1.0,Raw 5.000; source/category adjustment +0.029; posterior 4.799; uncertainty -0.000 (empirical_history); evidence -0.030; final 4.769.
e5e6bfcc6470f1533fcfbd78,Best Air Fryer Pork Tenderloin,allrecipes.com,allrecipes.com,https://www.allrecipes.com/best-air-fryer-pork-tenderloin-recipe-11895582,5.0,6,-0.09393325178093598,4.801211088558382,5.0,4.798890602713299,0.0,empirical_history,0.030000000000000006,4.768890602713299,0.65,schema_only,Nicole McLaughlin,Chicken | Pork,,0.0,2026-08-18T22:11:58.441699+00:00,134,0.8403825362112547,2.9249881291307074,127,135,0.0,0.0,36,0.0,0.0,0.0,0.0,0.0,0.0,,,1,2026-08-18T22:11:58.441699+00:00,False,,130.0,1.247219128924647,0.0,0.0,3.0,0.0,0.0,0.0,C,133.0,-1.0,Raw 5.000; source/category adjustment +0.094; posterior 4.799; uncertainty -0.000 (empirical_history); evidence -0.030; final 4.769.
58384e7960b873e5ec860297,Air Fryer Jerky,airfryingfoodie.com,airfryingfoodie.com,https://airfryingfoodie.com/air-fryer-jerky/,5.0,7,0.031006913164291352,4.766667445400813,4.968993086835709,4.798610971224468,0.0,empirical_history,0.030000000000000006,4.768610971224468,0.65,schema_only,Jen,Beef,,0.0,2026-08-18T23:34:22.619805+00:00,135,0.8635342966354781,2.449489742783178,131,138,0.0,0.0,36,,,,,,,,,0,,False,,135.0,0.0,0.0,0.0,1.0,,,,C,135.0,0.0,Raw 5.000; source/category adjustment -0.031; posterior 4.799; uncertainty -0.000 (empirical_history); evidence -0.030; final 4.769.
a3ddd13aa7853d6d198e1cf7,Air Fryer Grilled Cheese Sandwich,airfryingfoodie.com,airfryingfoodie.com,https://airfryingfoodie.com/air-fryer-grilled-cheese-sandwich/,5.0,7,0.031006913164291352,4.774757475038895,4.968993086835709,4.798610971224468,0.0,empirical_history,0.030000000000000006,4.768610971224468,0.65,schema_only,Becky,,,0.0,2026-08-18T21:44:52.082063+00:00,136,0.8642903606866466,2.449489742783178,132,139,0.0,0.0,36,,,,,,,,,0,,False,,131.0,1.247219128924647,0.0,0.0,3.0,,,,C,134.0,-2.0,Raw 5.000; source/category adjustment -0.031; posterior 4.799; uncertainty -0.000 (empirical_history); evidence -0.030; final 4.769.
1fcadbdfef8be4eee05088ca,Air Fryer Baked Potatoes,spendwithpennies.com,spendwithpennies.com,https://www.spendwithpennies.com/air-fryer-baked-potatoes/,5.0,12,0.10301067989460772,4.7950420873666095,4.8969893201053925,4.798415251503378,0.0,empirical_history,0.030000000000000006,4.768415251503378,0.65,schema_only,,Potatoes,,0.0,2026-08-18T22:11:58.441699+00:00,137,0.7734864705167748,4.597704741377907,124,137,0.0,0.0,36,,,,,,,,,0,,False,,132.0,1.632993161855452,0.0,0.0,3.0,0.0,0.0,0.0,C,136.0,-1.0,Raw 5.000; source/category adjustment -0.103; posterior 4.798; uncertainty -0.000 (empirical_history); evidence -0.030; final 4.768.
d0a65df73d8274650b53e4a2,Air Fryer Egg Rolls,therecipecritic.com,therecipecritic.com,https://therecipecritic.com/air-fryer-egg-rolls/,4.84,18,-0.022842017616082927,4.769610609117125,4.8628420176160825,4.798073971603444,0.0,empirical_history,0.030000000000000006,4.768073971603444,0.65,schema_only,,Chicken | Vegetables | Breakfast,,0.0,2026-08-18T22:11:58.441699+00:00,138,0.9012066057428306,1.7320508075688772,134,139,0.0,0.0,36,,,,,,,,,0,,False,,134.0,1.632993161855452,0.0,0.0,3.0,0.0,0.0,0.0,C,138.0,0.0,Raw 4.840; source/category adjustment +0.023; posterior 4.798; uncertainty -0.000 (empirical_history); evidence -0.030; final 4.768.
2f3682bde93f0f5a55a5a84c,Honey-Mustard Air Fryer Pork Chops,skinnytaste.com,skinnytaste.com,https://www.skinnytaste.com/honey-mustard-air-fryer-pork-chops/,4.89,34,0.057660045864427495,4.799386445510584,4.8323399541355725,4.798064668958979,0.0,empirical_history,0.030000000000000006,4.768064668958979,0.65,schema_only,,Pork,,0.0,2026-08-18T22:11:58.441699+00:00,139,0.707672499987889,6.568020165079344,125,140,0.0,0.0,36,,,,,,,,,0,,False,,135.0,7.118052168020874,0.0,0.0,3.0,0.0,0.0,0.0,C,137.0,-2.0,Raw 4.890; source/category adjustment -0.058; posterior 4.798; uncertainty -0.000 (empirical_history); evidence -0.030; final 4.768.
d2a471a05a2f83807708b05f,Air Fryer Green Beans,loveandlemons.com,loveandlemons.com,https://www.loveandlemons.com/air-fryer-green-beans/,5.0,7,0.03562426953009911,4.783028426387997,4.964375730469901,4.798043927460245,0.0,empirical_history,0.030000000000000006,4.768043927460245,0.65,schema_only,"Jeanine Donofrio, Phoebe Moore",Vegetables,,0.0,2026-08-18T22:11:58.441699+00:00,140,0.8794998498236507,2.1921577396609844,134,140,0.0,0.0,36,,,,,,,,,0,,False,,133.0,2.494438257849294,0.0,0.0,3.0,0.0,0.0,0.0,C,139.0,-1.0,Raw 5.000; source/category adjustment -0.036; posterior 4.798; uncertainty -0.000 (empirical_history); evidence -0.030; final 4.768.
b86a96e805f5b6c911beb100,Air Fryer Cornish Hen,allrecipes.com,allrecipes.com,https://www.allrecipes.com/recipe/284835/air-fryer-cornish-hen/,4.8,11,-0.09393325178093598,4.774757475038895,4.893933251780936,4.796248188877623,0.0,empirical_history,0.030000000000000006,4.766248188877623,0.65,schema_only,Soup Loving Nicole,,,0.0,2026-08-18T22:11:58.441699+00:00,141,0.944679950395399,0.9428090415820634,139,141,0.0,0.0,36,,,,,,,,,0,,False,,138.0,0.9428090415820634,0.0,0.0,3.0,0.0,0.0,0.0,C,140.0,-1.0,Raw 4.800; source/category adjustment +0.094; posterior 4.796; uncertainty -0.000 (empirical_history); evidence -0.030; final 4.766.
afa953530b267c6f444e727a,Air Fryer Baked Potato,loveandlemons.com,loveandlemons.com,https://www.loveandlemons.com/air-fryer-baked-potato/,4.92,12,0.03562426953009911,4.7950420873666095,4.884375730469901,4.7959739115739275,0.0,empirical_history,0.030000000000000006,4.765973911573927,0.65,schema_only,"Jeanine Donofrio, Phoebe Moore",Potatoes,,0.0,2026-08-18T22:11:58.441699+00:00,142,0.8584204991632025,2.6718699236468995,140,147,0.0,0.0,36,,,,,,,,,0,,False,,137.0,1.632993161855452,0.0,0.0,3.0,0.0,0.0,0.0,C,141.0,-1.0,Raw 4.920; source/category adjustment -0.036; posterior 4.796; uncertainty -0.000 (empirical_history); evidence -0.030; final 4.766.
59d6093b6c2225d239442cba,Air Fryer Pork Chops Recipe,therealfooddietitians.com,therealfooddietitians.com,https://therealfooddietitians.com/air-fryer-pork-chops/,5.0,7,0.05344443959910739,4.799386445510584,4.946555560400893,4.795855485521947,0.0,empirical_history,0.030000000000000006,4.765855485521946,0.65,schema_only,Molly Slama,Pork,,0.0,2026-08-18T22:11:58.441699+00:00,143,0.9385515138409578,1.0671873729054748,140,143,0.0,0.0,36,,,,,,,,,0,,False,,139.0,1.247219128924647,0.0,0.0,3.0,0.0,0.0,0.0,C,142.0,-1.0,Raw 5.000; source/category adjustment -0.053; posterior 4.796; uncertainty -0.000 (empirical_history); evidence -0.030; final 4.766.
698caad48431477e74931fb9,Air Fryer Cajun Shrimp,airfryingfoodie.com,airfryingfoodie.com,https://airfryingfoodie.com/air-fryer-cajun-shrimp/,5.0,6,0.031006913164291352,4.84381915932519,4.968993086835709,4.7955684334456965,0.0,empirical_history,0.030000000000000006,4.765568433445696,0.65,schema_only,Becky,Seafood,,0.0,2026-08-18T22:11:58.441699+00:00,144,0.9389033076635531,1.0671873729054748,141,144,0.0,0.0,36,0.0,0.0,0.0,0.0,0.0,0.0,,,1,2026-08-18T22:11:58.441699+00:00,False,,140.0,1.247219128924647,0.0,0.0,3.0,0.0,0.0,0.0,C,143.0,-1.0,Raw 5.000; source/category adjustment -0.031; posterior 4.796; uncertainty -0.000 (empirical_history); evidence -0.030; final 4.766.
69f30db3f3567d1ab5e36d92,Air Fryer BBQ Chicken Wings,airfryingfoodie.com,airfryingfoodie.com,https://airfryingfoodie.com/air-fryer-bbq-chicken-wings/,5.0,6,0.031006913164291352,4.803035731606181,4.968993086835709,4.7955684334456965,0.0,empirical_history,0.030000000000000006,4.765568433445696,0.65,schema_only,Jen,Chicken,,0.0,2026-08-18T22:11:58.441699+00:00,145,0.9392510963621052,1.0671873729054748,142,145,0.0,0.0,36,0.0,0.0,0.0,0.0,0.0,0.0,,,1,2026-08-18T22:11:58.441699+00:00,False,,141.0,1.247219128924647,0.0,0.0,3.0,0.0,0.0,0.0,C,144.0,-1.0,Raw 5.000; source/category adjustment -0.031; posterior 4.796; uncertainty -0.000 (empirical_history); evidence -0.030; final 4.766.
7047faaf74e17e07d92effdf,Air Fryer French Toast Sticks,airfryingfoodie.com,airfryingfoodie.com,https://airfryingfoodie.com/air-fryer-french-toast-sticks/,5.0,6,0.031006913164291352,4.707118877174226,4.968993086835709,4.7955684334456965,0.0,empirical_history,0.030000000000000006,4.765568433445696,0.65,schema_only,,Desserts | Breakfast,,0.0,2026-08-18T21:44:52.082063+00:00,146,0.9395949479461502,1.0671873729054748,143,146,0.0,0.0,36,,,,,,,,,0,,False,,142.0,1.247219128924647,0.0,0.0,3.0,,,,C,145.0,-1.0,Raw 5.000; source/category adjustment -0.031; posterior 4.796; uncertainty -0.000 (empirical_history); evidence -0.030; final 4.766.
9da796babaaef1e49db66cb4,Air Fryer Pecan Pie,airfryingfoodie.com,airfryingfoodie.com,https://airfryingfoodie.com/air-fryer-pecan-pie/,5.0,6,0.031006913164291352,4.7227676693571965,4.968993086835709,4.7955684334456965,0.0,empirical_history,0.030000000000000006,4.765568433445696,0.65,schema_only,Becky,Breakfast,,0.0,2026-08-19T00:34:06.688272+00:00,147,0.9399349288940967,1.0671873729054748,144,147,0.0,0.0,36,,,,,,,,,0,,False,,,,,,,,,,C,,,Raw 5.000; source/category adjustment -0.031; posterior 4.796; uncertainty -0.000 (empirical_history); evidence -0.030; final 4.766.
cabae7d35b0c2fc38ae9901f,Air Fryer Fried Pickles,therecipecritic.com,therecipecritic.com,https://therecipecritic.com/air-fryer-fried-pickles/,5.0,5,-0.022842017616082927,4.7227676693571965,5.0,4.795234068217177,0.0,empirical_history,0.030000000000000006,4.765234068217176,0.65,schema_only,,Breakfast,,0.0,2026-08-18T22:11:58.441699+00:00,148,0.9468624703465783,0.9428090415820634,146,148,0.0,0.0,36,,,,,,,,,0,,False,,143.0,1.247219128924647,0.0,0.0,3.0,0.0,0.0,0.0,C,146.0,-2.0,Raw 5.000; source/category adjustment +0.023; posterior 4.795; uncertainty -0.000 (empirical_history); evidence -0.030; final 4.765.
d7928f45157d985dad2f140e,Air Fryer Potatoes,wellplated.com,wellplated.com,https://www.wellplated.com/air-fryer-potatoes/,5.0,5,-0.005312738771879698,4.7950420873666095,5.0,4.795234068217177,0.0,empirical_history,0.030000000000000006,4.765234068217176,0.65,schema_only,,Potatoes,,0.0,2026-08-18T22:11:58.441699+00:00,149,0.9471602795622102,0.9428090415820634,147,149,0.0,0.0,36,,,,,,,,,0,,False,,144.0,1.247219128924647,0.0,0.0,3.0,0.0,0.0,0.0,C,147.0,-2.0,Raw 5.000; source/category adjustment +0.005; posterior 4.795; uncertainty -0.000 (empirical_history); evidence -0.030; final 4.765.
da6c028de5d2cf89a2b45114,Air Fryer French Fries,thepioneerwoman.com,thepioneerwoman.com,https://www.thepioneerwoman.com/food-cooking/recipes/a38698431/air-fryer-french-fries-recipe/,5.0,5,-0.15,4.789373351038963,5.0,4.795234068217177,0.0,empirical_history,0.030000000000000006,4.765234068217176,0.65,schema_only,Erin Merhar,Potatoes | Snacks,,0.0,2026-08-18T22:11:58.441699+00:00,150,0.9474547692394694,0.9428090415820634,148,150,0.0,0.0,36,,,,,,,,,0,,False,,145.0,1.247219128924647,0.0,0.0,3.0,0.0,0.0,0.0,C,148.0,-2.0,Raw 5.000; source/category adjustment +0.150; posterior 4.795; uncertainty -0.000 (empirical_history); evidence -0.030; final 4.765.
f8d8d229f7215ba40f0804ca,Air Fryer Cacio E Pepe Arancini,delish.com,delish.com,https://www.delish.com/cooking/recipe-ideas/a62366815/air-fryer-cacio-e-pepe-arancini-recipe/,5.0,5,-0.15,4.7227676693571965,5.0,4.795234068217177,0.0,empirical_history,0.030000000000000006,4.765234068217176,0.65,schema_only,Brooke Caison,Breakfast,,0.0,2026-08-18T22:11:58.441699+00:00,151,0.947745994572728,0.9428090415820634,149,151,0.0,0.0,36,,,,,,,,,0,,False,,146.0,1.247219128924647,0.0,0.0,3.0,0.0,0.0,0.0,C,149.0,-2.0,Raw 5.000; source/category adjustment +0.150; posterior 4.795; uncertainty -0.000 (empirical_history); evidence -0.030; final 4.765.
fa3db386329e01e64a2d791a,Air Fryer Cinnamon Toast,budgetbytes.com,budgetbytes.com,https://www.budgetbytes.com/air-fryer-cinnamon-toast/,5.0,5,-0.02946317703434832,4.707118877174226,5.0,4.795234068217177,0.0,empirical_history,0.030000000000000006,4.765234068217176,0.65,schema_only,,Desserts | Breakfast,,0.0,2026-08-18T22:11:58.441699+00:00,152,0.9480340095394705,0.9428090415820634,150,152,0.0,0.0,36,,,,,,,,,0,,False,,147.0,1.247219128924647,0.0,0.0,3.0,0.0,0.0,0.0,C,150.0,-2.0,Raw 5.000; source/category adjustment +0.029; posterior 4.795; uncertainty -0.000 (empirical_history); evidence -0.030; final 4.765.
0a8a86798520dfc53bed2ee2,Air Fryer Zucchini,loveandlemons.com,loveandlemons.com,https://www.loveandlemons.com/air-fryer-zucchini/,5.0,6,0.03562426953009911,4.783028426387997,4.964375730469901,4.795073716692217,0.0,empirical_history,0.030000000000000006,4.765073716692217,0.65,schema_only,"Jeanine Donofrio, Phoebe Moore",Vegetables,,0.0,2026-08-18T22:11:58.441699+00:00,153,0.9418970715962889,1.0671873729054748,151,154,0.0,0.0,36,,,,,,,,,0,,False,,148.0,1.247219128924647,0.0,0.0,3.0,0.0,0.0,0.0,C,151.0,-2.0,Raw 5.000; source/category adjustment -0.036; posterior 4.795; uncertainty -0.000 (empirical_history); evidence -0.030; final 4.765.
4891fedd2a776eab28f43ae8,Air Fryer Corn on the Cob,loveandlemons.com,loveandlemons.com,https://www.loveandlemons.com/air-fryer-corn-on-the-cob/,5.0,6,0.03562426953009911,4.774757475038895,4.964375730469901,4.795073716692217,0.0,empirical_history,0.030000000000000006,4.765073716692217,0.65,schema_only,"Jeanine Donofrio, Phoebe Moore",,,0.0,2026-08-18T22:11:58.441699+00:00,154,0.9422116995211073,1.0671873729054748,152,155,0.0,0.0,36,,,,,,,,,0,,False,,149.0,1.247219128924647,0.0,0.0,3.0,0.0,0.0,0.0,C,152.0,-2.0,Raw 5.000; source/category adjustment -0.036; posterior 4.795; uncertainty -0.000 (empirical_history); evidence -0.030; final 4.765.
0bf4cfcdeb77b7c1ea293071,Air Fryer Green Beans,downshiftology.com,downshiftology.com,https://downshiftology.com/recipes/air-fryer-green-beans/,4.93,14,0.06416115956762575,4.783028426387997,4.865838840432374,4.794681523718718,0.0,empirical_history,0.030000000000000006,4.764681523718718,0.65,schema_only,Lisa Bryan,Vegetables,,0.0,2026-08-18T22:11:58.441699+00:00,155,0.9271833365538278,1.3743685418725535,154,158,0.0,0.0,36,,,,,,,,,0,,False,,150.0,1.247219128924647,0.0,0.0,3.0,0.0,0.0,0.0,C,153.0,-2.0,Raw 4.930; source/category adjustment -0.064; posterior 4.795; uncertainty -0.000 (empirical_history); evidence -0.030; final 4.765.
eed1ff1a71a3af63d103df77,Air Fryer Seasoned Breakfast Potatoes,allrecipes.com,allrecipes.com,https://www.allrecipes.com/recipe/283232/air-fryer-seasoned-breakfast-potatoes/,4.8,10,-0.09393325178093598,4.7589048783619035,4.893933251780936,4.794620104495902,0.0,empirical_history,0.030000000000000006,4.764620104495902,0.65,schema_only,Soup Loving Nicole,Potatoes | Breakfast,,0.0,2026-08-18T22:11:58.441699+00:00,156,0.9491550045374558,0.9428090415820634,155,157,0.0,0.0,36,,,,,,,,,0,,False,,154.0,0.9428090415820634,0.0,0.0,3.0,0.0,0.0,0.0,C,156.0,0.0,Raw 4.800; source/category adjustment +0.094; posterior 4.795; uncertainty -0.000 (empirical_history); evidence -0.030; final 4.765.
5f986b64d1e7a09b0b367634,Air Fryer Brussels Sprouts,downshiftology.com,budgetbytes.com | downshiftology.com,https://downshiftology.com/recipes/air-fryer-brussels-sprouts/,5.0,7,0.06416115956762575,4.783028426387997,4.935838840432374,4.79453939710476,0.0,empirical_history,0.030000000000000006,4.76453939710476,0.65,schema_only,Lisa Bryan,Vegetables,0cb90d54493418ca,0.8091244904891304,2026-08-18T22:11:58.441699+00:00,157,0.9090119614352483,1.7716909687891083,153,158,0.0,0.0,36,,,,,,,,,0,,False,,152.0,0.9428090415820634,0.0,0.0,3.0,0.0,0.0,0.0,C,154.0,-3.0,Raw 5.000; source/category adjustment -0.064; posterior 4.795; uncertainty -0.000 (empirical_history); evidence -0.030; final 4.765.
ff10929662ab1d08c4a504e4,Air Fryer Whole Chicken (Super Easy),downshiftology.com,downshiftology.com,https://downshiftology.com/recipes/air-fryer-whole-chicken/,5.0,7,0.06416115956762575,4.803035731606181,4.935838840432374,4.79453939710476,0.0,empirical_history,0.030000000000000006,4.76453939710476,0.65,schema_only,Lisa Bryan,Chicken,,0.0,2026-08-18T22:11:58.441699+00:00,158,0.9094768575891364,1.7716909687891083,154,159,0.0,0.0,36,,,,,,,,,0,,False,,153.0,0.9428090415820634,0.0,0.0,3.0,0.0,0.0,0.0,C,155.0,-3.0,Raw 5.000; source/category adjustment -0.064; posterior 4.795; uncertainty -0.000 (empirical_history); evidence -0.030; final 4.765.
11c9fe38cb0514569933fe87,Air Fryer pork chops,airfryingfoodie.com,airfryingfoodie.com,https://airfryingfoodie.com/air-fryer-pork-chops/,4.86,28,0.031006913164291352,4.799386445510584,4.828993086835709,4.794226669017238,0.0,empirical_history,0.030000000000000006,4.764226669017238,0.65,schema_only,Jen,Pork,,0.0,2026-08-19T00:34:06.688272+00:00,159,0.8505720538623462,3.144660377352201,151,159,0.0,0.0,36,,,,,,,,,0,,False,,,,,,,,,,C,,,Raw 4.860; source/category adjustment -0.031; posterior 4.794; uncertainty -0.000 (empirical_history); evidence -0.030; final 4.764.
ffbd73035605d76cf2d24df7,Easy Air Fryer Tofu,allrecipes.com,allrecipes.com,https://www.allrecipes.com/recipe/286345/easy-air-fryer-tofu/,4.8,9,-0.09393325178093598,4.774757475038895,4.893933251780936,4.792936830813104,0.0,empirical_history,0.030000000000000006,4.7629368308131035,0.65,schema_only,Barbara Sauermann,,,0.0,2026-08-18T22:11:58.441699+00:00,160,0.9592958709048158,0.7637626158259734,158,160,0.0,0.0,36,0.0,0.0,0.0,0.0,0.0,0.0,,,1,2026-08-18T22:11:58.441699+00:00,False,,155.0,0.816496580927726,0.0,0.0,3.0,0.0,0.0,0.0,C,157.0,-3.0,Raw 4.800; source/category adjustment +0.094; posterior 4.793; uncertainty -0.000 (empirical_history); evidence -0.030; final 4.763.
0419a174d9b6632cedc86680,Air Fryer Cake,airfryingfoodie.com,airfryingfoodie.com,https://airfryingfoodie.com/air-fryer-cake/,5.0,5,0.031006913164291352,4.732422060245483,4.968993086835709,4.792415257929514,0.0,empirical_history,0.030000000000000006,4.762415257929514,0.65,schema_only,Becky,Vegetables | Desserts | Breakfast,,0.0,2026-08-18T22:11:58.441699+00:00,161,0.9595116503859518,0.7637626158259734,159,161,0.0,0.0,36,0.0,0.0,0.0,0.0,0.0,0.0,,,1,2026-08-18T22:11:58.441699+00:00,False,,156.0,0.816496580927726,0.0,0.0,3.0,0.0,0.0,0.0,C,158.0,-3.0,Raw 5.000; source/category adjustment -0.031; posterior 4.792; uncertainty -0.000 (empirical_history); evidence -0.030; final 4.762.
0a8696bdd8daf18676838f30,Air Fryer Honey Garlic Chicken Wings,airfryingfoodie.com,airfryingfoodie.com,https://airfryingfoodie.com/air-fryer-honey-garlic-chicken-wings/,5.0,5,0.031006913164291352,4.762901700481689,4.968993086835709,4.792415257929514,0.0,empirical_history,0.030000000000000006,4.762415257929514,0.65,schema_only,,Chicken | Breakfast,,0.0,2026-08-18T23:34:22.619805+00:00,162,0.9597251541638374,0.7637626158259734,160,162,0.0,0.0,36,,,,,,,,,0,,False,,164.0,0.0,0.0,0.0,1.0,,,,C,164.0,2.0,Raw 5.000; source/category adjustment -0.031; posterior 4.792; uncertainty -0.000 (empirical_history); evidence -0.030; final 4.762.
34f608b0cb4371771bf8661a,Air Fryer Grilled Pineapple,airfryingfoodie.com,airfryingfoodie.com,https://airfryingfoodie.com/air-fryer-grilled-pineapple/,5.0,5,0.031006913164291352,4.6914700849912565,4.968993086835709,4.792415257929514,0.0,empirical_history,0.030000000000000006,4.762415257929514,0.65,schema_only,Becky,Desserts,,0.0,2026-08-18T23:34:22.619805+00:00,163,0.9599364180504467,0.7637626158259734,161,163,0.0,0.0,36,,,,,,,,,0,,False,,163.0,0.0,0.0,0.0,1.0,,,,C,163.0,0.0,Raw 5.000; source/category adjustment -0.031; posterior 4.792; uncertainty -0.000 (empirical_history); evidence -0.030; final 4.762.
402d5f145e3ab05ab18235b2,Air Fryer DoubleTree Signature Cookie (Copycat),airfryingfoodie.com,airfryingfoodie.com,https://airfryingfoodie.com/air-fryer-doubletree-signature-cookies/,5.0,5,0.031006913164291352,4.732647456353257,4.968993086835709,4.792415257929514,0.0,empirical_history,0.030000000000000006,4.762415257929514,0.65,schema_only,Becky,Desserts | Breakfast | Snacks,,0.0,2026-08-18T21:44:52.082063+00:00,164,0.9601454771102603,0.7637626158259734,162,164,0.0,0.0,36,,,,,,,,,0,,False,,157.0,0.816496580927726,0.0,0.0,3.0,,,,C,159.0,-5.0,Raw 5.000; source/category adjustment -0.031; posterior 4.792; uncertainty -0.000 (empirical_history); evidence -0.030; final 4.762.
56cbe61861ab032c8387fd47,Air Fryer Empanadas,airfryingfoodie.com,airfryingfoodie.com,https://airfryingfoodie.com/air-fryer-empanadas/,5.0,5,0.031006913164291352,4.757487847048669,4.968993086835709,4.792415257929514,0.0,empirical_history,0.030000000000000006,4.762415257929514,0.65,schema_only,Becky,Vegetables | Beef | Breakfast,,0.0,2026-08-18T21:44:52.082063+00:00,165,0.9603523656796669,0.7637626158259734,163,165,0.0,0.0,36,,,,,,,,,0,,False,,158.0,0.816496580927726,0.0,0.0,3.0,,,,C,160.0,-5.0,Raw 5.000; source/category adjustment -0.031; posterior 4.792; uncertainty -0.000 (empirical_history); evidence -0.030; final 4.762.
7506bc83690acf521e36d875,Air Fryer Hot Dogs,airfryingfoodie.com,airfryingfoodie.com | delish.com,https://airfryingfoodie.com/air-fryer-hot-dogs/,5.0,5,0.031006913164291352,4.774757475038895,4.968993086835709,4.792415257929514,0.0,empirical_history,0.030000000000000006,4.762415257929514,0.65,schema_only,Becky,,75f2f876d2d5bbbb,0.8615582345545978,2026-08-18T23:34:22.619805+00:00,166,0.960557117385763,0.7637626158259734,164,166,0.0,0.0,36,,,,,,,,,0,,False,,161.0,0.0,0.0,0.0,1.0,,,,C,161.0,-5.0,Raw 5.000; source/category adjustment -0.031; posterior 4.792; uncertainty -0.000 (empirical_history); evidence -0.030; final 4.762.
8f44d24093ae7f50d56ffb9a,Air Fryer Lemon Pepper Wings,airfryingfoodie.com,airfryingfoodie.com,https://airfryingfoodie.com/air-fryer-lemon-pepper-wings/,5.0,5,0.031006913164291352,4.803035731606181,4.968993086835709,4.792415257929514,0.0,empirical_history,0.030000000000000006,4.762415257929514,0.65,schema_only,Jen,Chicken,,0.0,2026-08-18T23:34:22.619805+00:00,167,0.9607597651645752,0.7637626158259734,165,167,0.0,0.0,36,,,,,,,,,0,,False,,165.0,0.0,0.0,0.0,1.0,,,,C,165.0,-2.0,Raw 5.000; source/category adjustment -0.031; posterior 4.792; uncertainty -0.000 (empirical_history); evidence -0.030; final 4.762.
e2297b0325d255f425837214,Air Fryer Frozen Chicken Nuggets,airfryingfoodie.com,airfryingfoodie.com,https://airfryingfoodie.com/air-fryer-frozen-chicken-nuggets/,5.0,5,0.031006913164291352,4.793370173158749,4.968993086835709,4.792415257929514,0.0,empirical_history,0.030000000000000006,4.762415257929514,0.65,schema_only,,Chicken | Snacks,,0.0,2026-08-18T21:44:52.082063+00:00,168,0.9609603412787203,0.7637626158259734,166,168,0.0,0.0,36,,,,,,,,,0,,False,,159.0,1.247219128924647,0.0,0.0,3.0,,,,C,162.0,-6.0,Raw 5.000; source/category adjustment -0.031; posterior 4.792; uncertainty -0.000 (empirical_history); evidence -0.030; final 4.762.
d3e7cfbb19acbfa0612aa365,Air Fryer Grilled Cheese,loveandlemons.com,loveandlemons.com,https://www.loveandlemons.com/air-fryer-grilled-cheese/,5.0,5,0.03562426953009911,4.774757475038895,4.964375730469901,4.791995498259896,0.0,empirical_history,0.030000000000000006,4.761995498259895,0.65,schema_only,"Jeanine Donofrio, Phoebe Moore",,,0.0,2026-08-18T22:11:58.441699+00:00,169,0.9620594305959899,0.7453559924999299,168,170,0.0,0.0,36,,,,,,,,,0,,False,,160.0,2.449489742783178,0.0,0.0,3.0,0.0,0.0,0.0,C,166.0,-3.0,Raw 5.000; source/category adjustment -0.036; posterior 4.792; uncertainty -0.000 (empirical_history); evidence -0.030; final 4.762.
4a1579d3c8d751c6cfbf4ed0,Air Fryer Sweet Potato Cubes,iheartnaptime.net,iheartnaptime.net,https://www.iheartnaptime.net/air-fryer-sweet-potato-cubes/,5.0,5,0.03754581235254189,4.7950420873666095,4.962454187647458,4.791820812548764,0.0,empirical_history,0.030000000000000006,4.7618208125487635,0.65,schema_only,,Potatoes,,0.0,2026-08-18T22:11:58.441699+00:00,170,0.9622515799267916,0.7453559924999299,169,171,0.0,0.0,36,,,,,,,,,0,,False,,162.0,2.0548046676563256,0.0,0.0,3.0,0.0,0.0,0.0,C,167.0,-3.0,Raw 5.000; source/category adjustment -0.038; posterior 4.792; uncertainty -0.000 (empirical_history); evidence -0.030; final 4.762.
0adcec4d57573e2e4694e941,Air Fryer Carrots,downshiftology.com,downshiftology.com,https://downshiftology.com/recipes/air-fryer-carrots/,4.9,19,0.06416115956762575,4.783028426387997,4.835838840432374,4.791576981451591,0.0,empirical_history,0.030000000000000006,4.761576981451591,0.65,schema_only,Lisa Bryan,Vegetables,,0.0,2026-08-18T22:11:58.441699+00:00,171,0.7180451127819548,7.5,169,184,0.0,0.0,36,,,,,,,,,0,,False,,161.0,3.0912061651652345,0.0,0.0,3.0,0.0,0.0,0.0,C,168.0,-3.0,Raw 4.900; source/category adjustment -0.064; posterior 4.792; uncertainty -0.000 (empirical_history); evidence -0.030; final 4.762.
14226928d61568629afda8fc,Air Fryer Hamburgers,simplyrecipes.com,simplyrecipes.com,https://www.simplyrecipes.com/air-fryer-hamburgers-recipe-6361215,5.0,4,-0.11176739637550157,4.783026945455699,5.0,4.791442106517495,0.0,empirical_history,0.030000000000000006,4.761442106517495,0.65,schema_only,Nick Evans,Beef | Pork,,0.0,2026-08-18T22:11:58.441699+00:00,172,0.9626300983156075,0.7453559924999299,170,172,0.0,0.0,36,,,,,,,,,0,,False,,163.0,2.494438257849294,0.0,0.0,3.0,0.0,0.0,0.0,C,169.0,-3.0,Raw 5.000; source/category adjustment +0.112; posterior 4.791; uncertainty -0.000 (empirical_history); evidence -0.030; final 4.761.
1ccc403cc4ca7340a43f4da5,Air Fryer Garlic-Parmesan Chicken Skewers,delish.com,delish.com,https://www.delish.com/cooking/recipe-ideas/a61060136/air-fryer-garlic-parmesan-chicken-skewers-recipe/,5.0,4,-0.15,4.803035731606181,5.0,4.791442106517495,0.0,empirical_history,0.030000000000000006,4.761442106517495,0.65,schema_only,Olwen Phillips,Chicken,,0.0,2026-08-18T22:11:58.441699+00:00,173,0.9628165250455613,0.7453559924999299,171,173,0.0,0.0,36,,,,,,,,,0,,False,,164.0,2.494438257849294,0.0,0.0,3.0,0.0,0.0,0.0,C,170.0,-3.0,Raw 5.000; source/category adjustment +0.150; posterior 4.791; uncertainty -0.000 (empirical_history); evidence -0.030; final 4.761.
29d11afa687e8e14e0d3b18b,Air Fryer Lemon-Garlic Shrimp,delish.com,delish.com,https://www.delish.com/cooking/recipe-ideas/a39828406/air-fryer-lemon-shrimp-recipe/,5.0,4,-0.15,4.84381915932519,5.0,4.791442106517495,0.0,empirical_history,0.030000000000000006,4.761442106517495,0.65,schema_only,Laura Rege,Seafood,,0.0,2026-08-18T22:11:58.441699+00:00,174,0.9630011009595749,0.7453559924999299,172,174,0.0,0.0,36,,,,,,,,,0,,False,,165.0,2.494438257849294,0.0,0.0,3.0,0.0,0.0,0.0,C,171.0,-3.0,Raw 5.000; source/category adjustment +0.150; posterior 4.791; uncertainty -0.000 (empirical_history); evidence -0.030; final 4.761.
2ae95c7220614d99b4e169b9,Air Fryer Pork Chops,therecipecritic.com,therecipecritic.com,https://therecipecritic.com/air-fryer-pork-chops/,5.0,4,-0.022842017616082927,4.799386445510584,5.0,4.791442106517495,0.0,empirical_history,0.030000000000000006,4.761442106517495,0.65,schema_only,,Pork,,0.0,2026-08-18T22:11:58.441699+00:00,175,0.9631838534834334,0.7453559924999299,173,175,0.0,0.0,36,,,,,,,,,0,,False,,166.0,2.494438257849294,0.0,0.0,3.0,0.0,0.0,0.0,C,172.0,-3.0,Raw 5.000; source/category adjustment +0.023; posterior 4.791; uncertainty -0.000 (empirical_history); evidence -0.030; final 4.761.
5bc4972d5b61d1e2a12980fd,Air Fryer Chicken Wings,thepioneerwoman.com,thepioneerwoman.com,https://www.thepioneerwoman.com/food-cooking/recipes/a38666111/air-fryer-chicken-wings-recipe/,5.0,4,-0.15,4.793032078997089,5.0,4.791442106517495,0.0,empirical_history,0.030000000000000006,4.761442106517495,0.65,schema_only,Erin Merhar,Chicken | Vegetables,,0.0,2026-08-18T22:11:58.441699+00:00,176,0.9633648095037168,0.7453559924999299,174,176,0.0,0.0,36,,,,,,,,,0,,False,,167.0,2.494438257849294,0.0,0.0,3.0,0.0,0.0,0.0,C,173.0,-3.0,Raw 5.000; source/category adjustment +0.150; posterior 4.791; uncertainty -0.000 (empirical_history); evidence -0.030; final 4.761.
69adaaa787d3f082109e28f8,Air Fryer Turkey Meatloaf,delish.com,delish.com,https://www.delish.com/cooking/recipe-ideas/a39854157/air-fryer-turkey-meatloaf-recipe/,5.0,4,-0.15,4.7227676693571965,5.0,4.791442106517495,0.0,empirical_history,0.030000000000000006,4.761442106517495,0.65,schema_only,Laura Rege,Breakfast,,0.0,2026-08-18T22:11:58.441699+00:00,177,0.9635439953809877,0.7453559924999299,175,177,0.0,0.0,36,,,,,,,,,0,,False,,168.0,2.494438257849294,0.0,0.0,3.0,0.0,0.0,0.0,C,174.0,-3.0,Raw 5.000; source/category adjustment +0.150; posterior 4.791; uncertainty -0.000 (empirical_history); evidence -0.030; final 4.761.
6efb1736fea6e979574ca08c,Air Fryer Meatballs,delish.com,delish.com,https://www.delish.com/cooking/recipe-ideas/a35526108/air-fryer-meatballs-recipe/,5.0,4,-0.15,4.744717557379005,5.0,4.791442106517495,0.0,empirical_history,0.030000000000000006,4.761442106517495,0.65,schema_only,Makinze Gore,Beef | Breakfast,,0.0,2026-08-18T22:11:58.441699+00:00,178,0.9637214369625904,0.7453559924999299,176,178,0.0,0.0,36,,,,,,,,,0,,False,,169.0,2.494438257849294,0.0,0.0,3.0,0.0,0.0,0.0,C,175.0,-3.0,Raw 5.000; source/category adjustment +0.150; posterior 4.791; uncertainty -0.000 (empirical_history); evidence -0.030; final 4.761.
7ef9c63dbd131f39eafede37,Frozen Shrimp in the Air Fryer,allrecipes.com,allrecipes.com,https://www.allrecipes.com/recipe/286279/frozen-shrimp-in-the-air-fryer/,5.0,4,-0.09393325178093598,4.84381915932519,5.0,4.791442106517495,0.0,empirical_history,0.030000000000000006,4.761442106517495,0.65,schema_only,Bibi,Seafood,,0.0,2026-08-18T22:11:58.441699+00:00,179,0.9638971595950826,0.7453559924999299,177,179,0.0,0.0,36,0.0,0.0,0.0,0.0,0.0,0.0,,,1,2026-08-18T22:11:58.441699+00:00,False,,170.0,2.494438257849294,0.0,0.0,3.0,0.0,0.0,0.0,C,176.0,-3.0,Raw 5.000; source/category adjustment +0.094; posterior 4.791; uncertainty -0.000 (empirical_history); evidence -0.030; final 4.761.
b194fe4b5043230a9660e52a,Air-Fryer Garlic-Parmesan Chicken Skewers,eatingwell.com,eatingwell.com,https://www.eatingwell.com/air-fryer-garlic-parmesan-chicken-skewers-12008523,5.0,4,-0.05839540647617436,4.803035731606181,5.0,4.791442106517495,0.0,empirical_history,0.030000000000000006,4.761442106517495,0.65,schema_only,Isabelle Easter,Chicken,,0.0,2026-08-18T22:11:58.441699+00:00,180,0.9640711881363039,0.7453559924999299,178,180,0.0,0.0,36,,,,,,,,,0,,False,,171.0,2.494438257849294,0.0,0.0,3.0,0.0,0.0,0.0,C,177.0,-3.0,Raw 5.000; source/category adjustment +0.058; posterior 4.791; uncertainty -0.000 (empirical_history); evidence -0.030; final 4.761.
b841d2847c73dc7e5322575c,Air-Fryer Zucchini Fritters,eatingwell.com,eatingwell.com,https://www.eatingwell.com/recipe/7962354/air-fryer-zucchini-fritters/,5.0,4,-0.05839540647617436,4.752898047872597,5.0,4.791442106517495,0.0,empirical_history,0.030000000000000006,4.761442106517495,0.65,schema_only,Adam Dolge,Vegetables | Breakfast,,0.0,2026-08-18T22:11:58.441699+00:00,181,0.9642435469670989,0.7453559924999299,179,181,0.0,0.0,36,,,,,,,,,0,,False,,172.0,2.494438257849294,0.0,0.0,3.0,0.0,0.0,0.0,C,178.0,-3.0,Raw 5.000; source/category adjustment +0.058; posterior 4.791; uncertainty -0.000 (empirical_history); evidence -0.030; final 4.761.
fb2bf63cf8d7038d3e18bc86,Air-Fryer Salmon,eatingwell.com,eatingwell.com,https://www.eatingwell.com/recipe/7888942/air-fryer-salmon/,5.0,4,-0.05839540647617436,4.84381915932519,5.0,4.791442106517495,0.0,empirical_history,0.030000000000000006,4.761442106517495,0.65,schema_only,Megan Ginsberg,Seafood,,0.0,2026-08-18T22:11:58.441699+00:00,182,0.9644142600027029,0.7453559924999299,180,182,0.0,0.0,36,,,,,,,,,0,,False,,173.0,2.494438257849294,0.0,0.0,3.0,0.0,0.0,0.0,C,179.0,-3.0,Raw 5.000; source/category adjustment +0.058; posterior 4.791; uncertainty -0.000 (empirical_history); evidence -0.030; final 4.761.
5ab90c387c588230d40365e5,Air Fryer Tonkatsu,allrecipes.com,allrecipes.com,https://www.allrecipes.com/recipe/278809/air-fryer-tonkatsu/,4.8,8,-0.09393325178093598,4.761077057433891,4.893933251780936,4.79119551321021,0.0,empirical_history,0.030000000000000006,4.76119551321021,0.65,schema_only,Soup Loving Nicole,Pork | Breakfast,,0.0,2026-08-18T22:11:58.441699+00:00,183,0.9759615384615384,0.5,182,183,0.0,0.0,36,,,,,,,,,0,,False,,174.0,2.494438257849294,0.0,0.0,3.0,0.0,0.0,0.0,C,180.0,-3.0,Raw 4.800; source/category adjustment +0.094; posterior 4.791; uncertainty -0.000 (empirical_history); evidence -0.030; final 4.761.
9740d7f20cd68a94f1b2ece8,Spicy Air Fryer Wings,allrecipes.com,allrecipes.com,https://www.allrecipes.com/recipe/281637/spicy-air-fryer-wings/,4.8,8,-0.09393325178093598,4.803035731606181,4.893933251780936,4.79119551321021,0.0,empirical_history,0.030000000000000006,4.76119551321021,0.65,schema_only,Paul Tannos,Chicken,,0.0,2026-08-18T22:11:58.441699+00:00,184,0.9760765550239235,0.5,183,184,0.0,0.0,36,0.0,0.0,0.0,0.0,0.0,0.0,,,1,2026-08-18T22:11:58.441699+00:00,False,,175.0,2.494438257849294,0.0,0.0,3.0,0.0,0.0,0.0,C,181.0,-3.0,Raw 4.800; source/category adjustment +0.094; posterior 4.791; uncertainty -0.000 (empirical_history); evidence -0.030; final 4.761.
15c876ecd0842d1bf75e6ec6,Air Fryer Breaded Cubed Steak (bistec empanizado),skinnytaste.com,skinnytaste.com,https://www.skinnytaste.com/air-fryer-breaded-cubed-steak/,4.88,25,0.057660045864427495,4.744717557379005,4.822339954135573,4.790618301404454,0.0,empirical_history,0.030000000000000006,4.760618301404453,0.65,schema_only,,Beef | Breakfast,,0.0,2026-08-18T22:11:58.441699+00:00,185,0.9761904761904762,0.5,185,186,0.0,0.0,36,,,,,,,,,0,,False,,178.0,7.2571803523590805,0.0,0.0,3.0,0.0,0.0,0.0,C,182.0,-3.0,Raw 4.880; source/category adjustment -0.058; posterior 4.791; uncertainty -0.000 (empirical_history); evidence -0.030; final 4.761.
0ea83de45e5838d9144e8878,Air Fryer Chicken Thighs,budgetbytes.com,budgetbytes.com,https://www.budgetbytes.com/air-fryer-chicken-thighs/,4.8,20,-0.02946317703434832,4.803035731606181,4.829463177034349,4.790387675609025,0.0,empirical_history,0.030000000000000006,4.760387675609024,0.65,schema_only,,Chicken,,0.0,2026-08-18T22:11:58.441699+00:00,186,0.976303317535545,0.5,186,187,0.0,0.0,36,,,,,,,,,0,,False,,155.0,11.897712198383164,0.0,0.0,3.0,0.0,0.0,0.0,C,183.0,-3.0,Raw 4.800; source/category adjustment +0.029; posterior 4.790; uncertainty -0.000 (empirical_history); evidence -0.030; final 4.760.
a8d5dd31b00e1f4059ef5c2b,Air Fryer Salmon Recipe,therealfooddietitians.com,therealfooddietitians.com,https://therealfooddietitians.com/air-fryer-salmon/,5.0,5,0.05344443959910739,4.84381915932519,4.946555560400893,4.790375482799076,0.0,empirical_history,0.030000000000000006,4.760375482799076,0.65,schema_only,Jessie Shafer,Seafood,,0.0,2026-08-18T22:11:58.441699+00:00,187,0.9539170506912442,1.0,185,187,0.0,0.0,36,,,,,,,,,0,,False,,177.0,2.943920288775949,0.0,0.0,3.0,0.0,0.0,0.0,C,184.0,-3.0,Raw 5.000; source/category adjustment -0.053; posterior 4.790; uncertainty -0.000 (empirical_history); evidence -0.030; final 4.760.
2307fe8715aad102ffccbfec,Air Fryer Tostones,simplyrecipes.com,simplyrecipes.com,https://www.simplyrecipes.com/recipes/air_fryer_tostones/,4.8,6,-0.11176739637550157,4.783028426387997,4.9117673963755015,4.789437109467817,0.0,empirical_history,0.030000000000000006,4.759437109467817,0.65,schema_only,Marta Rivera,Vegetables,,0.0,2026-08-18T22:11:58.441699+00:00,188,0.7157685137535031,8.259674462242579,188,206,0.0,0.0,36,,,,,,,,,0,,False,,179.0,2.494438257849294,0.0,0.0,3.0,0.0,0.0,0.0,C,185.0,-3.0,Raw 4.800; source/category adjustment +0.112; posterior 4.789; uncertainty -0.000 (empirical_history); evidence -0.030; final 4.759.
ffe24a3d66c07d7383887159,Air Fryer Baked Potato,downshiftology.com,downshiftology.com,https://downshiftology.com/recipes/air-fryer-baked-potato/,5.0,5,0.06416115956762575,4.7950420873666095,4.935838840432374,4.789401235529211,0.0,empirical_history,0.030000000000000006,4.759401235529211,0.65,schema_only,Lisa Bryan,Potatoes,,0.0,2026-08-18T22:11:58.441699+00:00,189,0.9779422770116757,0.4714045207910317,188,189,0.0,0.0,36,,,,,,,,,0,,False,,178.0,3.39934634239519,0.0,0.0,3.0,0.0,0.0,0.0,C,186.0,-3.0,Raw 5.000; source/category adjustment -0.064; posterior 4.789; uncertainty -0.000 (empirical_history); evidence -0.030; final 4.759.
194ab47c5717ea708b5c0651,Air Fryer Green Bean Casserole,airfryingfoodie.com,airfryingfoodie.com,https://airfryingfoodie.com/air-fryer-green-bean-casserole/,5.0,4,0.031006913164291352,4.783028426387997,4.968993086835709,4.789145298134955,0.0,empirical_history,0.030000000000000006,4.759145298134955,0.65,schema_only,Becky,Vegetables,,0.0,2026-08-18T21:44:52.082063+00:00,190,0.9780450077061998,0.4714045207910317,189,190,0.0,0.0,36,,,,,,,,,0,,False,,180.0,2.943920288775949,0.0,0.0,3.0,,,,C,187.0,-3.0,Raw 5.000; source/category adjustment -0.031; posterior 4.789; uncertainty -0.000 (empirical_history); evidence -0.030; final 4.759.
3e0b2b5758fecd593bd4fb22,Air Fryer Fried Eggs,airfryingfoodie.com,airfryingfoodie.com,https://airfryingfoodie.com/air-fryer-fried-eggs/,5.0,4,0.031006913164291352,4.7227676693571965,4.968993086835709,4.789145298134955,0.0,empirical_history,0.030000000000000006,4.759145298134955,0.65,schema_only,Jen,Breakfast,,0.0,2026-08-18T21:44:52.082063+00:00,191,0.9781467859296469,0.4714045207910317,190,191,0.0,0.0,36,,,,,,,,,0,,False,,181.0,2.943920288775949,0.0,0.0,3.0,,,,C,188.0,-3.0,Raw 5.000; source/category adjustment -0.031; posterior 4.789; uncertainty -0.000 (empirical_history); evidence -0.030; final 4.759.
4e7adfba71646ae201654a21,Air Fryer Cornbread,airfryingfoodie.com,airfryingfoodie.com,https://airfryingfoodie.com/air-fryer-cornbread/,5.0,4,0.031006913164291352,4.7227676693571965,4.968993086835709,4.789145298134955,0.0,empirical_history,0.030000000000000006,4.759145298134955,0.65,schema_only,Becky,Breakfast,,0.0,2026-08-18T22:11:58.441699+00:00,192,0.9782476248671942,0.4714045207910317,191,192,0.0,0.0,36,0.0,0.0,0.0,0.0,0.0,0.0,,,1,2026-08-18T22:11:58.441699+00:00,False,,182.0,2.943920288775949,0.0,0.0,3.0,0.0,0.0,0.0,C,189.0,-3.0,Raw 5.000; source/category adjustment -0.031; posterior 4.789; uncertainty -0.000 (empirical_history); evidence -0.030; final 4.759.
56fa265571e7eceb2031cae4,Air Fryer Chicken Fajitas,airfryingfoodie.com,airfryingfoodie.com,https://airfryingfoodie.com/air-fryer-chicken-fajitas/,5.0,4,0.031006913164291352,4.803035731606181,4.968993086835709,4.789145298134955,0.0,empirical_history,0.030000000000000006,4.759145298134955,0.65,schema_only,,Chicken,,0.0,2026-08-18T22:11:58.441699+00:00,193,0.9783475374617722,0.4714045207910317,192,193,0.0,0.0,36,0.0,0.0,0.0,0.0,0.0,0.0,,,1,2026-08-18T22:11:58.441699+00:00,False,,183.0,2.943920288775949,0.0,0.0,3.0,0.0,0.0,0.0,C,190.0,-3.0,Raw 5.000; source/category adjustment -0.031; posterior 4.789; uncertainty -0.000 (empirical_history); evidence -0.030; final 4.759.
57db454d4f226681b952b8bf,Air Fryer Cinnamon Twists,airfryingfoodie.com,airfryingfoodie.com,https://airfryingfoodie.com/air-fryer-cinnamon-twists/,5.0,4,0.031006913164291352,4.6914700849912565,4.968993086835709,4.789145298134955,0.0,empirical_history,0.030000000000000006,4.759145298134955,0.65,schema_only,Becky,Desserts,,0.0,2026-08-18T22:11:58.441699+00:00,194,0.9784465364196016,0.4714045207910317,193,194,0.0,0.0,36,0.0,0.0,0.0,0.0,0.0,0.0,,,1,2026-08-18T22:11:58.441699+00:00,False,,184.0,2.943920288775949,0.0,0.0,3.0,0.0,0.0,0.0,C,191.0,-3.0,Raw 5.000; source/category adjustment -0.031; posterior 4.789; uncertainty -0.000 (empirical_history); evidence -0.030; final 4.759.
6d01b5a8f662a13f408082af,Air Fryer Chicken Thighs,airfryingfoodie.com,airfryingfoodie.com,https://airfryingfoodie.com/air-fryer-chicken-thighs/,5.0,4,0.031006913164291352,4.803035731606181,4.968993086835709,4.789145298134955,0.0,empirical_history,0.030000000000000006,4.759145298134955,0.65,schema_only,Jen,Chicken,,0.0,2026-08-18T22:11:58.441699+00:00,195,0.97854463421558,0.4714045207910317,194,195,0.0,0.0,36,0.0,0.0,0.0,0.0,0.0,0.0,,,1,2026-08-18T22:11:58.441699+00:00,False,,185.0,2.943920288775949,0.0,0.0,3.0,0.0,0.0,0.0,C,192.0,-3.0,Raw 5.000; source/category adjustment -0.031; posterior 4.789; uncertainty -0.000 (empirical_history); evidence -0.030; final 4.759.
737c6ffdfdb795d7a92bb566,Air Fryer Ham and Cheese Sliders,airfryingfoodie.com,airfryingfoodie.com,https://airfryingfoodie.com/air-fryer-ham-and-cheese-sliders/,5.0,4,0.031006913164291352,4.799386445510584,4.968993086835709,4.789145298134955,0.0,empirical_history,0.030000000000000006,4.759145298134955,0.65,schema_only,Becky,Pork,,0.0,2026-08-18T23:34:22.619805+00:00,196,0.9786418430985226,0.4714045207910317,195,196,0.0,0.0,36,,,,,,,,,0,,False,,197.0,0.0,0.0,0.0,1.0,,,,C,197.0,1.0,Raw 5.000; source/category adjustment -0.031; posterior 4.789; uncertainty -0.000 (empirical_history); evidence -0.030; final 4.759.
9697d54fe1087cfa0938eb03,Air Fryer Hasselback Potatoes,airfryingfoodie.com,airfryingfoodie.com,https://airfryingfoodie.com/air-fryer-hasselback-potatoes/,5.0,4,0.031006913164291352,4.7950420873666095,4.968993086835709,4.789145298134955,0.0,empirical_history,0.030000000000000006,4.759145298134955,0.65,schema_only,Jen,Potatoes,,0.0,2026-08-18T23:34:22.619805+00:00,197,0.9787381750962607,0.4714045207910317,196,197,0.0,0.0,36,,,,,,,,,0,,False,,198.0,0.0,0.0,0.0,1.0,,,,C,198.0,1.0,Raw 5.000; source/category adjustment -0.031; posterior 4.789; uncertainty -0.000 (empirical_history); evidence -0.030; final 4.759.
a92af27a5aa6e9cc0c946c4c,Air Fryer Chocolate Bundt Cake,airfryingfoodie.com,airfryingfoodie.com,https://airfryingfoodie.com/air-fryer-chocolate-bundt-cake/,5.0,4,0.031006913164291352,4.707118877174226,4.968993086835709,4.789145298134955,0.0,empirical_history,0.030000000000000006,4.759145298134955,0.65,schema_only,Jen,Desserts | Breakfast,,0.0,2026-08-18T22:11:58.441699+00:00,198,0.9788336420206026,0.4714045207910317,197,198,0.0,0.0,36,0.0,0.0,0.0,0.0,0.0,0.0,,,1,2026-08-18T22:11:58.441699+00:00,False,,186.0,2.943920288775949,0.0,0.0,3.0,0.0,0.0,0.0,C,193.0,-5.0,Raw 5.000; source/category adjustment -0.031; posterior 4.789; uncertainty -0.000 (empirical_history); evidence -0.030; final 4.759.
acc3191a91311e2586e87cea,Air Fryer Chicken Breast,airfryingfoodie.com,airfryingfoodie.com,https://airfryingfoodie.com/air-fryer-chicken-breast/,5.0,4,0.031006913164291352,4.803035731606181,4.968993086835709,4.789145298134955,0.0,empirical_history,0.030000000000000006,4.759145298134955,0.65,schema_only,Becky,Chicken,,0.0,2026-08-18T22:11:58.441699+00:00,199,0.9789282554721619,0.4714045207910317,198,199,0.0,0.0,36,0.0,0.0,0.0,0.0,0.0,0.0,,,1,2026-08-18T22:11:58.441699+00:00,False,,187.0,2.943920288775949,0.0,0.0,3.0,0.0,0.0,0.0,C,194.0,-5.0,Raw 5.000; source/category adjustment -0.031; posterior 4.789; uncertainty -0.000 (empirical_history); evidence -0.030; final 4.759.
b8ab7afefa4d1f6532719979,Air Fryer Mac and Cheese,airfryingfoodie.com,airfryingfoodie.com,https://airfryingfoodie.com/air-fryer-mac-and-cheese/,5.0,4,0.031006913164291352,4.7227676693571965,4.968993086835709,4.789145298134955,0.0,empirical_history,0.030000000000000006,4.759145298134955,0.65,schema_only,Jen,Breakfast,,0.0,2026-08-18T23:34:22.619805+00:00,200,0.9790220268450565,0.4714045207910317,199,200,0.0,0.0,36,,,,,,,,,0,,False,,199.0,0.0,0.0,0.0,1.0,,,,C,199.0,-1.0,Raw 5.000; source/category adjustment -0.031; posterior 4.789; uncertainty -0.000 (empirical_history); evidence -0.030; final 4.759.
d12f1cacfd51b7805f274e15,Chocolate Chip Cookie Cheesecake,airfryingfoodie.com,airfryingfoodie.com,https://airfryingfoodie.com/air-fryer-chocolate-chip-cookie-cheesecake/,5.0,4,0.031006913164291352,4.732647456353257,4.968993086835709,4.789145298134955,0.0,empirical_history,0.030000000000000006,4.759145298134955,0.65,schema_only,Becky,Desserts | Breakfast | Snacks,,0.0,2026-08-18T22:11:58.441699+00:00,201,0.979114967331483,0.4714045207910317,200,201,0.0,0.0,36,0.0,0.0,0.0,0.0,0.0,0.0,,,1,2026-08-18T22:11:58.441699+00:00,False,,188.0,2.943920288775949,0.0,0.0,3.0,0.0,0.0,0.0,C,195.0,-6.0,Raw 5.000; source/category adjustment -0.031; posterior 4.789; uncertainty -0.000 (empirical_history); evidence -0.030; final 4.759.
d1eaa45f9adbd6ce3bf194c0,Air Fryer Deviled Eggs,airfryingfoodie.com,airfryingfoodie.com,https://airfryingfoodie.com/air-fryer-deviled-eggs/,5.0,4,0.031006913164291352,4.7227676693571965,4.968993086835709,4.789145298134955,0.0,empirical_history,0.030000000000000006,4.759145298134955,0.65,schema_only,Jen,Breakfast,,0.0,2026-08-18T21:44:52.082063+00:00,202,0.9792070879261704,0.4714045207910317,201,202,0.0,0.0,36,,,,,,,,,0,,False,,189.0,2.943920288775949,0.0,0.0,3.0,,,,C,196.0,-6.0,Raw 5.000; source/category adjustment -0.031; posterior 4.789; uncertainty -0.000 (empirical_history); evidence -0.030; final 4.759.
3321067eb4836e440c3017d4,Air Fryer Pumpkin Pie,airfryingfoodie.com,airfryingfoodie.com,https://airfryingfoodie.com/air-fryer-pumpkin-pie/,5.0,4,0.031006913164291352,4.707118877174226,4.968993086835709,4.789145298134955,0.0,empirical_history,0.030000000000000006,4.759145298134955,0.65,schema_only,Becky,Desserts | Breakfast,,0.0,2026-08-19T00:34:06.688272+00:00,203,0.9792983994307147,0.4714045207910317,202,203,0.0,0.0,36,,,,,,,,,0,,False,,,,,,,,,,C,,,Raw 5.000; source/category adjustment -0.031; posterior 4.789; uncertainty -0.000 (empirical_history); evidence -0.030; final 4.759.
189c3df839ab49787c18ee91,Air Fryer Bacon-Burger Bites,skinnytaste.com,skinnytaste.com,https://www.skinnytaste.com/air-fryer-burger-bites/,4.91,11,0.057660045864427495,4.768131543744977,4.852339954135573,4.788747758154689,0.0,empirical_history,0.030000000000000006,4.758747758154689,0.65,schema_only,,Beef | Pork | Breakfast | Snacks,,0.0,2026-08-18T22:11:58.441699+00:00,204,0.952966767762699,1.1055415967851332,203,206,0.0,0.0,36,,,,,,,,,0,,False,,192.0,4.0,0.0,0.0,2.0,0.0,0.0,0.0,C,200.0,-4.0,Raw 4.910; source/category adjustment -0.058; posterior 4.789; uncertainty -0.000 (empirical_history); evidence -0.030; final 4.759.
f547ce24dc455e3a081fe6a3,Air Fryer Potato Skins,iheartnaptime.net,iheartnaptime.net,https://www.iheartnaptime.net/air-fryer-potato-skins/,5.0,4,0.03754581235254189,4.77239873407813,4.962454187647458,4.788660935232122,0.0,empirical_history,0.030000000000000006,4.758660935232122,0.65,schema_only,,Potatoes | Pork | Breakfast,,0.0,2026-08-18T22:11:58.441699+00:00,205,0.9703636171211344,0.6871842709362768,203,205,0.0,0.0,36,,,,,,,,,0,,False,,190.0,1.5,0.0,0.0,2.0,0.0,0.0,0.0,C,,,Raw 5.000; source/category adjustment -0.038; posterior 4.789; uncertainty -0.000 (empirical_history); evidence -0.030; final 4.759.
638ab5712422ed7c5532cf32,Air Fryer Fried Chicken,kristineskitchenblog.com,kristineskitchenblog.com,https://kristineskitchenblog.com/air-fryer-fried-chicken/,5.0,5,0.07454650890542386,4.769610609117125,4.925453491094576,4.7884571128621385,0.0,empirical_history,0.030000000000000006,4.758457112862138,0.65,schema_only,,Chicken | Vegetables | Breakfast,,0.0,2026-08-18T22:11:58.441699+00:00,206,0.9704908818970475,0.6871842709362768,204,206,0.0,0.0,36,,,,,,,,,0,,False,,191.0,1.5,0.0,0.0,2.0,0.0,0.0,0.0,C,,,Raw 5.000; source/category adjustment -0.075; posterior 4.788; uncertainty -0.000 (empirical_history); evidence -0.030; final 4.758.
423b14fc624a343153f5d89c,Air Fryer Garlic Butter Shrimp,airfryingfoodie.com,airfryingfoodie.com,https://airfryingfoodie.com/air-fryer-garlic-butter-shrimp/,4.89,9,0.031006913164291352,4.84381915932519,4.858993086835708,4.787606975143493,0.0,empirical_history,0.030000000000000006,4.757606975143493,0.65,schema_only,Becky,Seafood,,0.0,2026-08-18T21:44:52.082063+00:00,207,0.7235503795078796,8.67307455417179,208,226,0.0,0.0,36,,,,,,,,,0,,False,,192.0,1.5,0.0,0.0,2.0,,,,C,,,Raw 4.890; source/category adjustment -0.031; posterior 4.788; uncertainty -0.000 (empirical_history); evidence -0.030; final 4.758.
c3e4a134c0f25cc338adbbfd,Air Fryer Frozen Mozzarella Sticks,airfryingfoodie.com,airfryingfoodie.com,https://airfryingfoodie.com/air-fryer-frozen-mozzarella-sticks/,4.89,9,0.031006913164291352,4.774757475038895,4.858993086835708,4.787606975143493,0.0,empirical_history,0.030000000000000006,4.757606975143493,0.65,schema_only,,,,0.0,2026-08-18T21:44:52.082063+00:00,208,0.724428748159205,8.67307455417179,209,227,0.0,0.0,36,,,,,,,,,0,,False,,193.0,1.5,0.0,0.0,2.0,,,,C,,,Raw 4.890; source/category adjustment -0.031; posterior 4.788; uncertainty -0.000 (empirical_history); evidence -0.030; final 4.758.
cb7418f1c60aeac8d362e055,Air Fryer Candied Walnuts,airfryingfoodie.com,airfryingfoodie.com,https://airfryingfoodie.com/air-fryer-candied-walnuts/,4.89,9,0.031006913164291352,4.6914700849912565,4.858993086835708,4.787606975143493,0.0,empirical_history,0.030000000000000006,4.757606975143493,0.65,schema_only,Becky,Desserts,,0.0,2026-08-18T22:11:58.441699+00:00,209,0.7253015527743146,8.67307455417179,210,228,0.0,0.0,36,0.0,0.0,0.0,0.0,0.0,0.0,,,1,2026-08-18T22:11:58.441699+00:00,False,,194.0,1.5,0.0,0.0,2.0,0.0,0.0,0.0,C,,,Raw 4.890; source/category adjustment -0.031; posterior 4.788; uncertainty -0.000 (empirical_history); evidence -0.030; final 4.758.
b056a9464a47deac65f263a8,​Air Fryer Vegetables,feelgoodfoodie.net,feelgoodfoodie.net,https://feelgoodfoodie.net/recipe/air-fryer-vegetables/,5.0,5,0.08453302126560262,4.783028426387997,4.915466978734397,4.787549248102122,0.0,empirical_history,0.030000000000000006,4.757549248102122,0.65,schema_only,,Vegetables,,0.0,2026-08-18T22:11:58.441699+00:00,210,0.8356154115312442,4.524623986832743,213,223,0.0,0.0,36,,,,,,,,,0,,False,,196.0,1.0,0.0,0.0,2.0,0.0,0.0,0.0,C,,,Raw 5.000; source/category adjustment -0.085; posterior 4.788; uncertainty -0.000 (empirical_history); evidence -0.030; final 4.758.
ba3031c86416e9a7d2cdae81,Air Fryer Grilled Peaches,allrecipes.com,allrecipes.com,https://www.allrecipes.com/recipe/8468500/air-fryer-grilled-peaches/,4.8,6,-0.09393325178093598,4.6914700849912565,4.893933251780936,4.787526308261256,0.0,empirical_history,0.030000000000000006,4.757526308261256,0.65,schema_only,Yoly,Desserts,,0.0,2026-08-18T22:11:58.441699+00:00,211,0.7933103666245077,6.018490028422596,211,224,0.0,0.0,36,,,,,,,,,0,,False,,,,,,,0.0,0.0,0.0,C,,,Raw 4.800; source/category adjustment +0.094; posterior 4.788; uncertainty -0.000 (empirical_history); evidence -0.030; final 4.758.
ff9427b6c3b9a1548c1c90f0,Air Fryer Beef Tenderloin,allrecipes.com,allrecipes.com,https://www.allrecipes.com/recipe/280268/air-fryer-beef-tenderloin/,4.8,6,-0.09393325178093598,4.78424386779833,4.893933251780936,4.787526308261256,0.0,empirical_history,0.030000000000000006,4.757526308261256,0.65,schema_only,Buckwheat Queen,Chicken | Vegetables | Beef,,0.0,2026-08-18T22:11:58.441699+00:00,212,0.7940177598990213,6.018490028422596,212,225,0.0,0.0,36,,,,,,,,,0,,False,,,,,,,0.0,0.0,0.0,C,,,Raw 4.800; source/category adjustment +0.094; posterior 4.788; uncertainty -0.000 (empirical_history); evidence -0.030; final 4.758.
02376f5aa843e2b59fb2f186,Air Fryer Korean Chicken Skewers,allrecipes.com,allrecipes.com,https://www.allrecipes.com/air-fryer-korean-chicken-skewers-recipe-11906522,5.0,3,-0.09393325178093598,4.7698360052248985,5.0,4.787507051923485,0.0,empirical_history,0.030000000000000006,4.7575070519234846,0.65,schema_only,Nicole Russell,Chicken | Breakfast | Snacks,,0.0,2026-08-18T22:11:58.441699+00:00,213,0.8683789669967537,3.531603350069515,207,215,0.0,0.0,36,,,,,,,,,0,,False,,197.0,1.0,0.0,0.0,2.0,0.0,0.0,0.0,C,,,Raw 5.000; source/category adjustment +0.094; posterior 4.788; uncertainty -0.000 (empirical_history); evidence -0.030; final 4.758.
1b187a3fcb4e5fa64af9d4e9,Air Fryer Chimichanga,delish.com,delish.com,https://www.delish.com/cooking/recipe-ideas/a36267482/air-fryer-chimichanga-recipe/,5.0,3,-0.15,4.803035731606181,5.0,4.787507051923485,0.0,empirical_history,0.030000000000000006,4.7575070519234846,0.65,schema_only,Makinze Gore,Chicken,,0.0,2026-08-18T22:11:58.441699+00:00,214,0.868867690342677,3.531603350069515,208,216,0.0,0.0,36,,,,,,,,,0,,False,,198.0,1.0,0.0,0.0,2.0,0.0,0.0,0.0,C,,,Raw 5.000; source/category adjustment +0.150; posterior 4.788; uncertainty -0.000 (empirical_history); evidence -0.030; final 4.758.
437704768e1eda6bdba9ac0e,Air Fryer Crispy Artichoke Hearts,allrecipes.com,allrecipes.com,https://www.allrecipes.com/air-fryer-crispy-artichoke-hearts-recipe-12023375,5.0,3,-0.09393325178093598,4.7227676693571965,5.0,4.787507051923485,0.0,empirical_history,0.030000000000000006,4.7575070519234846,0.65,schema_only,Natalie Gravois,Breakfast,,0.0,2026-08-18T22:11:58.441699+00:00,215,0.8693527977481057,3.531603350069515,209,217,0.0,0.0,36,0.0,0.0,0.0,0.0,0.0,0.0,,,1,2026-08-18T22:11:58.441699+00:00,False,,199.0,0.0,0.0,0.0,1.0,0.0,0.0,0.0,C,,,Raw 5.000; source/category adjustment +0.094; posterior 4.788; uncertainty -0.000 (empirical_history); evidence -0.030; final 4.758.
4960aea7df37ca635a436ab2,Air Fryer Egg Rolls,thepioneerwoman.com,thepioneerwoman.com,https://www.thepioneerwoman.com/food-cooking/recipes/a38526856/air-fryer-egg-rolls-recipe/,5.0,3,-0.15,4.768394180418593,5.0,4.787507051923485,0.0,empirical_history,0.030000000000000006,4.7575070519234846,0.65,schema_only,,Vegetables | Pork | Breakfast,,0.0,2026-08-18T22:11:58.441699+00:00,216,0.8698343291952753,3.531603350069515,210,218,0.0,0.0,36,,,,,,,,,0,,False,,200.0,0.0,0.0,0.0,1.0,0.0,0.0,0.0,C,,,Raw 5.000; source/category adjustment +0.150; posterior 4.788; uncertainty -0.000 (empirical_history); evidence -0.030; final 4.758.
5be11f6085f08df412989e2c,Air-Fryer Pepper Poppers,tasteofhome.com,tasteofhome.com,https://www.tasteofhome.com/recipes/air-fryer-pepper-poppers/,5.0,3,-0.06891312352872844,4.761077057433891,5.0,4.787507051923485,0.0,empirical_history,0.030000000000000006,4.7575070519234846,0.65,schema_only,Taste of Home Editorial Team,Pork | Breakfast,,0.0,2026-08-18T22:11:58.441699+00:00,217,0.8703123240791292,3.531603350069515,211,219,0.0,0.0,36,,,,,,,,,0,,False,,,,,,,0.0,0.0,0.0,C,,,Raw 5.000; source/category adjustment +0.069; posterior 4.788; uncertainty -0.000 (empirical_history); evidence -0.030; final 4.758.
64d3c9b4928cf2a63b7464d9,Air-Fryer Rosemary Sausage Meatballs,tasteofhome.com,tasteofhome.com,https://www.tasteofhome.com/recipes/air-fryer-rosemary-sausage-meatballs/,5.0,3,-0.06891312352872844,4.762940520089532,5.0,4.787507051923485,0.0,empirical_history,0.030000000000000006,4.7575070519234846,0.65,schema_only,Taste of Home Editorial Team,Beef | Pork | Breakfast,,0.0,2026-08-18T22:11:58.441699+00:00,218,0.8707868212180631,3.531603350069515,212,220,0.0,0.0,36,,,,,,,,,0,,False,,,,,,,0.0,0.0,0.0,C,,,Raw 5.000; source/category adjustment +0.069; posterior 4.788; uncertainty -0.000 (empirical_history); evidence -0.030; final 4.758.
6ee4ad2917e8341f40b59567,Air-Fryer Egg Rolls,eatingwell.com,eatingwell.com,https://www.eatingwell.com/recipe/8056337/air-fryer-egg-rolls/,5.0,3,-0.05839540647617436,4.761077057433891,5.0,4.787507051923485,0.0,empirical_history,0.030000000000000006,4.7575070519234846,0.65,schema_only,Adam Hickman,Pork | Breakfast,,0.0,2026-08-18T22:11:58.441699+00:00,219,0.871257858864434,3.531603350069515,213,221,0.0,0.0,36,,,,,,,,,0,,False,,,,,,,0.0,0.0,0.0,C,,,Raw 5.000; source/category adjustment +0.058; posterior 4.788; uncertainty -0.000 (empirical_history); evidence -0.030; final 4.758.
82ca0ea1e85b962f0de73ab1,Air-Fryer Carrots,tasteofhome.com,tasteofhome.com,https://www.tasteofhome.com/recipes/air-fryer-carrots/,5.0,3,-0.06891312352872844,4.783028426387997,5.0,4.787507051923485,0.0,empirical_history,0.030000000000000006,4.7575070519234846,0.65,schema_only,Taste of Home Editorial Team,Vegetables,,0.0,2026-08-18T22:11:58.441699+00:00,220,0.871725474714839,3.531603350069515,214,222,0.0,0.0,36,,,,,,,,,0,,False,,,,,,,0.0,0.0,0.0,C,,,Raw 5.000; source/category adjustment +0.069; posterior 4.788; uncertainty -0.000 (empirical_history); evidence -0.030; final 4.758.
87b528beba492455f49194ac,Air Fryer Hash Browns,simplyrecipes.com,simplyrecipes.com,https://www.simplyrecipes.com/air-fryer-hash-browns-recipe-5666949,5.0,3,-0.11176739637550157,4.7589048783619035,5.0,4.787507051923485,0.0,empirical_history,0.030000000000000006,4.7575070519234846,0.65,schema_only,Nick Evans,Potatoes | Breakfast,,0.0,2026-08-18T22:11:58.441699+00:00,221,0.8721897059201732,3.531603350069515,215,223,0.0,0.0,36,,,,,,,,,0,,False,,,,,,,0.0,0.0,0.0,C,,,Raw 5.000; source/category adjustment +0.112; posterior 4.788; uncertainty -0.000 (empirical_history); evidence -0.030; final 4.758.
8b714fb0b0a9c42c3d6f781f,Air Fryer Pumpkin Biscuits,delish.com,delish.com,https://www.delish.com/cooking/recipe-ideas/a39639048/air-fryer-pumpkin-biscuits-recipe/,5.0,3,-0.15,4.774757475038895,5.0,4.787507051923485,0.0,empirical_history,0.030000000000000006,4.7575070519234846,0.65,schema_only,Laura Rege,,,0.0,2026-08-18T22:11:58.441699+00:00,222,0.8726505890954673,3.531603350069515,216,224,0.0,0.0,36,,,,,,,,,0,,False,,,,,,,0.0,0.0,0.0,C,,,Raw 5.000; source/category adjustment +0.150; posterior 4.788; uncertainty -0.000 (empirical_history); evidence -0.030; final 4.758.
9650409d84233bcb989be8d3,Air Fryer Salmon from Frozen,allrecipes.com,allrecipes.com,https://www.allrecipes.com/recipe/283606/air-fryer-salmon-from-frozen/,5.0,3,-0.09393325178093598,4.84381915932519,5.0,4.787507051923485,0.0,empirical_history,0.030000000000000006,4.7575070519234846,0.65,schema_only,Soup Loving Nicole,Seafood,,0.0,2026-08-18T22:11:58.441699+00:00,223,0.8731081603295163,3.531603350069515,217,225,0.0,0.0,36,,,,,,,,,0,,False,,,,,,,0.0,0.0,0.0,C,,,Raw 5.000; source/category adjustment +0.094; posterior 4.788; uncertainty -0.000 (empirical_history); evidence -0.030; final 4.758.
a38d8e00df434c6677b6970b,Air Fryer Teriyaki Pork Skewers,allrecipes.com,allrecipes.com,https://www.allrecipes.com/air-fryer-teriyaki-pork-skewers-recipe-11943592,5.0,3,-0.09393325178093598,4.764630754036007,5.0,4.787507051923485,0.0,empirical_history,0.030000000000000006,4.7575070519234846,0.65,schema_only,Nicole McLaughlin,Chicken | Desserts | Pork,,0.0,2026-08-18T22:11:58.441699+00:00,224,0.8735624551942979,3.531603350069515,218,226,0.0,0.0,36,0.0,0.0,0.0,0.0,0.0,0.0,,,1,2026-08-18T22:11:58.441699+00:00,False,,,,,,,0.0,0.0,0.0,C,,,Raw 5.000; source/category adjustment +0.094; posterior 4.788; uncertainty -0.000 (empirical_history); evidence -0.030; final 4.758.
d05a304a1e54b1f1f86d7ec4,Air Fryer Hard Boiled Eggs,budgetbytes.com,budgetbytes.com,https://www.budgetbytes.com/air-fryer-hard-boiled-eggs/,5.0,3,-0.02946317703434832,4.7227676693571965,5.0,4.787507051923485,0.0,empirical_history,0.030000000000000006,4.7575070519234846,0.65,schema_only,,Breakfast,,0.0,2026-08-18T22:11:58.441699+00:00,225,0.8740135087541913,3.531603350069515,219,227,0.0,0.0,36,,,,,,,,,0,,False,,,,,,,0.0,0.0,0.0,C,,,Raw 5.000; source/category adjustment +0.029; posterior 4.788; uncertainty -0.000 (empirical_history); evidence -0.030; final 4.758.
dd3ad7f344ed0cce2acb1a7b,Air Fryer Crispy Chicken Sandwich,delish.com,delish.com,https://www.delish.com/cooking/recipe-ideas/a39817546/air-fryer-chicken-sandwich-recipe/,5.0,3,-0.15,4.773615162776662,5.0,4.787507051923485,0.0,empirical_history,0.030000000000000006,4.7575070519234846,0.65,schema_only,Laura Rege,Chicken | Potatoes | Breakfast,,0.0,2026-08-18T22:11:58.441699+00:00,226,0.874461355575,3.531603350069515,220,228,0.0,0.0,36,,,,,,,,,0,,False,,,,,,,0.0,0.0,0.0,C,,,Raw 5.000; source/category adjustment +0.150; posterior 4.788; uncertainty -0.000 (empirical_history); evidence -0.030; final 4.758.
de00e24762c3feab08f32d0e,Air Fryer Eggplant,wellplated.com,wellplated.com,https://www.wellplated.com/air-fryer-eggplant/,5.0,3,-0.005312738771879698,4.752898047872597,5.0,4.787507051923485,0.0,empirical_history,0.030000000000000006,4.7575070519234846,0.65,schema_only,,Vegetables | Breakfast,,0.0,2026-08-18T22:11:58.441699+00:00,227,0.8749060297327811,3.531603350069515,221,229,0.0,0.0,36,,,,,,,,,0,,False,,,,,,,0.0,0.0,0.0,C,,,Raw 5.000; source/category adjustment +0.005; posterior 4.788; uncertainty -0.000 (empirical_history); evidence -0.030; final 4.758.
e6bc7b93dea504b8d8ec6509,Air Fryer Carrot Fries,airfryingfoodie.com,airfryingfoodie.com,https://airfryingfoodie.com/air-fryer-carrot-fries/,4.86,14,0.031006913164291352,4.787258376155307,4.828993086835709,4.786621515119448,0.0,empirical_history,0.030000000000000006,4.7566215151194475,0.65,schema_only,Jen,Potatoes | Vegetables | Snacks,,0.0,2026-08-18T22:11:58.441699+00:00,228,0.9573241272468771,1.1055415967851332,228,231,0.0,0.0,36,0.0,0.0,0.0,0.0,0.0,0.0,,,1,2026-08-18T22:11:58.441699+00:00,False,,,,,,,0.0,0.0,0.0,C,,,Raw 4.860; source/category adjustment -0.031; posterior 4.787; uncertainty -0.000 (empirical_history); evidence -0.030; final 4.757.
7297bfe4c079172b8e5ed3b2,Air Fryer Oatmeal Raisin Cookies,airfryingfoodie.com,airfryingfoodie.com,https://airfryingfoodie.com/air-fryer-oatmeal-raisin-cookies/,4.86,14,0.031006913164291352,4.707118877174226,4.828993086835709,4.786621515119448,0.0,empirical_history,0.030000000000000006,4.7566215151194475,0.65,schema_only,Becky,Desserts | Breakfast,,0.0,2026-08-19T00:34:06.688272+00:00,229,0.9574882302423648,1.1055415967851332,229,232,0.0,0.0,36,,,,,,,,,0,,False,,,,,,,,,,C,,,Raw 4.860; source/category adjustment -0.031; posterior 4.787; uncertainty -0.000 (empirical_history); evidence -0.030; final 4.757.
71d57360756ed647daac3e73,Air Fryer Meatloaf,allrecipes.com,allrecipes.com,https://www.allrecipes.com/recipe/266164/air-fryer-meatloaf/,4.7,81,-0.09393325178093598,4.726968399916422,4.7939332517809365,4.786614253024433,0.0,empirical_history,0.030000000000000006,4.756614253024432,0.65,schema_only,aigerekairfryer,Desserts | Beef | Breakfast,,0.0,2026-08-18T22:11:58.441699+00:00,230,0.508450804132167,24.168965407912868,207,256,0.0,0.0,36,0.0,0.0,0.0,0.0,0.0,0.0,,,1,2026-08-18T22:11:58.441699+00:00,False,,,,,,,0.0,0.0,0.0,B,,,Raw 4.700; source/category adjustment +0.094; posterior 4.787; uncertainty -0.000 (empirical_history); evidence -0.030; final 4.757.
b6c8b6e6a873b426d0ffbf84,Air Fryer Baked Potatoes,allrecipes.com,allrecipes.com,https://www.allrecipes.com/recipe/265979/air-fryer-baked-potatoes/,4.7,74,-0.09393325178093598,4.7950420873666095,4.7939332517809365,4.78620108373979,0.0,empirical_history,0.030000000000000006,4.75620108373979,0.65,schema_only,Bren,Potatoes,,0.0,2026-08-18T22:11:58.441699+00:00,231,0.650120488191291,13.50822794530142,229,257,0.0,0.0,36,,,,,,,,,0,,False,,,,,,,0.0,0.0,0.0,B,,,Raw 4.700; source/category adjustment +0.094; posterior 4.786; uncertainty -0.000 (empirical_history); evidence -0.030; final 4.756.
5dd2099cb2d1cafdfd34fb6f,Air Fryer Chicken Tenders,kristineskitchenblog.com,kristineskitchenblog.com,https://kristineskitchenblog.com/air-fryer-chicken-tenders/,5.0,4,0.07454650890542386,4.762901700481689,4.925453491094576,4.785920142894871,0.0,empirical_history,0.030000000000000006,4.755920142894871,0.65,schema_only,,Chicken | Breakfast,,0.0,2026-08-18T22:11:58.441699+00:00,232,0.9579730532170362,1.1055415967851332,230,233,0.0,0.0,36,,,,,,,,,0,,False,,,,,,,0.0,0.0,0.0,C,,,Raw 5.000; source/category adjustment -0.075; posterior 4.786; uncertainty -0.000 (empirical_history); evidence -0.030; final 4.756.
1f9c940ee96e8b8028a5ef81,Air Fryer Frozen Salmon,airfryingfoodie.com,airfryingfoodie.com,https://airfryingfoodie.com/air-fryer-frozen-salmon/,5.0,3,0.031006913164291352,4.84381915932519,4.968993086835709,4.785751943631166,0.0,empirical_history,0.030000000000000006,4.755751943631166,0.65,schema_only,Jen,Seafood,,0.0,2026-08-18T21:44:52.082063+00:00,233,0.958132212788253,1.1055415967851332,231,234,0.0,0.0,36,,,,,,,,,0,,False,,,,,,,,,,C,,,Raw 5.000; source/category adjustment -0.031; posterior 4.786; uncertainty -0.000 (empirical_history); evidence -0.030; final 4.756.
24224cc52591a86451f8f11d,Air Fryer Chocolate Croissants,airfryingfoodie.com,airfryingfoodie.com,https://airfryingfoodie.com/air-fryer-chocolate-croissants/,5.0,3,0.031006913164291352,4.783704614711317,4.968993086835709,4.785751943631166,0.0,empirical_history,0.030000000000000006,4.755751943631166,0.65,schema_only,Becky,Snacks,,0.0,2026-08-18T22:11:58.441699+00:00,234,0.9582901714062985,1.1055415967851332,232,235,0.0,0.0,36,0.0,0.0,0.0,0.0,0.0,0.0,,,1,2026-08-18T22:11:58.441699+00:00,False,,,,,,,0.0,0.0,0.0,C,,,Raw 5.000; source/category adjustment -0.031; posterior 4.786; uncertainty -0.000 (empirical_history); evidence -0.030; final 4.756.
3150f831da10e1a48bc0bdc9,Air Fryer Churros,airfryingfoodie.com,airfryingfoodie.com,https://airfryingfoodie.com/air-fryer-churros/,5.0,3,0.031006913164291352,4.707118877174226,4.968993086835709,4.785751943631166,0.0,empirical_history,0.030000000000000006,4.755751943631166,0.65,schema_only,Becky,Desserts | Breakfast,,0.0,2026-08-18T22:11:58.441699+00:00,235,0.9584469426129358,1.1055415967851332,233,236,0.0,0.0,36,0.0,0.0,0.0,0.0,0.0,0.0,,,1,2026-08-18T22:11:58.441699+00:00,False,,,,,,,0.0,0.0,0.0,C,,,Raw 5.000; source/category adjustment -0.031; posterior 4.786; uncertainty -0.000 (empirical_history); evidence -0.030; final 4.756.
32a69e23153891fa38b3cfc7,Air Fryer Bacon Wrapped Brussel Sprouts,airfryingfoodie.com,airfryingfoodie.com,https://airfryingfoodie.com/air-fryer-bacon-wrapped-brussel-sprouts/,5.0,3,0.031006913164291352,4.768394180418593,4.968993086835709,4.785751943631166,0.0,empirical_history,0.030000000000000006,4.755751943631166,0.65,schema_only,Becky,Vegetables | Pork | Breakfast,,0.0,2026-08-18T22:11:58.441699+00:00,236,0.958602539747098,1.1055415967851332,234,237,0.0,0.0,36,0.0,0.0,0.0,0.0,0.0,0.0,,,1,2026-08-18T22:11:58.441699+00:00,False,,,,,,,0.0,0.0,0.0,C,,,Raw 5.000; source/category adjustment -0.031; posterior 4.786; uncertainty -0.000 (empirical_history); evidence -0.030; final 4.756.
358ea79ca7b12e634536242c,Air Fryer Frozen Lasagna,airfryingfoodie.com,airfryingfoodie.com,https://airfryingfoodie.com/air-fryer-frozen-lasagna/,5.0,3,0.031006913164291352,4.774757475038895,4.968993086835709,4.785751943631166,0.0,empirical_history,0.030000000000000006,4.755751943631166,0.65,schema_only,Becky,,,0.0,2026-08-18T21:44:52.082063+00:00,237,0.9587569759486702,1.1055415967851332,235,238,0.0,0.0,36,,,,,,,,,0,,False,,,,,,,,,,C,,,Raw 5.000; source/category adjustment -0.031; posterior 4.786; uncertainty -0.000 (empirical_history); evidence -0.030; final 4.756.
3d214720292305d84549a694,Air Fried Marshmallow Peeps,airfryingfoodie.com,airfryingfoodie.com,https://airfryingfoodie.com/air-fried-marshmallow-peeps/,5.0,3,0.031006913164291352,4.774757475038895,4.968993086835709,4.785751943631166,0.0,empirical_history,0.030000000000000006,4.755751943631166,0.65,schema_only,Becky,,,0.0,2026-08-18T22:11:58.441699+00:00,238,0.958910264162189,1.1055415967851332,236,239,0.0,0.0,36,0.0,0.0,0.0,0.0,0.0,0.0,,,1,2026-08-18T22:11:58.441699+00:00,False,,,,,,,0.0,0.0,0.0,C,,,Raw 5.000; source/category adjustment -0.031; posterior 4.786; uncertainty -0.000 (empirical_history); evidence -0.030; final 4.756.
82db1fdb60326350a401649f,Air Fryer Canned Biscuits,airfryingfoodie.com,airfryingfoodie.com,https://airfryingfoodie.com/air-fryer-canned-biscuits/,5.0,3,0.031006913164291352,4.774757475038895,4.968993086835709,4.785751943631166,0.0,empirical_history,0.030000000000000006,4.755751943631166,0.65,schema_only,Jen,,,0.0,2026-08-18T22:11:58.441699+00:00,239,0.9590624171404604,1.1055415967851332,237,240,0.0,0.0,36,0.0,0.0,0.0,0.0,0.0,0.0,,,1,2026-08-18T22:11:58.441699+00:00,False,,,,,,,0.0,0.0,0.0,C,,,Raw 5.000; source/category adjustment -0.031; posterior 4.786; uncertainty -0.000 (empirical_history); evidence -0.030; final 4.756.
838e4430cc2cec1cc2c72d44,Air Fryer Baked Beans,airfryingfoodie.com,airfryingfoodie.com,https://airfryingfoodie.com/air-fryer-baked-beans/,5.0,3,0.031006913164291352,4.761077057433891,4.968993086835709,4.785751943631166,0.0,empirical_history,0.030000000000000006,4.755751943631166,0.65,schema_only,Becky,Pork | Breakfast,,0.0,2026-08-18T22:39:54.145145+00:00,240,0.9592134474480947,1.1055415967851332,238,241,0.0,0.0,36,0.0,0.0,0.0,0.0,0.0,0.0,,,1,2026-08-18T22:39:54.145145+00:00,False,,,,,,,0.0,0.0,0.0,C,,,Raw 5.000; source/category adjustment -0.031; posterior 4.786; uncertainty -0.000 (empirical_history); evidence -0.030; final 4.756.
8448c41b3698ba845e860c5f,Air Fryer Bloomin' Apple,airfryingfoodie.com,airfryingfoodie.com,https://airfryingfoodie.com/air-fryer-bloomin-apples/,5.0,3,0.031006913164291352,4.6914700849912565,4.968993086835709,4.785751943631166,0.0,empirical_history,0.030000000000000006,4.755751943631166,0.65,schema_only,Becky,Desserts,,0.0,2026-08-18T22:11:58.441699+00:00,241,0.9593633674649662,1.1055415967851332,239,242,0.0,0.0,36,0.0,0.0,0.0,0.0,0.0,0.0,,,1,2026-08-18T22:11:58.441699+00:00,False,,,,,,,0.0,0.0,0.0,C,,,Raw 5.000; source/category adjustment -0.031; posterior 4.786; uncertainty -0.000 (empirical_history); evidence -0.030; final 4.756.
88509d01d20a77aeb67ad820,Air Fryer Broccolini,airfryingfoodie.com,airfryingfoodie.com,https://airfryingfoodie.com/air-fryer-broccolini/,5.0,3,0.031006913164291352,4.783028426387997,4.968993086835709,4.785751943631166,0.0,empirical_history,0.030000000000000006,4.755751943631166,0.65,schema_only,Becky,Vegetables,,0.0,2026-08-18T22:11:58.441699+00:00,242,0.9595121893895965,1.1055415967851332,240,243,0.0,0.0,36,0.0,0.0,0.0,0.0,0.0,0.0,,,1,2026-08-18T22:11:58.441699+00:00,False,,,,,,,0.0,0.0,0.0,C,,,Raw 5.000; source/category adjustment -0.031; posterior 4.786; uncertainty -0.000 (empirical_history); evidence -0.030; final 4.756.
88d764a9424912ba8922c46a,Air Fryer French Toast,airfryingfoodie.com,airfryingfoodie.com,https://airfryingfoodie.com/air-fryer-french-toast/,5.0,3,0.031006913164291352,4.707118877174226,4.968993086835709,4.785751943631166,0.0,empirical_history,0.030000000000000006,4.755751943631166,0.65,schema_only,,Desserts | Breakfast,,0.0,2026-08-18T21:44:52.082063+00:00,243,0.9596599252424619,1.1055415967851332,241,244,0.0,0.0,36,,,,,,,,,0,,False,,,,,,,,,,C,,,Raw 5.000; source/category adjustment -0.031; posterior 4.786; uncertainty -0.000 (empirical_history); evidence -0.030; final 4.756.
a3815c737abe5e746c378c2e,Air Fryer Cheesecake,airfryingfoodie.com,airfryingfoodie.com,https://airfryingfoodie.com/air-fryer-cheesecake/,5.0,3,0.031006913164291352,4.737874733286346,4.968993086835709,4.785751943631166,0.0,empirical_history,0.030000000000000006,4.755751943631166,0.65,schema_only,Becky,Desserts | Pork | Breakfast,,0.0,2026-08-18T22:11:58.441699+00:00,244,0.959806586869231,1.1055415967851332,242,245,0.0,0.0,36,0.0,0.0,0.0,0.0,0.0,0.0,,,1,2026-08-18T22:11:58.441699+00:00,False,,,,,,,0.0,0.0,0.0,C,,,Raw 5.000; source/category adjustment -0.031; posterior 4.786; uncertainty -0.000 (empirical_history); evidence -0.030; final 4.756.
a86bd8429692c849d6221903,Air Fryer Loaded Tater Tots,airfryingfoodie.com,airfryingfoodie.com,https://airfryingfoodie.com/air-fryer-loaded-tater-tots/,5.0,3,0.031006913164291352,4.77239873407813,4.968993086835709,4.785751943631166,0.0,empirical_history,0.030000000000000006,4.755751943631166,0.65,schema_only,Jen,Potatoes | Pork | Breakfast,,0.0,2026-08-18T23:34:22.619805+00:00,245,0.9599521859439308,1.1055415967851332,243,246,0.0,0.0,36,,,,,,,,,0,,False,,,,,,,,,,C,,,Raw 5.000; source/category adjustment -0.031; posterior 4.786; uncertainty -0.000 (empirical_history); evidence -0.030; final 4.756.
ae0a88894a9159ace8d6305d,Air Fryer Bacon Wrapped Pineapple,airfryingfoodie.com,airfryingfoodie.com,https://airfryingfoodie.com/air-fryer-bacon-wrapped-pineapple/,5.0,3,0.031006913164291352,4.737874733286346,4.968993086835709,4.785751943631166,0.0,empirical_history,0.030000000000000006,4.755751943631166,0.65,schema_only,Becky,Desserts | Pork | Breakfast,,0.0,2026-08-18T22:11:58.441699+00:00,246,0.9600967339720435,1.1055415967851332,244,247,0.0,0.0,36,0.0,0.0,0.0,0.0,0.0,0.0,,,1,2026-08-18T22:11:58.441699+00:00,False,,,,,,,0.0,0.0,0.0,C,,,Raw 5.000; source/category adjustment -0.031; posterior 4.786; uncertainty -0.000 (empirical_history); evidence -0.030; final 4.756.
b6a04894157dea1c7844fbca,Air Fryer Apples,airfryingfoodie.com,airfryingfoodie.com,https://airfryingfoodie.com/air-fryer-apples/,5.0,3,0.031006913164291352,4.6914700849912565,4.968993086835709,4.785751943631166,0.0,empirical_history,0.030000000000000006,4.755751943631166,0.65,schema_only,Becky,Desserts,,0.0,2026-08-18T22:11:58.441699+00:00,247,0.9602402422935377,1.1055415967851332,245,248,0.0,0.0,36,0.0,0.0,0.0,0.0,0.0,0.0,,,1,2026-08-18T22:11:58.441699+00:00,False,,,,,,,0.0,0.0,0.0,C,,,Raw 5.000; source/category adjustment -0.031; posterior 4.786; uncertainty -0.000 (empirical_history); evidence -0.030; final 4.756.
c7e6518951fbc58e2609c0a0,Air Fryer Frozen Shrimp,airfryingfoodie.com,airfryingfoodie.com,https://airfryingfoodie.com/air-fryer-frozen-shrimp/,5.0,3,0.031006913164291352,4.84381915932519,4.968993086835709,4.785751943631166,0.0,empirical_history,0.030000000000000006,4.755751943631166,0.65,schema_only,Becky,Seafood,,0.0,2026-08-18T21:44:52.082063+00:00,248,0.9603827220858348,1.1055415967851332,246,249,0.0,0.0,36,,,,,,,,,0,,False,,,,,,,,,,C,,,Raw 5.000; source/category adjustment -0.031; posterior 4.786; uncertainty -0.000 (empirical_history); evidence -0.030; final 4.756.
3d09bea3e1a08cf47e3fbeac,Air Fryer Potatoes,airfryingfoodie.com,airfryingfoodie.com | kristineskitchenblog.com,https://airfryingfoodie.com/air-fryer-potatoes/,5.0,3,0.031006913164291352,4.7950420873666095,4.968993086835709,4.785751943631166,0.0,empirical_history,0.030000000000000006,4.755751943631166,0.65,schema_only,Becky,Potatoes,164859776b17754e,0.82041015625,2026-08-19T00:34:06.688272+00:00,249,0.9605241843667097,1.1055415967851332,247,250,0.0,0.0,36,,,,,,,,,0,,False,,,,,,,,,,C,,,Raw 5.000; source/category adjustment -0.031; posterior 4.786; uncertainty -0.000 (empirical_history); evidence -0.030; final 4.756.
e38e524914998eb76df3f361,Air Fryer Chicken Sausage,airfryingfoodie.com,airfryingfoodie.com,https://airfryingfoodie.com/air-fryer-chicken-sausage/,5.0,3,0.031006913164291352,4.801211088558382,4.968993086835709,4.785751943631166,0.0,empirical_history,0.030000000000000006,4.755751943631166,0.65,schema_only,Becky,Chicken | Pork,,0.0,2026-08-18T22:11:58.441699+00:00,250,0.9606646399971317,1.1055415967851332,248,251,0.0,0.0,36,0.0,0.0,0.0,0.0,0.0,0.0,,,1,2026-08-18T22:11:58.441699+00:00,False,,,,,,,0.0,0.0,0.0,C,,,Raw 5.000; source/category adjustment -0.031; posterior 4.786; uncertainty -0.000 (empirical_history); evidence -0.030; final 4.756.
ec5594ce2b473d9b340a6d03,Air Fryer Broccoli,airfryingfoodie.com,airfryingfoodie.com,https://airfryingfoodie.com/air-fryer-broccoli/,5.0,3,0.031006913164291352,4.783028426387997,4.968993086835709,4.785751943631166,0.0,empirical_history,0.030000000000000006,4.755751943631166,0.65,schema_only,Becky,Vegetables,,0.0,2026-08-18T22:11:58.441699+00:00,251,0.9608040996840442,1.1055415967851332,249,252,0.0,0.0,36,0.0,0.0,0.0,0.0,0.0,0.0,,,1,2026-08-18T22:11:58.441699+00:00,False,,,,,,,0.0,0.0,0.0,C,,,Raw 5.000; source/category adjustment -0.031; posterior 4.786; uncertainty -0.000 (empirical_history); evidence -0.030; final 4.756.
f793cbfd1bd4c09953498228,Air Fryer Cinnamon Crescent Rolls,airfryingfoodie.com,airfryingfoodie.com,https://airfryingfoodie.com/air-fryer-cinnamon-crescent-rolls/,5.0,3,0.031006913164291352,4.6914700849912565,4.968993086835709,4.785751943631166,0.0,empirical_history,0.030000000000000006,4.755751943631166,0.65,schema_only,Becky,Desserts,,0.0,2026-08-18T22:11:58.441699+00:00,252,0.9609425739830855,1.1055415967851332,250,253,0.0,0.0,36,0.0,0.0,0.0,0.0,0.0,0.0,,,1,2026-08-18T22:11:58.441699+00:00,False,,,,,,,0.0,0.0,0.0,C,,,Raw 5.000; source/category adjustment -0.031; posterior 4.786; uncertainty -0.000 (empirical_history); evidence -0.030; final 4.756.
fd4a662bd04d116e99f9162b,Air Fryer Cinnamon Roll Bites,airfryingfoodie.com,airfryingfoodie.com,https://airfryingfoodie.com/air-fryer-cinnamon-roll-bites/,5.0,3,0.031006913164291352,4.737587349851287,4.968993086835709,4.785751943631166,0.0,empirical_history,0.030000000000000006,4.755751943631166,0.65,schema_only,Jen,Desserts | Snacks,,0.0,2026-08-18T22:11:58.441699+00:00,253,0.9610800733012513,1.1055415967851332,251,254,0.0,0.0,36,0.0,0.0,0.0,0.0,0.0,0.0,,,1,2026-08-18T22:11:58.441699+00:00,False,,,,,,,0.0,0.0,0.0,C,,,Raw 5.000; source/category adjustment -0.031; posterior 4.786; uncertainty -0.000 (empirical_history); evidence -0.030; final 4.756.
38a45ec045b1bae239757e30,Air Fryer Pumpkin Cheesecake,airfryingfoodie.com,airfryingfoodie.com,https://airfryingfoodie.com/air-fryer-pumpkin-cheesecake/,5.0,3,0.031006913164291352,4.737874733286346,4.968993086835709,4.785751943631166,0.0,empirical_history,0.030000000000000006,4.755751943631166,0.65,schema_only,,Desserts | Pork | Breakfast,,0.0,2026-08-19T00:34:06.688272+00:00,254,0.9612166078995034,1.1055415967851332,252,255,0.0,0.0,36,,,,,,,,,0,,False,,,,,,,,,,C,,,Raw 5.000; source/category adjustment -0.031; posterior 4.786; uncertainty -0.000 (empirical_history); evidence -0.030; final 4.756.
eb3e43446a4f7a73f1628450,Air Fryer Pumpkin Spice Pecans,airfryingfoodie.com,airfryingfoodie.com,https://airfryingfoodie.com/air-fryer-pumpkin-spice-pecans/,5.0,3,0.031006913164291352,4.6914700849912565,4.968993086835709,4.785751943631166,0.0,empirical_history,0.030000000000000006,4.755751943631166,0.65,schema_only,,Desserts,,0.0,2026-08-19T00:34:06.688272+00:00,255,0.9613521878953208,1.1055415967851332,253,256,0.0,0.0,36,,,,,,,,,0,,False,,,,,,,,,,C,,,Raw 5.000; source/category adjustment -0.031; posterior 4.786; uncertainty -0.000 (empirical_history); evidence -0.030; final 4.756.
3bab79207be24e8bfa2c6b2d,Air Fryer Frozen Chicken Strips,allrecipes.com,allrecipes.com,https://www.allrecipes.com/recipe/8463459/air-fryer-frozen-chicken-strips/,4.8,5,-0.09393325178093598,4.803035731606181,4.893933251780936,4.785591636560898,0.0,empirical_history,0.030000000000000006,4.755591636560898,0.65,schema_only,lutzflcat,Chicken,,0.0,2026-08-18T22:11:58.441699+00:00,256,0.9461020021881408,1.5723301886761005,254,258,0.0,0.0,36,0.0,0.0,0.0,0.0,0.0,0.0,,,1,2026-08-18T22:11:58.441699+00:00,False,,,,,,,0.0,0.0,0.0,C,,,Raw 4.800; source/category adjustment +0.094; posterior 4.786; uncertainty -0.000 (empirical_history); evidence -0.030; final 4.756.
910a7f6b127bd75545ec0057,Crispy Air Fryer Pork Belly Bites,airfryingfoodie.com,airfryingfoodie.com,https://airfryingfoodie.com/air-fryer-pork-belly/,4.88,8,0.031006913164291352,4.79154553011095,4.8489930868357085,4.78499686976949,0.0,empirical_history,0.030000000000000006,4.7549968697694895,0.65,schema_only,,Pork | Snacks,,0.0,2026-08-19T00:34:06.688272+00:00,257,0.9757924468880896,0.6871842709362768,257,259,0.0,0.0,36,,,,,,,,,0,,False,,,,,,,,,,C,,,Raw 4.880; source/category adjustment -0.031; posterior 4.785; uncertainty -0.000 (empirical_history); evidence -0.030; final 4.755.
2e7eb69b5c46d2f9f272cd5a,Air Fryer Chicken Tenders,budgetbytes.com,budgetbytes.com,https://www.budgetbytes.com/air-fryer-chicken-tenders/,4.84,6,-0.02946317703434832,4.762901700481689,4.869463177034349,4.7849045145384075,0.0,empirical_history,0.030000000000000006,4.754904514538407,0.65,schema_only,,Chicken | Breakfast,,0.0,2026-08-18T22:11:58.441699+00:00,258,0.9758774238829434,0.6871842709362768,258,260,0.0,0.0,36,,,,,,,,,0,,False,,,,,,,0.0,0.0,0.0,C,,,Raw 4.840; source/category adjustment +0.029; posterior 4.785; uncertainty -0.000 (empirical_history); evidence -0.030; final 4.755.
b8223efa120098aec935b6ab,Cajun Air Fryer Salmon,allrecipes.com,allrecipes.com,https://www.allrecipes.com/recipe/275343/cajun-air-fryer-salmon/,4.7,55,-0.09393325178093598,4.84381915932519,4.7939332517809365,4.784801929522821,0.0,empirical_history,0.030000000000000006,4.754801929522821,0.65,schema_only,France Cevallos,Seafood,,0.0,2026-08-18T22:11:58.441699+00:00,259,0.8693417234986004,4.193248541803041,256,265,0.0,0.0,36,0.0,0.0,0.0,0.0,0.0,0.0,,,1,2026-08-18T22:11:58.441699+00:00,False,,,,,,,0.0,0.0,0.0,B,,,Raw 4.700; source/category adjustment +0.094; posterior 4.785; uncertainty -0.000 (empirical_history); evidence -0.030; final 4.755.
31256b6a980141104797939c,Air Fryer Chicken Tenders Recipe,therealfooddietitians.com,therealfooddietitians.com,https://therealfooddietitians.com/air-fryer-chicken-tenders/,5.0,3,0.05344443959910739,4.762901700481689,4.946555560400893,4.784481894965045,0.0,empirical_history,0.030000000000000006,4.7544818949650445,0.65,schema_only,Stacie Hassing,Chicken | Breakfast,,0.0,2026-08-18T22:11:58.441699+00:00,260,0.9620161132164865,1.1055415967851332,259,262,0.0,0.0,36,,,,,,,,,0,,False,,,,,,,0.0,0.0,0.0,C,,,Raw 5.000; source/category adjustment -0.053; posterior 4.784; uncertainty -0.000 (empirical_history); evidence -0.030; final 4.754.
b96763284cdea30486614325,Air Fryer Zucchini Recipe,therealfooddietitians.com,therealfooddietitians.com,https://therealfooddietitians.com/air-fryer-zucchini/,5.0,3,0.05344443959910739,4.783028426387997,4.946555560400893,4.784481894965045,0.0,empirical_history,0.030000000000000006,4.7544818949650445,0.65,schema_only,Molly Slama,Vegetables,,0.0,2026-08-18T22:11:58.441699+00:00,261,0.9621461703382064,1.1055415967851332,260,263,0.0,0.0,36,,,,,,,,,0,,False,,,,,,,0.0,0.0,0.0,C,,,Raw 5.000; source/category adjustment -0.053; posterior 4.784; uncertainty -0.000 (empirical_history); evidence -0.030; final 4.754.
37cca12b74ca8e956df42872,Air Fryer Nacho Fries,skinnytaste.com,skinnytaste.com,https://www.skinnytaste.com/air-fryer-nacho-fries/,5.0,3,0.057660045864427495,4.789373351038963,4.942339954135573,4.7842432757424795,0.0,empirical_history,0.030000000000000006,4.754243275742479,0.65,schema_only,,Potatoes | Snacks,,0.0,2026-08-18T22:11:58.441699+00:00,262,0.9471882053332145,1.5723301886761005,261,265,0.0,0.0,36,,,,,,,,,0,,False,,,,,,,0.0,0.0,0.0,C,,,Raw 5.000; source/category adjustment -0.058; posterior 4.784; uncertainty -0.000 (empirical_history); evidence -0.030; final 4.754.
ae8f0d03b329aa14d8c2c302,Air Fryer Chicken Breasts,lecremedelacrumb.com,lecremedelacrumb.com,https://www.lecremedelacrumb.com/air-fryer-chicken-breasts/,4.88,8,0.036689044489208365,4.762901700481689,4.843310955510791,4.784213127517777,0.0,empirical_history,0.030000000000000006,4.754213127517777,0.65,schema_only,,Chicken | Breakfast,,0.0,2026-08-18T22:11:58.441699+00:00,263,0.9762935142470779,0.6871842709362768,262,264,0.0,0.0,36,,,,,,,,,0,,False,,,,,,,0.0,0.0,0.0,C,,,Raw 4.880; source/category adjustment -0.037; posterior 4.784; uncertainty -0.000 (empirical_history); evidence -0.030; final 4.754.
db987df7ccef4c1726ff043b,Air Fryer Beef  Broccoli,delish.com,delish.com,https://www.delish.com/cooking/recipe-ideas/a41498404/air-fryer-beef-broccoli-recipe/,4.75,4,-0.15,4.768874818188047,4.9,4.784034699110088,0.0,empirical_history,0.030000000000000006,4.754034699110088,0.65,schema_only,Laura Rege,Chicken | Vegetables | Beef | Breakfast,,0.0,2026-08-18T22:11:58.441699+00:00,264,0.2469824119029624,86.58794501674134,207,415,0.0,0.0,36,,,,,,,,,0,,False,,,,,,,0.0,0.0,0.0,C,,,Raw 4.750; source/category adjustment +0.150; posterior 4.784; uncertainty -0.000 (empirical_history); evidence -0.030; final 4.754.
2dcf420e7e801325301f22cd,Air Fryer Honey Glazed Carrots,airfryingfoodie.com,airfryingfoodie.com,https://airfryingfoodie.com/air-fryer-honey-glazed-carrots/,4.85,13,0.031006913164291352,4.783028426387997,4.818993086835708,4.783885458425538,0.0,empirical_history,0.030000000000000006,4.753885458425538,0.65,schema_only,Becky,Vegetables,,0.0,2026-08-18T23:34:22.619805+00:00,265,0.9827586206896551,0.5,265,266,0.0,0.0,36,,,,,,,,,0,,False,,,,,,,,,,C,,,Raw 4.850; source/category adjustment -0.031; posterior 4.784; uncertainty -0.000 (empirical_history); evidence -0.030; final 4.754.
df91b249d054532b8aa19c29,Air Fryer Beets,downshiftology.com,downshiftology.com,https://downshiftology.com/recipes/air-fryer-beets/,5.0,3,0.06416115956762575,4.774757475038895,4.935838840432374,4.783875288174374,0.0,empirical_history,0.030000000000000006,4.753875288174374,0.65,schema_only,Lisa Bryan,,,0.0,2026-08-18T22:11:58.441699+00:00,266,0.9478883407796522,1.5723301886761005,263,267,0.0,0.0,36,,,,,,,,,0,,False,,,,,,,0.0,0.0,0.0,C,,,Raw 5.000; source/category adjustment -0.064; posterior 4.784; uncertainty -0.000 (empirical_history); evidence -0.030; final 4.754.
94be9e5373a59ca042174a8b,Air Fryer Garlic and Parsley Baby Potatoes,allrecipes.com,allrecipes.com,https://www.allrecipes.com/recipe/268653/air-fryer-garlic-and-parsley-baby-potatoes/,4.7,45,-0.09393325178093598,4.7950420873666095,4.7939332517809365,4.783840737706177,0.0,empirical_history,0.030000000000000006,4.753840737706176,0.65,schema_only,Bren,Potatoes,,0.0,2026-08-18T22:11:58.441699+00:00,267,0.4875119674759339,30.170349683091178,260,321,0.0,0.0,36,,,,,,,,,0,,False,,,,,,,0.0,0.0,0.0,C,,,Raw 4.700; source/category adjustment +0.094; posterior 4.784; uncertainty -0.000 (empirical_history); evidence -0.030; final 4.754.
680f57a4e11d4d6d59a1d3c9,Air Fryer Roasted Almonds,allrecipes.com,allrecipes.com,https://www.allrecipes.com/recipe/281636/air-fryer-roasted-almonds/,4.8,4,-0.09393325178093598,4.774757475038895,4.893933251780936,4.7835853103531205,0.0,empirical_history,0.030000000000000006,4.75358531035312,0.65,schema_only,Paul Tannos,,,0.0,2026-08-18T22:11:58.441699+00:00,268,0.963032216179493,1.1055415967851332,266,269,0.0,0.0,36,0.0,0.0,0.0,0.0,0.0,0.0,,,1,2026-08-18T22:11:58.441699+00:00,False,,,,,,,0.0,0.0,0.0,C,,,Raw 4.800; source/category adjustment +0.094; posterior 4.784; uncertainty -0.000 (empirical_history); evidence -0.030; final 4.754.
cf277f012671cb7b686de51c,Air Fryer Frozen Chicken Tenders,allrecipes.com,allrecipes.com,https://www.allrecipes.com/recipe/286264/air-fryer-frozen-chicken-tenders/,4.8,4,-0.09393325178093598,4.803035731606181,4.893933251780936,4.7835853103531205,0.0,empirical_history,0.030000000000000006,4.75358531035312,0.65,schema_only,KBL123,Chicken,,0.0,2026-08-18T22:11:58.441699+00:00,269,0.9631554193674816,1.1055415967851332,267,270,0.0,0.0,36,,,,,,,,,0,,False,,,,,,,0.0,0.0,0.0,C,,,Raw 4.800; source/category adjustment +0.094; posterior 4.784; uncertainty -0.000 (empirical_history); evidence -0.030; final 4.754.
fdd67f7e92f33cdfd41f337f,Air Fryer Prosciutto and Mozzarella Grilled Cheese,allrecipes.com,allrecipes.com,https://www.allrecipes.com/recipe/279394/air-fryer-prosciutto-and-mozzarella-grilled-cheese/,4.8,4,-0.09393325178093598,4.774757475038895,4.893933251780936,4.7835853103531205,0.0,empirical_history,0.030000000000000006,4.75358531035312,0.65,schema_only,France Cevallos,,,0.0,2026-08-18T22:11:58.441699+00:00,270,0.9632778040803229,1.1055415967851332,268,271,0.0,0.0,36,,,,,,,,,0,,False,,,,,,,0.0,0.0,0.0,C,,,Raw 4.800; source/category adjustment +0.094; posterior 4.784; uncertainty -0.000 (empirical_history); evidence -0.030; final 4.754.
02691a1d11f4e6d9ea7ba5a3,Air-Fryer Taco Puffs,tasteofhome.com,tasteofhome.com,https://www.tasteofhome.com/recipes/air-fryer-taco-puffs/,5.0,2,-0.06891312352872844,4.766667445400813,5.0,4.78342064907586,0.0,empirical_history,0.030000000000000006,4.75342064907586,0.65,schema_only,Taste of Home Editorial Team,Beef,,0.0,2026-08-18T22:11:58.441699+00:00,271,0.9487378305135555,1.5723301886761005,269,273,0.0,0.0,36,,,,,,,,,0,,False,,,,,,,0.0,0.0,0.0,C,,,Raw 5.000; source/category adjustment +0.069; posterior 4.783; uncertainty -0.000 (empirical_history); evidence -0.030; final 4.753.
0644e5a1d069f76cd34e94e9,Air Fryer Steak,thepioneerwoman.com,thepioneerwoman.com,https://www.thepioneerwoman.com/food-cooking/recipes/a38442272/air-fryer-steak-recipe/,5.0,2,-0.15,4.766667445400813,5.0,4.78342064907586,0.0,empirical_history,0.030000000000000006,4.75342064907586,0.65,schema_only,Erin Merhar,Beef,,0.0,2026-08-18T22:11:58.441699+00:00,272,0.9489044157840636,1.5723301886761005,270,274,0.0,0.0,36,,,,,,,,,0,,False,,,,,,,0.0,0.0,0.0,C,,,Raw 5.000; source/category adjustment +0.150; posterior 4.783; uncertainty -0.000 (empirical_history); evidence -0.030; final 4.753.
0ac8c37fe6e9b6ae4a99f8da,Cornflake Air-Fryer Chicken Nuggets,eatingwell.com,eatingwell.com,https://www.eatingwell.com/recipe/270213/air-fryer-chicken-nuggets/,5.0,2,-0.05839540647617436,4.793370173158749,5.0,4.78342064907586,0.0,empirical_history,0.030000000000000006,4.75342064907586,0.65,schema_only,Adam Hickman,Chicken | Snacks,,0.0,2026-08-18T22:11:58.441699+00:00,273,0.9490699218663828,1.5723301886761005,271,275,0.0,0.0,36,,,,,,,,,0,,False,,,,,,,0.0,0.0,0.0,C,,,Raw 5.000; source/category adjustment +0.058; posterior 4.783; uncertainty -0.000 (empirical_history); evidence -0.030; final 4.753.
0d9c2d7629333a2c50beb452,Air Fryer Broccoli Ranch Tots,delish.com,delish.com,https://www.delish.com/cooking/recipe-ideas/a39721383/air-fryer-broccoli-ranch-tots-recipe/,5.0,2,-0.15,4.752898047872597,5.0,4.78342064907586,0.0,empirical_history,0.030000000000000006,4.75342064907586,0.65,schema_only,Laura Rege,Vegetables | Breakfast,,0.0,2026-08-18T22:11:58.441699+00:00,274,0.9492343592136001,1.5723301886761005,272,276,0.0,0.0,36,,,,,,,,,0,,False,,,,,,,0.0,0.0,0.0,C,,,Raw 5.000; source/category adjustment +0.150; posterior 4.783; uncertainty -0.000 (empirical_history); evidence -0.030; final 4.753.
153e09f4ba6dac207b3d960d,Air-Fryer Fajita-Stuffed Chicken,tasteofhome.com,tasteofhome.com,https://www.tasteofhome.com/recipes/air-fryer-fajita-stuffed-chicken/,5.0,2,-0.06891312352872844,4.803035731606181,5.0,4.78342064907586,0.0,empirical_history,0.030000000000000006,4.75342064907586,0.65,schema_only,Taste of Home Editorial Team,Chicken,,0.0,2026-08-18T22:11:58.441699+00:00,275,0.9493977381442376,1.5723301886761005,273,277,0.0,0.0,36,,,,,,,,,0,,False,,,,,,,0.0,0.0,0.0,C,,,Raw 5.000; source/category adjustment +0.069; posterior 4.783; uncertainty -0.000 (empirical_history); evidence -0.030; final 4.753.
179818737ec3c7d48785db35,Air Fryer Turkey Tenderloin,allrecipes.com,allrecipes.com,https://www.allrecipes.com/air-fryer-turkey-tenderloin-recipe-11866553,5.0,2,-0.09393325178093598,4.803035731606181,5.0,4.78342064907586,0.0,empirical_history,0.030000000000000006,4.75342064907586,0.65,schema_only,Nicole Russell,Chicken,,0.0,2026-08-18T22:11:58.441699+00:00,276,0.9495600688444114,1.5723301886761005,274,278,0.0,0.0,36,,,,,,,,,0,,False,,,,,,,0.0,0.0,0.0,C,,,Raw 5.000; source/category adjustment +0.094; posterior 4.783; uncertainty -0.000 (empirical_history); evidence -0.030; final 4.753.
1d8e161d907eed99a95c7356,Crispy Air-Fryer Pickle Chips,eatingwell.com,eatingwell.com,https://www.eatingwell.com/recipe/278379/crispy-air-fryer-pickle-chips/,5.0,2,-0.05839540647617436,4.753236142034257,5.0,4.78342064907586,0.0,empirical_history,0.030000000000000006,4.75342064907586,0.65,schema_only,Carolyn Malcoun,Breakfast | Snacks,,0.0,2026-08-18T22:11:58.441699+00:00,277,0.9497213613699482,1.5723301886761005,275,279,0.0,0.0,36,,,,,,,,,0,,False,,,,,,,0.0,0.0,0.0,C,,,Raw 5.000; source/category adjustment +0.058; posterior 4.783; uncertainty -0.000 (empirical_history); evidence -0.030; final 4.753.
294e72f3fdd0ef05d5314ac6,Air-Fryer Wasabi Egg Salad Wraps,eatingwell.com,eatingwell.com,https://www.eatingwell.com/recipe/8013430/air-fryer-wasabi-egg-salad-wraps/,5.0,2,-0.05839540647617436,4.7227676693571965,5.0,4.78342064907586,0.0,empirical_history,0.030000000000000006,4.75342064907586,0.65,schema_only,"Caitlyn Diimig, RD",Breakfast,,0.0,2026-08-18T22:11:58.441699+00:00,278,0.9498816256484628,1.5723301886761005,276,280,0.0,0.0,36,,,,,,,,,0,,False,,,,,,,0.0,0.0,0.0,C,,,Raw 5.000; source/category adjustment +0.058; posterior 4.783; uncertainty -0.000 (empirical_history); evidence -0.030; final 4.753.
2bfa4b1e9859d463de3609e9,Air Fryer Kale Chips,delish.com,delish.com,https://www.delish.com/cooking/recipe-ideas/a38760234/air-fryer-kale-chips-recipe/,5.0,2,-0.15,4.783704614711317,5.0,4.78342064907586,0.0,empirical_history,0.030000000000000006,4.75342064907586,0.65,schema_only,Michelle Doll,Snacks,,0.0,2026-08-18T22:11:58.441699+00:00,279,0.950040871481393,1.5723301886761005,277,281,0.0,0.0,36,,,,,,,,,0,,False,,,,,,,0.0,0.0,0.0,C,,,Raw 5.000; source/category adjustment +0.150; posterior 4.783; uncertainty -0.000 (empirical_history); evidence -0.030; final 4.753.
2c605fdf0165e6634ce800ba,Crispy Air Fryer Tofu,simplyrecipes.com,simplyrecipes.com,https://www.simplyrecipes.com/crispy-air-fryer-tofu-recipe-6455649,5.0,2,-0.11176739637550157,4.7227676693571965,5.0,4.78342064907586,0.0,empirical_history,0.030000000000000006,4.75342064907586,0.65,schema_only,Kayla Hoang,Breakfast,,0.0,2026-08-18T22:11:58.441699+00:00,280,0.9501991085460002,1.5723301886761005,278,282,0.0,0.0,36,,,,,,,,,0,,False,,,,,,,0.0,0.0,0.0,C,,,Raw 5.000; source/category adjustment +0.112; posterior 4.783; uncertainty -0.000 (empirical_history); evidence -0.030; final 4.753.
2c758d4997eab73d4dc6f833,Air Fryer Okra,delish.com,delish.com,https://www.delish.com/cooking/recipe-ideas/a39740876/air-fryer-okra-recipe/,5.0,2,-0.15,4.774757475038895,5.0,4.78342064907586,0.0,empirical_history,0.030000000000000006,4.75342064907586,0.65,schema_only,Laura Rege,,,0.0,2026-08-18T22:11:58.441699+00:00,281,0.9503563463973277,1.5723301886761005,279,283,0.0,0.0,36,,,,,,,,,0,,False,,,,,,,0.0,0.0,0.0,C,,,Raw 5.000; source/category adjustment +0.150; posterior 4.783; uncertainty -0.000 (empirical_history); evidence -0.030; final 4.753.
36bb7ae5f6d6089dbc9f124b,Air Fryer Crab Cakes,therecipecritic.com,therecipecritic.com,https://therecipecritic.com/air-fryer-crab-cakes/,5.0,2,-0.022842017616082927,4.707118877174226,5.0,4.78342064907586,0.0,empirical_history,0.030000000000000006,4.75342064907586,0.65,schema_only,,Desserts | Breakfast,,0.0,2026-08-18T22:11:58.441699+00:00,282,0.950512594470125,1.5723301886761005,280,284,0.0,0.0,36,,,,,,,,,0,,False,,,,,,,0.0,0.0,0.0,C,,,Raw 5.000; source/category adjustment +0.023; posterior 4.783; uncertainty -0.000 (empirical_history); evidence -0.030; final 4.753.
3d7e252e0ae4b2fc829d4566,Air-Fryer Steak with Tomatoes &amp; Plantains,eatingwell.com,eatingwell.com,https://www.eatingwell.com/recipe/8031398/air-fryer-steak-with-tomatoes-plantains/,5.0,2,-0.05839540647617436,4.744717557379005,5.0,4.78342064907586,0.0,empirical_history,0.030000000000000006,4.75342064907586,0.65,schema_only,Alex Loh,Beef | Breakfast,,0.0,2026-08-18T22:11:58.441699+00:00,283,0.9506678620807357,1.5723301886761005,281,285,0.0,0.0,36,,,,,,,,,0,,False,,,,,,,0.0,0.0,0.0,C,,,Raw 5.000; source/category adjustment +0.058; posterior 4.783; uncertainty -0.000 (empirical_history); evidence -0.030; final 4.753.
3da5567c4df4449f26b33e47,Air Fryer Hot Dog,thepioneerwoman.com,thepioneerwoman.com,https://www.thepioneerwoman.com/food-cooking/recipes/a60269499/air-fryer-hot-dog-recipe/,5.0,2,-0.15,4.774757475038895,5.0,4.78342064907586,0.0,empirical_history,0.030000000000000006,4.75342064907586,0.65,schema_only,Leah Perez,,,0.0,2026-08-18T22:11:58.441699+00:00,284,0.9508221584289471,1.5723301886761005,282,286,0.0,0.0,36,,,,,,,,,0,,False,,,,,,,0.0,0.0,0.0,C,,,Raw 5.000; source/category adjustment +0.150; posterior 4.783; uncertainty -0.000 (empirical_history); evidence -0.030; final 4.753.
46bd978401c74318f144d6da,Air Fryer Chicken Nuggets,therecipecritic.com,therecipecritic.com,https://therecipecritic.com/air-fryer-chicken-nuggets/,5.0,2,-0.022842017616082927,4.793370173158749,5.0,4.78342064907586,0.0,empirical_history,0.030000000000000006,4.75342064907586,0.65,schema_only,,Chicken | Snacks,,0.0,2026-08-18T22:11:58.441699+00:00,285,0.9509754925998096,1.5723301886761005,283,287,0.0,0.0,36,,,,,,,,,0,,False,,,,,,,0.0,0.0,0.0,C,,,Raw 5.000; source/category adjustment +0.023; posterior 4.783; uncertainty -0.000 (empirical_history); evidence -0.030; final 4.753.
4b85b876358448a8cf5a1942,Air Fryer Moroccan-Spiced Carrots,delish.com,delish.com,https://www.delish.com/cooking/recipe-ideas/a39800874/air-fryer-carrots-recipe/,5.0,2,-0.15,4.732422060245483,5.0,4.78342064907586,0.0,empirical_history,0.030000000000000006,4.75342064907586,0.65,schema_only,Laura Rege,Vegetables | Desserts | Breakfast,,0.0,2026-08-18T22:11:58.441699+00:00,286,0.951127873565418,1.5723301886761005,284,288,0.0,0.0,36,,,,,,,,,0,,False,,,,,,,0.0,0.0,0.0,C,,,Raw 5.000; source/category adjustment +0.150; posterior 4.783; uncertainty -0.000 (empirical_history); evidence -0.030; final 4.753.
56829d06b1606195475c16ee,Air-Fryer Butternut Squash,eatingwell.com,eatingwell.com,https://www.eatingwell.com/recipe/7910376/air-fryer-butternut-squash/,5.0,2,-0.05839540647617436,4.783028426387997,5.0,4.78342064907586,0.0,empirical_history,0.030000000000000006,4.75342064907586,0.65,schema_only,Alex Loh,Vegetables,,0.0,2026-08-18T22:11:58.441699+00:00,287,0.9512793101866625,1.5723301886761005,285,289,0.0,0.0,36,,,,,,,,,0,,False,,,,,,,0.0,0.0,0.0,C,,,Raw 5.000; source/category adjustment +0.058; posterior 4.783; uncertainty -0.000 (empirical_history); evidence -0.030; final 4.753.
577d1e54e306f7d3a67c370b,Air-Fryer Zucchini Noodle Hash with Eggs,eatingwell.com,eatingwell.com,https://www.eatingwell.com/recipe/8029697/air-fryer-zucchini-noodle-hash-with-eggs/,5.0,2,-0.05839540647617436,4.752898047872597,5.0,4.78342064907586,0.0,empirical_history,0.030000000000000006,4.75342064907586,0.65,schema_only,"Natalie Rizzo, M.S., RD",Vegetables | Breakfast,,0.0,2026-08-18T22:11:58.441699+00:00,288,0.951429811214946,1.5723301886761005,286,290,0.0,0.0,36,,,,,,,,,0,,False,,,,,,,0.0,0.0,0.0,C,,,Raw 5.000; source/category adjustment +0.058; posterior 4.783; uncertainty -0.000 (empirical_history); evidence -0.030; final 4.753.
578a4011a419de4e96650750,Air Fryer Chicken Thighs,thepioneerwoman.com,thepioneerwoman.com,https://www.thepioneerwoman.com/food-cooking/recipes/a42386389/air-fryer-chicken-thighs-recipe/,5.0,2,-0.15,4.803035731606181,5.0,4.78342064907586,0.0,empirical_history,0.030000000000000006,4.75342064907586,0.65,schema_only,"Hannah Klinger, Erin Merhar",Chicken,,0.0,2026-08-18T22:11:58.441699+00:00,289,0.9515793852938705,1.5723301886761005,287,291,0.0,0.0,36,,,,,,,,,0,,False,,,,,,,0.0,0.0,0.0,C,,,Raw 5.000; source/category adjustment +0.150; posterior 4.783; uncertainty -0.000 (empirical_history); evidence -0.030; final 4.753.
579d4f1e9270a8afeea5f884,Air Fryer Crispy Onions,allrecipes.com,allrecipes.com,https://www.allrecipes.com/air-fryer-crispy-onions-recipe-11722288,5.0,2,-0.09393325178093598,4.774757475038895,5.0,4.78342064907586,0.0,empirical_history,0.030000000000000006,4.75342064907586,0.65,schema_only,Yolanda Gutierrez,,,0.0,2026-08-18T22:11:58.441699+00:00,290,0.9517280409608911,1.5723301886761005,288,292,0.0,0.0,36,,,,,,,,,0,,False,,,,,,,0.0,0.0,0.0,C,,,Raw 5.000; source/category adjustment +0.094; posterior 4.783; uncertainty -0.000 (empirical_history); evidence -0.030; final 4.753.
5f94423b1eb09d06730d0808,Air Fryer Green Beans,delish.com,delish.com,https://www.delish.com/cooking/recipe-ideas/a41234938/air-fryer-green-beans-recipe/,5.0,2,-0.15,4.783028426387997,5.0,4.78342064907586,0.0,empirical_history,0.030000000000000006,4.75342064907586,0.65,schema_only,June Xie,Vegetables,,0.0,2026-08-18T22:11:58.441699+00:00,291,0.9518757866489408,1.5723301886761005,289,293,0.0,0.0,36,,,,,,,,,0,,False,,,,,,,0.0,0.0,0.0,C,,,Raw 5.000; source/category adjustment +0.150; posterior 4.783; uncertainty -0.000 (empirical_history); evidence -0.030; final 4.753.
613fcf73939ee6076d866f88,Air Fryer Sweet Potato Fries,thepioneerwoman.com,thepioneerwoman.com,https://www.thepioneerwoman.com/food-cooking/recipes/a38665457/air-fryer-sweet-potato-fries-recipe/,5.0,2,-0.15,4.789373351038963,5.0,4.78342064907586,0.0,empirical_history,0.030000000000000006,4.75342064907586,0.65,schema_only,Erin Merhar,Potatoes | Snacks,,0.0,2026-08-18T22:11:58.441699+00:00,292,0.952022630688025,1.5723301886761005,290,294,0.0,0.0,36,,,,,,,,,0,,False,,,,,,,0.0,0.0,0.0,C,,,Raw 5.000; source/category adjustment +0.150; posterior 4.783; uncertainty -0.000 (empirical_history); evidence -0.030; final 4.753.
647a776177efc1064e44b99c,Pollo Campero-Style Air Fryer Fried Chicken,simplyrecipes.com,simplyrecipes.com,https://www.simplyrecipes.com/pollo-campero-style-air-fryer-fried-chicken-recipe-5219868,5.0,2,-0.11176739637550157,4.803035731606181,5.0,4.78342064907586,0.0,empirical_history,0.030000000000000006,4.75342064907586,0.65,schema_only,Marisel Salazar,Chicken,,0.0,2026-08-18T22:11:58.441699+00:00,293,0.9521685813067874,1.5723301886761005,291,295,0.0,0.0,36,,,,,,,,,0,,False,,,,,,,0.0,0.0,0.0,C,,,Raw 5.000; source/category adjustment +0.112; posterior 4.783; uncertainty -0.000 (empirical_history); evidence -0.030; final 4.753.
72a120fab680a20789458210,Air-Fryer Broccoli &amp; Cheese Baked Potatoes,eatingwell.com,eatingwell.com,https://www.eatingwell.com/recipe/270212/air-fryer-broccoli-cheese-baked-potatoes/,5.0,2,-0.05839540647617436,4.789035256877304,5.0,4.78342064907586,0.0,empirical_history,0.030000000000000006,4.75342064907586,0.65,schema_only,Sarah Epperson Loveless,Potatoes | Vegetables,,0.0,2026-08-18T22:11:58.441699+00:00,294,0.9523136466340467,1.5723301886761005,292,296,0.0,0.0,36,,,,,,,,,0,,False,,,,,,,0.0,0.0,0.0,C,,,Raw 5.000; source/category adjustment +0.058; posterior 4.783; uncertainty -0.000 (empirical_history); evidence -0.030; final 4.753.
78726358f81a9f7b5ce50997,Air Fryer Copycat Nacho Fries,allrecipes.com,allrecipes.com,https://www.allrecipes.com/recipe/8538300/air-fryer-copycat-nacho-fries/,5.0,2,-0.09393325178093598,4.787258376155307,5.0,4.78342064907586,0.0,empirical_history,0.030000000000000006,4.75342064907586,0.65,schema_only,Soup Loving Nicole,Potatoes | Vegetables | Snacks,,0.0,2026-08-18T22:11:58.441699+00:00,295,0.952457834700306,1.5723301886761005,293,297,0.0,0.0,36,,,,,,,,,0,,False,,,,,,,0.0,0.0,0.0,C,,,Raw 5.000; source/category adjustment +0.094; posterior 4.783; uncertainty -0.000 (empirical_history); evidence -0.030; final 4.753.
7947768d8314d714f157d71a,Air Fryer Crab Cakes,delish.com,delish.com,https://www.delish.com/cooking/recipe-ideas/a38175659/air-fryer-crab-cakes-recipe/,5.0,2,-0.15,4.707118877174226,5.0,4.78342064907586,0.0,empirical_history,0.030000000000000006,4.75342064907586,0.65,schema_only,Olivia Mack McCool,Desserts | Breakfast,,0.0,2026-08-18T22:11:58.441699+00:00,296,0.9526011534392348,1.5723301886761005,294,298,0.0,0.0,36,,,,,,,,,0,,False,,,,,,,0.0,0.0,0.0,C,,,Raw 5.000; source/category adjustment +0.150; posterior 4.783; uncertainty -0.000 (empirical_history); evidence -0.030; final 4.753.
7e6964f71e0da37830f8f36e,Air Fryer Baklava Granola,delish.com,delish.com,https://www.delish.com/cooking/recipe-ideas/a63515504/best-air-fryer-baklava-granola-recipe/,5.0,2,-0.15,4.6914700849912565,5.0,4.78342064907586,0.0,empirical_history,0.030000000000000006,4.75342064907586,0.65,schema_only,Brooke Caison,Desserts,,0.0,2026-08-18T22:11:58.441699+00:00,297,0.9527436106891236,1.5723301886761005,295,299,0.0,0.0,36,,,,,,,,,0,,False,,,,,,,0.0,0.0,0.0,C,,,Raw 5.000; source/category adjustment +0.150; posterior 4.783; uncertainty -0.000 (empirical_history); evidence -0.030; final 4.753.
8516ec12f744a8ab4d3bb804,Air-Fryer Beets with Feta,eatingwell.com,eatingwell.com,https://www.eatingwell.com/recipe/7961021/air-fryer-beets-with-feta/,5.0,2,-0.05839540647617436,4.774757475038895,5.0,4.78342064907586,0.0,empirical_history,0.030000000000000006,4.75342064907586,0.65,schema_only,Adam Dolge,,,0.0,2026-08-18T22:11:58.441699+00:00,298,0.952885214194314,1.5723301886761005,296,300,0.0,0.0,36,,,,,,,,,0,,False,,,,,,,0.0,0.0,0.0,C,,,Raw 5.000; source/category adjustment +0.058; posterior 4.783; uncertainty -0.000 (empirical_history); evidence -0.030; final 4.753.
859953f03cf259416a97d650,Air Fryer Avocado Fries,simplyrecipes.com,simplyrecipes.com,https://www.simplyrecipes.com/recipes/air_fryer_avocado_fries/,5.0,2,-0.11176739637550157,4.76717145714504,5.0,4.78342064907586,0.0,empirical_history,0.030000000000000006,4.75342064907586,0.65,schema_only,Nick Evans,Potatoes | Breakfast | Snacks,,0.0,2026-08-18T22:11:58.441699+00:00,299,0.953025971606601,1.5723301886761005,297,301,0.0,0.0,36,,,,,,,,,0,,False,,,,,,,0.0,0.0,0.0,C,,,Raw 5.000; source/category adjustment +0.112; posterior 4.783; uncertainty -0.000 (empirical_history); evidence -0.030; final 4.753.
8c8f89bc8cd4e6b65e41f272,Air Fryer Korean-Inspired Pork Tenderloin Lettuce Wraps,delish.com,delish.com,https://www.delish.com/cooking/recipe-ideas/a39853866/air-fryer-pork-lettuce-wraps-recipe/,5.0,2,-0.15,4.775063282157987,5.0,4.78342064907586,0.0,empirical_history,0.030000000000000006,4.75342064907586,0.65,schema_only,Laura Rege,Chicken | Pork | Breakfast,,0.0,2026-08-18T22:11:58.441699+00:00,300,0.9531658904866114,1.5723301886761005,298,302,0.0,0.0,36,,,,,,,,,0,,False,,,,,,,0.0,0.0,0.0,C,,,Raw 5.000; source/category adjustment +0.150; posterior 4.783; uncertainty -0.000 (empirical_history); evidence -0.030; final 4.753.
8ce542aa12bf8166dd8bd1d4,Quick and Easy Air Fryer Nachos,allrecipes.com,allrecipes.com,https://www.allrecipes.com/recipe/8389355/quick-and-easy-air-fryer-nachos/,5.0,2,-0.09393325178093598,4.775186030056065,5.0,4.78342064907586,0.0,empirical_history,0.030000000000000006,4.75342064907586,0.65,schema_only,lutzflcat,Beef | Snacks,,0.0,2026-08-18T22:11:58.441699+00:00,301,0.9533049783051584,1.5723301886761005,299,303,0.0,0.0,36,0.0,0.0,0.0,0.0,0.0,0.0,,,1,2026-08-18T22:11:58.441699+00:00,False,,,,,,,0.0,0.0,0.0,C,,,Raw 5.000; source/category adjustment +0.094; posterior 4.783; uncertainty -0.000 (empirical_history); evidence -0.030; final 4.753.
9c7859f8ae4b80b7c9a13ed3,Air Fryer Chicken Tenders,thepioneerwoman.com,thepioneerwoman.com,https://www.thepioneerwoman.com/food-cooking/recipes/a38412149/air-fryer-chicken-tenders-recipe/,5.0,2,-0.15,4.762901700481689,5.0,4.78342064907586,0.0,empirical_history,0.030000000000000006,4.75342064907586,0.65,schema_only,Erin Merhar,Chicken | Breakfast,,0.0,2026-08-18T22:11:58.441699+00:00,302,0.9534432424445707,1.5723301886761005,300,304,0.0,0.0,36,,,,,,,,,0,,False,,,,,,,0.0,0.0,0.0,C,,,Raw 5.000; source/category adjustment +0.150; posterior 4.783; uncertainty -0.000 (empirical_history); evidence -0.030; final 4.753.
9efa8af090b7351328f42b88,The Secret to No-Mess “Fried” Chicken Is in the Snack Aisle,simplyrecipes.com,simplyrecipes.com,https://www.simplyrecipes.com/air-fryer-potato-chip-chicken-tenders-recipe-11678667,5.0,2,-0.11176739637550157,4.776137525760326,5.0,4.78342064907586,0.0,empirical_history,0.030000000000000006,4.75342064907586,0.65,schema_only,"Ali Ramee, Afton Cyrus",Chicken | Potatoes | Breakfast | Snacks,,0.0,2026-08-18T22:11:58.441699+00:00,303,0.9535806901999985,1.5723301886761005,301,305,0.0,0.0,36,,,,,,,,,0,,False,,,,,,,0.0,0.0,0.0,C,,,Raw 5.000; source/category adjustment +0.112; posterior 4.783; uncertainty -0.000 (empirical_history); evidence -0.030; final 4.753.
a518d745474a15d20daa087d,The 2-Ingredient Recipe That Made My Kids Love Cauliflower,simplyrecipes.com,simplyrecipes.com,https://www.simplyrecipes.com/crispy-air-fryer-cauliflower-recipe-11919314,5.0,2,-0.11176739637550157,4.783028426387997,5.0,4.78342064907586,0.0,empirical_history,0.030000000000000006,4.75342064907586,0.65,schema_only,Coco Morante,Vegetables,,0.0,2026-08-18T22:11:58.441699+00:00,304,0.9537173287806969,1.5723301886761005,302,306,0.0,0.0,36,,,,,,,,,0,,False,,,,,,,0.0,0.0,0.0,C,,,Raw 5.000; source/category adjustment +0.112; posterior 4.783; uncertainty -0.000 (empirical_history); evidence -0.030; final 4.753.
aa54e45f0008bf3609d47f38,Air Fryer Roasted Sweet Potatoes,allrecipes.com,allrecipes.com,https://www.allrecipes.com/recipe/285746/air-fryer-roasted-sweet-potatoes/,5.0,2,-0.09393325178093598,4.7950420873666095,5.0,4.78342064907586,0.0,empirical_history,0.030000000000000006,4.75342064907586,0.65,schema_only,Bibi,Potatoes,,0.0,2026-08-18T22:11:58.441699+00:00,305,0.9538531653112864,1.5723301886761005,303,307,0.0,0.0,36,0.0,0.0,0.0,0.0,0.0,0.0,,,1,2026-08-18T22:11:58.441699+00:00,False,,,,,,,0.0,0.0,0.0,C,,,Raw 5.000; source/category adjustment +0.094; posterior 4.783; uncertainty -0.000 (empirical_history); evidence -0.030; final 4.753.
ad514653baee7e8454c4970c,Air Fryer Yellow Squash,allrecipes.com,allrecipes.com,https://www.allrecipes.com/recipe/8449737/air-fryer-yellow-squash/,5.0,2,-0.09393325178093598,4.783028426387997,5.0,4.78342064907586,0.0,empirical_history,0.030000000000000006,4.75342064907586,0.65,schema_only,France Cevallos,Vegetables,,0.0,2026-08-18T22:11:58.441699+00:00,306,0.953988206832991,1.5723301886761005,304,308,0.0,0.0,36,,,,,,,,,0,,False,,,,,,,0.0,0.0,0.0,C,,,Raw 5.000; source/category adjustment +0.094; posterior 4.783; uncertainty -0.000 (empirical_history); evidence -0.030; final 4.753.
ad931df655b92d4d21701bcf,Air-Fryer Rotisserie Chicken,eatingwell.com,eatingwell.com,https://www.eatingwell.com/recipe/274295/air-fryer-rotisserie-chicken/,5.0,2,-0.05839540647617436,4.803035731606181,5.0,4.78342064907586,0.0,empirical_history,0.030000000000000006,4.75342064907586,0.65,schema_only,Robin Bashinsky,Chicken,,0.0,2026-08-18T22:11:58.441699+00:00,307,0.9541224603048551,1.5723301886761005,305,309,0.0,0.0,36,,,,,,,,,0,,False,,,,,,,0.0,0.0,0.0,C,,,Raw 5.000; source/category adjustment +0.058; posterior 4.783; uncertainty -0.000 (empirical_history); evidence -0.030; final 4.753.
ae9bde715ec5941762288b29,Air-Fryer Apples,eatingwell.com,eatingwell.com,https://www.eatingwell.com/recipe/7966067/air-fryer-apples/,5.0,2,-0.05839540647617436,4.6914700849912565,5.0,4.78342064907586,0.0,empirical_history,0.030000000000000006,4.75342064907586,0.65,schema_only,Laura Kanya,Desserts,,0.0,2026-08-18T22:11:58.441699+00:00,308,0.9542559326049387,1.5723301886761005,306,310,0.0,0.0,36,,,,,,,,,0,,False,,,,,,,0.0,0.0,0.0,C,,,Raw 5.000; source/category adjustment +0.058; posterior 4.783; uncertainty -0.000 (empirical_history); evidence -0.030; final 4.753.
bd9e0b07a83cec85eeed5498,Air Fryer Tortilla Quiche,allrecipes.com,allrecipes.com,https://www.allrecipes.com/air-fryer-tortilla-quiche-recipe-11873606,5.0,2,-0.09393325178093598,4.7227676693571965,5.0,4.78342064907586,0.0,empirical_history,0.030000000000000006,4.75342064907586,0.65,schema_only,Kate O'Neil,Breakfast,,0.0,2026-08-18T22:11:58.441699+00:00,309,0.9543886305314921,1.5723301886761005,307,311,0.0,0.0,36,,,,,,,,,0,,False,,,,,,,0.0,0.0,0.0,C,,,Raw 5.000; source/category adjustment +0.094; posterior 4.783; uncertainty -0.000 (empirical_history); evidence -0.030; final 4.753.
c83527fabbaaaa3e6fd01f5f,Air-Fryer Apple Danish,tasteofhome.com,tasteofhome.com,https://www.tasteofhome.com/recipes/air-fryer-apple-danish/,5.0,2,-0.06891312352872844,4.6914700849912565,5.0,4.78342064907586,0.0,empirical_history,0.030000000000000006,4.75342064907586,0.65,schema_only,Taste of Home Editorial Team,Desserts,,0.0,2026-08-18T22:11:58.441699+00:00,310,0.9545205608041109,1.5723301886761005,308,312,0.0,0.0,36,,,,,,,,,0,,False,,,,,,,0.0,0.0,0.0,C,,,Raw 5.000; source/category adjustment +0.069; posterior 4.783; uncertainty -0.000 (empirical_history); evidence -0.030; final 4.753.
cef00032f16d16e9d8147101,Air-Fryer Popcorn Shrimp,eatingwell.com,eatingwell.com,https://www.eatingwell.com/recipe/270400/air-fryer-popcorn-shrimp/,5.0,2,-0.05839540647617436,4.783293414341193,5.0,4.78342064907586,0.0,empirical_history,0.030000000000000006,4.75342064907586,0.65,schema_only,Robin Bashinsky,Seafood | Breakfast,,0.0,2026-08-18T22:11:58.441699+00:00,311,0.9546517300648683,1.5723301886761005,309,313,0.0,0.0,36,,,,,,,,,0,,False,,,,,,,0.0,0.0,0.0,C,,,Raw 5.000; source/category adjustment +0.058; posterior 4.783; uncertainty -0.000 (empirical_history); evidence -0.030; final 4.753.
cf0955b743cbc5163ef07a83,Air Fryer Halloumi,allrecipes.com,allrecipes.com,https://www.allrecipes.com/recipe/8462063/air-fryer-halloumi-cheese/,5.0,2,-0.09393325178093598,4.774757475038895,5.0,4.78342064907586,0.0,empirical_history,0.030000000000000006,4.75342064907586,0.65,schema_only,lutzflcat,,,0.0,2026-08-18T22:11:58.441699+00:00,312,0.9547821448794322,1.5723301886761005,310,314,0.0,0.0,36,,,,,,,,,0,,False,,,,,,,0.0,0.0,0.0,C,,,Raw 5.000; source/category adjustment +0.094; posterior 4.783; uncertainty -0.000 (empirical_history); evidence -0.030; final 4.753.
d6d76f0afbf7a083d2007331,Air Fryer Brussels Sprouts,simplyrecipes.com,simplyrecipes.com,https://www.simplyrecipes.com/air-fryer-brussels-sprouts-recipe-6281198,5.0,2,-0.11176739637550157,4.783028426387997,5.0,4.78342064907586,0.0,empirical_history,0.030000000000000006,4.75342064907586,0.65,schema_only,Kayla Hoang,Vegetables,,0.0,2026-08-18T22:11:58.441699+00:00,313,0.9549118117381593,1.5723301886761005,311,315,0.0,0.0,36,,,,,,,,,0,,False,,,,,,,0.0,0.0,0.0,C,,,Raw 5.000; source/category adjustment +0.112; posterior 4.783; uncertainty -0.000 (empirical_history); evidence -0.030; final 4.753.
d75878ce863116bc4c57df63,Air Fryer Bacon,simplyrecipes.com,simplyrecipes.com,https://www.simplyrecipes.com/air-fryer-bacon-5409266,5.0,2,-0.11176739637550157,4.761077057433891,5.0,4.78342064907586,0.0,empirical_history,0.030000000000000006,4.75342064907586,0.65,schema_only,Nick Evans,Pork | Breakfast,,0.0,2026-08-18T22:11:58.441699+00:00,314,0.9550407370571717,1.5723301886761005,312,316,0.0,0.0,36,,,,,,,,,0,,False,,,,,,,0.0,0.0,0.0,C,,,Raw 5.000; source/category adjustment +0.112; posterior 4.783; uncertainty -0.000 (empirical_history); evidence -0.030; final 4.753.
db4946edd883a7ad03dac47e,Air-Fryer Chicken Tenders,eatingwell.com,eatingwell.com,https://www.eatingwell.com/recipe/7962213/air-fryer-chicken-tenders/,5.0,2,-0.05839540647617436,4.762901700481689,5.0,4.78342064907586,0.0,empirical_history,0.030000000000000006,4.75342064907586,0.65,schema_only,Adam Dolge,Chicken | Breakfast,,0.0,2026-08-18T22:11:58.441699+00:00,315,0.9551689271794161,1.5723301886761005,313,317,0.0,0.0,36,,,,,,,,,0,,False,,,,,,,0.0,0.0,0.0,C,,,Raw 5.000; source/category adjustment +0.058; posterior 4.783; uncertainty -0.000 (empirical_history); evidence -0.030; final 4.753.
e57b3cafa699534898b163c6,Air Fryer Smashed Broccoli,allrecipes.com,allrecipes.com,https://www.allrecipes.com/air-fryer-smashed-broccoli-recipe-11910899,5.0,2,-0.09393325178093598,4.768394180418593,5.0,4.78342064907586,0.0,empirical_history,0.030000000000000006,4.75342064907586,0.65,schema_only,TheDailyGourmet,Vegetables | Pork | Breakfast,,0.0,2026-08-18T22:11:58.441699+00:00,316,0.9552963883757033,1.5723301886761005,314,318,0.0,0.0,36,,,,,,,,,0,,False,,,,,,,0.0,0.0,0.0,C,,,Raw 5.000; source/category adjustment +0.094; posterior 4.783; uncertainty -0.000 (empirical_history); evidence -0.030; final 4.753.
efa3f6ada22deaf1af7111ee,Air-Fryer Zucchini Chips,eatingwell.com,eatingwell.com,https://www.eatingwell.com/recipe/280370/air-fryer-zucchini-chips/,5.0,2,-0.05839540647617436,4.763166903485503,5.0,4.78342064907586,0.0,empirical_history,0.030000000000000006,4.75342064907586,0.65,schema_only,Karen Rankin,Vegetables | Breakfast | Snacks,,0.0,2026-08-18T22:11:58.441699+00:00,317,0.9554231268457313,1.5723301886761005,315,319,0.0,0.0,36,,,,,,,,,0,,False,,,,,,,0.0,0.0,0.0,C,,,Raw 5.000; source/category adjustment +0.058; posterior 4.783; uncertainty -0.000 (empirical_history); evidence -0.030; final 4.753.
fd3907edba356c435c41f10e,Air-Fryer Fish Cakes,eatingwell.com,eatingwell.com,https://www.eatingwell.com/recipe/270216/air-fryer-fish-cakes/,5.0,2,-0.05839540647617436,4.752685637891214,5.0,4.78342064907586,0.0,empirical_history,0.030000000000000006,4.75342064907586,0.65,schema_only,Adam Hickman,Desserts | Seafood | Breakfast,,0.0,2026-08-18T22:11:58.441699+00:00,318,0.9555491487190896,1.5723301886761005,316,320,0.0,0.0,36,,,,,,,,,0,,False,,,,,,,0.0,0.0,0.0,C,,,Raw 5.000; source/category adjustment +0.058; posterior 4.783; uncertainty -0.000 (empirical_history); evidence -0.030; final 4.753.
fe2dbe1f8bfc11287a51f2ef,Air-Fryer Fish Tacos,eatingwell.com,eatingwell.com,https://www.eatingwell.com/recipe/7962551/air-fryer-fish-tacos/,5.0,2,-0.05839540647617436,4.783293414341193,5.0,4.78342064907586,0.0,empirical_history,0.030000000000000006,4.75342064907586,0.65,schema_only,Hilary Meyer,Seafood | Breakfast,,0.0,2026-08-18T22:11:58.441699+00:00,319,0.9556744600562487,1.5723301886761005,317,321,0.0,0.0,36,,,,,,,,,0,,False,,,,,,,0.0,0.0,0.0,C,,,Raw 5.000; source/category adjustment +0.058; posterior 4.783; uncertainty -0.000 (empirical_history); evidence -0.030; final 4.753.
fe42ac3c213c7b85b96b1c97,Air Fryer Grilled Cheese,delish.com,delish.com,https://www.delish.com/cooking/recipe-ideas/a38688377/air-fryer-grilled-cheese-recipe/,5.0,2,-0.15,4.774757475038895,5.0,4.78342064907586,0.0,empirical_history,0.030000000000000006,4.75342064907586,0.65,schema_only,Justin Sullivan,,,0.0,2026-08-18T22:11:58.441699+00:00,320,0.9557990668495304,1.5723301886761005,318,322,0.0,0.0,36,,,,,,,,,0,,False,,,,,,,0.0,0.0,0.0,C,,,Raw 5.000; source/category adjustment +0.150; posterior 4.783; uncertainty -0.000 (empirical_history); evidence -0.030; final 4.753.
9803cfa62800293fed356785,Air Fryer Chicken Legs,kristineskitchenblog.com,kristineskitchenblog.com,https://kristineskitchenblog.com/air-fryer-chicken-legs/,5.0,3,0.07454650890542386,4.803035731606181,4.925453491094576,4.7832874382118575,0.0,empirical_history,0.030000000000000006,4.753287438211857,0.65,schema_only,,Chicken,,0.0,2026-08-18T22:11:58.441699+00:00,321,0.9559229750240642,1.5723301886761005,319,323,0.0,0.0,36,,,,,,,,,0,,False,,,,,,,0.0,0.0,0.0,C,,,Raw 5.000; source/category adjustment -0.075; posterior 4.783; uncertainty -0.000 (empirical_history); evidence -0.030; final 4.753.
b53001fe5fd58f1f6b0b53bc,Air Fryer Asparagus,allrecipes.com,allrecipes.com,https://www.allrecipes.com/recipe/279177/air-fryer-roasted-asparagus/,4.7,39,-0.09393325178093598,4.783028426387997,4.7939332517809365,4.78316034349889,0.0,empirical_history,0.030000000000000006,4.75316034349889,0.65,schema_only,Yoly,Vegetables,,0.0,2026-08-18T22:11:58.441699+00:00,322,0.5498041542132592,28.003967972810965,267,324,0.0,0.0,36,0.0,0.0,0.0,0.0,0.0,0.0,,,1,2026-08-18T22:11:58.441699+00:00,False,,,,,,,0.0,0.0,0.0,C,,,Raw 4.700; source/category adjustment +0.094; posterior 4.783; uncertainty -0.000 (empirical_history); evidence -0.030; final 4.753.
2d6c205fbc1d0773c106bc91,Air Fryer Hamburgers,allrecipes.com,allrecipes.com,https://www.allrecipes.com/recipe/286357/air-fryer-hamburger-patties/,4.7,38,-0.09393325178093598,4.783026945455699,4.7939332517809365,4.783037924086594,0.0,empirical_history,0.030000000000000006,4.753037924086594,0.65,schema_only,France Cevallos,Beef | Pork,,0.0,2026-08-18T22:11:58.441699+00:00,323,0.5641058382145528,26.504192540468427,271,325,0.0,0.0,36,0.0,0.0,0.0,0.0,0.0,0.0,,,1,2026-08-18T22:11:58.441699+00:00,False,,,,,,,0.0,0.0,0.0,C,,,Raw 4.700; source/category adjustment +0.094; posterior 4.783; uncertainty -0.000 (empirical_history); evidence -0.030; final 4.753.
6ac88482373b62fd20dde09e,Air Fryer Bread Recipe,feelgoodfoodie.net,feelgoodfoodie.net,https://feelgoodfoodie.net/recipe/air-fryer-bread/,5.0,3,0.08453302126560262,4.774757475038895,4.915466978734397,4.7827221639273185,0.0,empirical_history,0.030000000000000006,4.752722163927318,0.65,schema_only,,,,0.0,2026-08-18T22:11:58.441699+00:00,324,0.9068954898247652,3.531603350069515,321,329,0.0,0.0,36,,,,,,,,,0,,False,,,,,,,0.0,0.0,0.0,C,,,Raw 5.000; source/category adjustment -0.085; posterior 4.783; uncertainty -0.000 (empirical_history); evidence -0.030; final 4.753.
8f360cffeb1a088ad480a8f8,Air Fryer Grilled Cheese,feelgoodfoodie.net,feelgoodfoodie.net,https://feelgoodfoodie.net/recipe/air-fryer-grilled-cheese/,5.0,3,0.08453302126560262,4.774757475038895,4.915466978734397,4.7827221639273185,0.0,empirical_history,0.030000000000000006,4.752722163927318,0.65,schema_only,,,,0.0,2026-08-18T22:11:58.441699+00:00,325,0.9071402980946619,3.531603350069515,322,330,0.0,0.0,36,,,,,,,,,0,,False,,,,,,,0.0,0.0,0.0,C,,,Raw 5.000; source/category adjustment -0.085; posterior 4.783; uncertainty -0.000 (empirical_history); evidence -0.030; final 4.753.
fdfe67c546152042902b6aa4,Simple Air Fryer Brussels Sprouts,allrecipes.com,allrecipes.com,https://www.allrecipes.com/recipe/269967/simple-air-fryer-brussels-sprouts/,4.7,35,-0.09393325178093598,4.783028426387997,4.7939332517809365,4.782653383109147,0.0,empirical_history,0.030000000000000006,4.752653383109147,0.65,schema_only,FrackFamily5 CACT,Vegetables,,0.0,2026-08-18T22:11:58.441699+00:00,326,0.5080516153219529,33.503316585410204,323,391,0.0,0.0,36,0.0,0.0,0.0,0.0,0.0,0.0,,,1,2026-08-18T22:11:58.441699+00:00,False,,,,,,,0.0,0.0,0.0,C,,,Raw 4.700; source/category adjustment +0.094; posterior 4.783; uncertainty -0.000 (empirical_history); evidence -0.030; final 4.753.
25a965fbeaa8d03468f1ba0e,Air Fryer Rib-Eye Steak,allrecipes.com,allrecipes.com,https://www.allrecipes.com/recipe/271044/air-fryer-rib-eye-steak/,4.7,34,-0.09393325178093598,4.766667445400813,4.7939332517809365,4.782519098958293,0.0,empirical_history,0.030000000000000006,4.752519098958293,0.65,schema_only,ALAN,Beef,,0.0,2026-08-18T22:11:58.441699+00:00,327,0.5050705898374449,34.00326781681758,324,393,0.0,0.0,36,,,,,,,,,0,,False,,,,,,,0.0,0.0,0.0,C,,,Raw 4.700; source/category adjustment +0.094; posterior 4.783; uncertainty -0.000 (empirical_history); evidence -0.030; final 4.753.
628e51af73e573a7e383768c,Air Fryer Roasted Garlic,allrecipes.com,allrecipes.com,https://www.allrecipes.com/recipe/279505/air-fryer-roasted-garlic/,4.7,34,-0.09393325178093598,4.774757475038895,4.7939332517809365,4.782519098958293,0.0,empirical_history,0.030000000000000006,4.752519098958293,0.65,schema_only,Yoly,,,0.0,2026-08-18T22:11:58.441699+00:00,328,0.5057899298133894,34.00326781681758,325,394,0.0,0.0,36,0.0,0.0,0.0,0.0,0.0,0.0,,,1,2026-08-18T22:11:58.441699+00:00,False,,,,,,,0.0,0.0,0.0,C,,,Raw 4.700; source/category adjustment +0.094; posterior 4.783; uncertainty -0.000 (empirical_history); evidence -0.030; final 4.753.
297ef731f6d343e58420310b,Air Fryer Roasted Okra,allrecipes.com,allrecipes.com,https://www.allrecipes.com/recipe/267772/air-fryer-roasted-okra/,4.7,33,-0.09393325178093598,4.774757475038895,4.7939332517809365,4.782381579044767,0.0,empirical_history,0.030000000000000006,4.7523815790447665,0.65,schema_only,Soup Loving Nicole,,,0.0,2026-08-18T22:11:58.441699+00:00,329,0.5102091790596576,33.503316585410204,327,395,0.0,0.0,36,0.0,0.0,0.0,0.0,0.0,0.0,,,1,2026-08-18T22:11:58.441699+00:00,False,,,,,,,0.0,0.0,0.0,C,,,Raw 4.700; source/category adjustment +0.094; posterior 4.782; uncertainty -0.000 (empirical_history); evidence -0.030; final 4.752.
3446cc10bd2e4396ae534d55,Air-Fryer Jalapeño Poppers,eatingwell.com,eatingwell.com,https://www.eatingwell.com/recipe/270217/air-fryer-jalapeno-poppers/,4.8,5,-0.05839540647617436,4.803035731606181,4.858395406476174,4.782360923351375,0.0,empirical_history,0.030000000000000006,4.752360923351374,0.65,schema_only,Adam Hickman,Chicken,,0.0,2026-08-18T22:11:58.441699+00:00,330,0.932238108835355,2.544056253745625,325,331,0.0,0.0,36,,,,,,,,,0,,False,,,,,,,0.0,0.0,0.0,C,,,Raw 4.800; source/category adjustment +0.058; posterior 4.782; uncertainty -0.000 (empirical_history); evidence -0.030; final 4.752.
76771440082dde4423f102c8,Air Fryer Chicken Milanese with Arugula,skinnytaste.com,skinnytaste.com,https://www.skinnytaste.com/air-fryer-chicken-milanese/,4.85,38,0.057660045864427495,4.762901700481689,4.7923399541355725,4.782349909194279,0.0,empirical_history,0.030000000000000006,4.752349909194279,0.65,schema_only,,Chicken | Breakfast,,0.0,2026-08-18T22:11:58.441699+00:00,331,0.5030593725540735,34.67307633052225,326,397,0.0,0.0,36,,,,,,,,,0,,False,,,,,,,0.0,0.0,0.0,C,,,Raw 4.850; source/category adjustment -0.058; posterior 4.782; uncertainty -0.000 (empirical_history); evidence -0.030; final 4.752.
00cc1f0b165dfb24b1fa34ba,Air Fryer Nashville Hot Chicken,airfryingfoodie.com,airfryingfoodie.com,https://airfryingfoodie.com/air-fryer-nashville-hot-chicken/,5.0,2,0.031006913164291352,4.762901700481689,4.968993086835709,4.782228075492618,0.0,empirical_history,0.030000000000000006,4.752228075492618,0.65,schema_only,Becky,Chicken | Breakfast,,0.0,2026-08-18T23:34:22.619805+00:00,332,0.927567099856862,2.748737083745107,326,333,0.0,0.0,36,,,,,,,,,0,,False,,,,,,,,,,C,,,Raw 5.000; source/category adjustment -0.031; posterior 4.782; uncertainty -0.000 (empirical_history); evidence -0.030; final 4.752.
035fca7a0b4665516ca328c9,Air Fryer Frozen Brussels Sprouts,airfryingfoodie.com,airfryingfoodie.com,https://airfryingfoodie.com/air-fryer-frozen-brussels-sprouts/,5.0,2,0.031006913164291352,4.783028426387997,4.968993086835709,4.782228075492618,0.0,empirical_history,0.030000000000000006,4.752228075492618,0.65,schema_only,Becky,Vegetables,,0.0,2026-08-18T21:44:52.082063+00:00,333,0.9277574685936316,2.748737083745107,327,334,0.0,0.0,36,,,,,,,,,0,,False,,,,,,,,,,C,,,Raw 5.000; source/category adjustment -0.031; posterior 4.782; uncertainty -0.000 (empirical_history); evidence -0.030; final 4.752.
03c5b46a446e3225f94b961f,Air Fryer Honey Glazed Pears,airfryingfoodie.com,airfryingfoodie.com,https://airfryingfoodie.com/air-fryer-honey-glazed-pears/,5.0,2,0.031006913164291352,4.6914700849912565,4.968993086835709,4.782228075492618,0.0,empirical_history,0.030000000000000006,4.752228075492618,0.65,schema_only,Becky,Desserts,,0.0,2026-08-18T23:34:22.619805+00:00,334,0.9279468392961211,2.748737083745107,328,335,0.0,0.0,36,,,,,,,,,0,,False,,,,,,,,,,C,,,Raw 5.000; source/category adjustment -0.031; posterior 4.782; uncertainty -0.000 (empirical_history); evidence -0.030; final 4.752.
04d41e7a8b2b5ef5f5f722b5,Air Fryer Keto Coconut Shrimp,airfryingfoodie.com,airfryingfoodie.com,https://airfryingfoodie.com/air-fryer-keto-coconut-shrimp/,5.0,2,0.031006913164291352,4.783293414341193,4.968993086835709,4.782228075492618,0.0,empirical_history,0.030000000000000006,4.752228075492618,0.65,schema_only,,Seafood | Breakfast,,0.0,2026-08-18T23:34:22.619805+00:00,335,0.9281352197923088,2.748737083745107,329,336,0.0,0.0,36,,,,,,,,,0,,False,,,,,,,,,,C,,,Raw 5.000; source/category adjustment -0.031; posterior 4.782; uncertainty -0.000 (empirical_history); evidence -0.030; final 4.752.
07bf106cc04dc282456604b3,Air Fryer Keto Fried Shrimp,airfryingfoodie.com,airfryingfoodie.com,https://airfryingfoodie.com/air-fryer-keto-fried-shrimp/,5.0,2,0.031006913164291352,4.783293414341193,4.968993086835709,4.782228075492618,0.0,empirical_history,0.030000000000000006,4.752228075492618,0.65,schema_only,,Seafood | Breakfast,,0.0,2026-08-18T23:34:22.619805+00:00,336,0.9283226178285225,2.748737083745107,330,337,0.0,0.0,36,,,,,,,,,0,,False,,,,,,,,,,C,,,Raw 5.000; source/category adjustment -0.031; posterior 4.782; uncertainty -0.000 (empirical_history); evidence -0.030; final 4.752.
0a0167e64672d9ee28b9a3c8,Air Fryer Blueberry Hand Pies,airfryingfoodie.com,airfryingfoodie.com,https://airfryingfoodie.com/air-fryer-blueberry-hand-pies/,5.0,2,0.031006913164291352,4.7227676693571965,4.968993086835709,4.782228075492618,0.0,empirical_history,0.030000000000000006,4.752228075492618,0.65,schema_only,Jen,Breakfast,,0.0,2026-08-18T22:11:58.441699+00:00,337,0.9285090410705016,2.748737083745107,331,338,0.0,0.0,36,0.0,0.0,0.0,0.0,0.0,0.0,,,1,2026-08-18T22:11:58.441699+00:00,False,,,,,,,0.0,0.0,0.0,C,,,Raw 5.000; source/category adjustment -0.031; posterior 4.782; uncertainty -0.000 (empirical_history); evidence -0.030; final 4.752.
2a8d35dd6d9e768e033fc78f,Air Fryer Frozen Mini Tacos,airfryingfoodie.com,airfryingfoodie.com,https://airfryingfoodie.com/air-fryer-frozen-mini-tacos/,5.0,2,0.031006913164291352,4.774757475038895,4.968993086835709,4.782228075492618,0.0,empirical_history,0.030000000000000006,4.752228075492618,0.65,schema_only,Jen,,,0.0,2026-08-18T21:44:52.082063+00:00,338,0.9286944971044416,2.748737083745107,332,339,0.0,0.0,36,,,,,,,,,0,,False,,,,,,,,,,C,,,Raw 5.000; source/category adjustment -0.031; posterior 4.782; uncertainty -0.000 (empirical_history); evidence -0.030; final 4.752.
2d6f1a33c372cb7af99742b7,Air Fryer Chocolate Chip Muffins,airfryingfoodie.com,airfryingfoodie.com,https://airfryingfoodie.com/air-fryer-chocolate-chip-muffins/,5.0,2,0.031006913164291352,4.753236142034257,4.968993086835709,4.782228075492618,0.0,empirical_history,0.030000000000000006,4.752228075492618,0.65,schema_only,Jen,Breakfast | Snacks,,0.0,2026-08-18T22:11:58.441699+00:00,339,0.9288789934380245,2.748737083745107,333,340,0.0,0.0,36,0.0,0.0,0.0,0.0,0.0,0.0,,,1,2026-08-18T22:11:58.441699+00:00,False,,,,,,,0.0,0.0,0.0,C,,,Raw 5.000; source/category adjustment -0.031; posterior 4.782; uncertainty -0.000 (empirical_history); evidence -0.030; final 4.752.
36aac76de334e98c5dd3c57b,Air Fryer Mozzarella Sticks,airfryingfoodie.com,airfryingfoodie.com,https://airfryingfoodie.com/air-fryer-mozzarella-sticks/,5.0,2,0.031006913164291352,4.7227676693571965,4.968993086835709,4.782228075492618,0.0,empirical_history,0.030000000000000006,4.752228075492618,0.65,schema_only,Becky,Breakfast,,0.0,2026-08-18T23:34:22.619805+00:00,340,0.9290625375014303,2.748737083745107,334,341,0.0,0.0,36,,,,,,,,,0,,False,,,,,,,,,,C,,,Raw 5.000; source/category adjustment -0.031; posterior 4.782; uncertainty -0.000 (empirical_history); evidence -0.030; final 4.752.
37877d7685c150154eb5207b,Air Fryer Baked Potato,airfryingfoodie.com,airfryingfoodie.com,https://airfryingfoodie.com/air-fryer-baked-potato/,5.0,2,0.031006913164291352,4.7950420873666095,4.968993086835709,4.782228075492618,0.0,empirical_history,0.030000000000000006,4.752228075492618,0.65,schema_only,Becky,Potatoes,,0.0,2026-08-18T22:11:58.441699+00:00,341,0.9292451366483361,2.748737083745107,335,342,0.0,0.0,36,0.0,0.0,0.0,0.0,0.0,0.0,,,1,2026-08-18T22:11:58.441699+00:00,False,,,,,,,0.0,0.0,0.0,C,,,Raw 5.000; source/category adjustment -0.031; posterior 4.782; uncertainty -0.000 (empirical_history); evidence -0.030; final 4.752.
38f9d28b1952247120f5318f,Air Fryer Buffalo Chicken Wings,airfryingfoodie.com,airfryingfoodie.com,https://airfryingfoodie.com/air-fryer-buffalo-chicken-wings/,5.0,2,0.031006913164291352,4.803035731606181,4.968993086835709,4.782228075492618,0.0,empirical_history,0.030000000000000006,4.752228075492618,0.65,schema_only,,Chicken,,0.0,2026-08-18T22:11:58.441699+00:00,342,0.9294267981568967,2.748737083745107,336,343,0.0,0.0,36,0.0,0.0,0.0,0.0,0.0,0.0,,,1,2026-08-18T22:11:58.441699+00:00,False,,,,,,,0.0,0.0,0.0,C,,,Raw 5.000; source/category adjustment -0.031; posterior 4.782; uncertainty -0.000 (empirical_history); evidence -0.030; final 4.752.
3be6087c5d048f8659549dc4,Air Fryer Cowboy Casserole,airfryingfoodie.com,airfryingfoodie.com,https://airfryingfoodie.com/air-fryer-cowboy-casserole/,5.0,2,0.031006913164291352,4.788248421457868,4.968993086835709,4.782228075492618,0.0,empirical_history,0.030000000000000006,4.752228075492618,0.65,schema_only,Jen,Chicken | Potatoes | Beef,,0.0,2026-08-18T22:11:58.441699+00:00,343,0.9296075292307129,2.748737083745107,337,344,0.0,0.0,36,0.0,0.0,0.0,0.0,0.0,0.0,,,1,2026-08-18T22:11:58.441699+00:00,False,,,,,,,0.0,0.0,0.0,C,,,Raw 5.000; source/category adjustment -0.031; posterior 4.782; uncertainty -0.000 (empirical_history); evidence -0.030; final 4.752.
40f4aec94755d3d79008336a,Air Fryer Egg Rolls,airfryingfoodie.com,airfryingfoodie.com,https://airfryingfoodie.com/air-fryer-egg-rolls/,5.0,2,0.031006913164291352,4.768394180418593,4.968993086835709,4.782228075492618,0.0,empirical_history,0.030000000000000006,4.752228075492618,0.65,schema_only,Becky,Vegetables | Pork | Breakfast,,0.0,2026-08-18T21:44:52.082063+00:00,344,0.9297873369997827,2.748737083745107,338,345,0.0,0.0,36,,,,,,,,,0,,False,,,,,,,,,,C,,,Raw 5.000; source/category adjustment -0.031; posterior 4.782; uncertainty -0.000 (empirical_history); evidence -0.030; final 4.752.
42537301ed6c49e393104c70,Air Fryer Calzones,airfryingfoodie.com,airfryingfoodie.com,https://airfryingfoodie.com/air-fryer-calzone/,5.0,2,0.031006913164291352,4.774757475038895,4.968993086835709,4.782228075492618,0.0,empirical_history,0.030000000000000006,4.752228075492618,0.65,schema_only,,,,0.0,2026-08-18T22:11:58.441699+00:00,345,0.9299662285214395,2.748737083745107,339,346,0.0,0.0,36,0.0,0.0,0.0,0.0,0.0,0.0,,,1,2026-08-18T22:11:58.441699+00:00,False,,,,,,,0.0,0.0,0.0,C,,,Raw 5.000; source/category adjustment -0.031; posterior 4.782; uncertainty -0.000 (empirical_history); evidence -0.030; final 4.752.
476d5ffc3fd3a4cef05edfb5,Air Fryer Bacon Wrapped Shrimp,airfryingfoodie.com,airfryingfoodie.com,https://airfryingfoodie.com/air-fryer-bacon-wrapped-shrimp/,5.0,2,0.031006913164291352,4.788657758064324,4.968993086835709,4.782228075492618,0.0,empirical_history,0.030000000000000006,4.752228075492618,0.65,schema_only,Jen,Pork | Seafood | Breakfast,,0.0,2026-08-18T22:39:54.145145+00:00,346,0.9301442107812756,2.748737083745107,340,347,0.0,0.0,36,0.0,0.0,0.0,0.0,0.0,0.0,,,1,2026-08-18T22:39:54.145145+00:00,False,,,,,,,0.0,0.0,0.0,C,,,Raw 5.000; source/category adjustment -0.031; posterior 4.782; uncertainty -0.000 (empirical_history); evidence -0.030; final 4.752.
48cab035d28e14fcb56a59bf,Air Fryer Lemon Pepper Chicken Thighs,airfryingfoodie.com,airfryingfoodie.com,https://airfryingfoodie.com/air-fryer-lemon-pepper-chicken-thighs/,5.0,2,0.031006913164291352,4.803035731606181,4.968993086835709,4.782228075492618,0.0,empirical_history,0.030000000000000006,4.752228075492618,0.65,schema_only,Jen,Chicken,,0.0,2026-08-18T23:34:22.619805+00:00,347,0.9303212906940506,2.748737083745107,341,348,0.0,0.0,36,,,,,,,,,0,,False,,,,,,,,,,C,,,Raw 5.000; source/category adjustment -0.031; posterior 4.782; uncertainty -0.000 (empirical_history); evidence -0.030; final 4.752.
4aea2d326aeee7652b904c0a,Air Fryer Frozen Pizza,airfryingfoodie.com,airfryingfoodie.com,https://airfryingfoodie.com/air-fryer-frozen-pizza/,5.0,2,0.031006913164291352,4.774757475038895,4.968993086835709,4.782228075492618,0.0,empirical_history,0.030000000000000006,4.752228075492618,0.65,schema_only,Becky,,,0.0,2026-08-18T21:44:52.082063+00:00,348,0.9304974751045878,2.748737083745107,342,349,0.0,0.0,36,,,,,,,,,0,,False,,,,,,,,,,C,,,Raw 5.000; source/category adjustment -0.031; posterior 4.782; uncertainty -0.000 (empirical_history); evidence -0.030; final 4.752.
4de24334aa748d950d0e3108,Air Fryer Fried Pickles,airfryingfoodie.com,airfryingfoodie.com,https://airfryingfoodie.com/air-fryer-fried-pickles/,5.0,2,0.031006913164291352,4.7227676693571965,4.968993086835709,4.782228075492618,0.0,empirical_history,0.030000000000000006,4.752228075492618,0.65,schema_only,Becky,Breakfast,,0.0,2026-08-18T21:44:52.082063+00:00,349,0.9306727707886562,2.748737083745107,343,350,0.0,0.0,36,,,,,,,,,0,,False,,,,,,,,,,C,,,Raw 5.000; source/category adjustment -0.031; posterior 4.782; uncertainty -0.000 (empirical_history); evidence -0.030; final 4.752.
504e0dcbbaedca03da856956,Air Fryer Cupcakes,airfryingfoodie.com,airfryingfoodie.com,https://airfryingfoodie.com/air-fryer-cupcakes/,5.0,2,0.031006913164291352,4.732422060245483,4.968993086835709,4.782228075492618,0.0,empirical_history,0.030000000000000006,4.752228075492618,0.65,schema_only,Becky,Vegetables | Desserts | Breakfast,,0.0,2026-08-18T21:44:52.082063+00:00,350,0.9308471844538382,2.748737083745107,344,351,0.0,0.0,36,,,,,,,,,0,,False,,,,,,,,,,C,,,Raw 5.000; source/category adjustment -0.031; posterior 4.782; uncertainty -0.000 (empirical_history); evidence -0.030; final 4.752.
52e078cb24596eedb2a151d3,Air Fryer Bacon Wrapped Asparagus,airfryingfoodie.com,airfryingfoodie.com,https://airfryingfoodie.com/air-fryer-bacon-wrapped-asparagus/,5.0,2,0.031006913164291352,4.768394180418593,4.968993086835709,4.782228075492618,0.0,empirical_history,0.030000000000000006,4.752228075492618,0.65,schema_only,Becky,Vegetables | Pork | Breakfast,,0.0,2026-08-18T22:11:58.441699+00:00,351,0.9310207227403862,2.748737083745107,345,352,0.0,0.0,36,0.0,0.0,0.0,0.0,0.0,0.0,,,1,2026-08-18T22:11:58.441699+00:00,False,,,,,,,0.0,0.0,0.0,C,,,Raw 5.000; source/category adjustment -0.031; posterior 4.782; uncertainty -0.000 (empirical_history); evidence -0.030; final 4.752.
5f36d10c7df54ec01dcd8b11,Air Fried Banana Pudding Pie,airfryingfoodie.com,airfryingfoodie.com,https://airfryingfoodie.com/air-fried-banana-pudding-pie/,5.0,2,0.031006913164291352,4.7227676693571965,4.968993086835709,4.782228075492618,0.0,empirical_history,0.030000000000000006,4.752228075492618,0.65,schema_only,,Breakfast,,0.0,2026-08-18T22:11:58.441699+00:00,352,0.9311933922220648,2.748737083745107,346,353,0.0,0.0,36,0.0,0.0,0.0,0.0,0.0,0.0,,,1,2026-08-18T22:11:58.441699+00:00,False,,,,,,,0.0,0.0,0.0,C,,,Raw 5.000; source/category adjustment -0.031; posterior 4.782; uncertainty -0.000 (empirical_history); evidence -0.030; final 4.752.
6fd7ac4efae1aaa070875392,Air Fryer Chicken Street Tacos,airfryingfoodie.com,airfryingfoodie.com,https://airfryingfoodie.com/air-fryer-chicken-street-tacos/,5.0,2,0.031006913164291352,4.803035731606181,4.968993086835709,4.782228075492618,0.0,empirical_history,0.030000000000000006,4.752228075492618,0.65,schema_only,Becky,Chicken,,0.0,2026-08-18T22:11:58.441699+00:00,353,0.9313651994069806,2.748737083745107,347,354,0.0,0.0,36,0.0,0.0,0.0,0.0,0.0,0.0,,,1,2026-08-18T22:11:58.441699+00:00,False,,,,,,,0.0,0.0,0.0,C,,,Raw 5.000; source/category adjustment -0.031; posterior 4.782; uncertainty -0.000 (empirical_history); evidence -0.030; final 4.752.
6febaaf241f588006191381f,Air Fryer Garlic Bread,airfryingfoodie.com,airfryingfoodie.com,https://airfryingfoodie.com/air-fryer-garlic-bread/,5.0,2,0.031006913164291352,4.774757475038895,4.968993086835709,4.782228075492618,0.0,empirical_history,0.030000000000000006,4.752228075492618,0.65,schema_only,Becky,,,0.0,2026-08-18T21:44:52.082063+00:00,354,0.9315361507384007,2.748737083745107,348,355,0.0,0.0,36,,,,,,,,,0,,False,,,,,,,,,,C,,,Raw 5.000; source/category adjustment -0.031; posterior 4.782; uncertainty -0.000 (empirical_history); evidence -0.030; final 4.752.
74373a1acb0f18c56fc06c7f,Air Fryer Bang Bang Shrimp,airfryingfoodie.com,airfryingfoodie.com,https://airfryingfoodie.com/air-fryer-bang-bang-shrimp/,5.0,2,0.031006913164291352,4.783293414341193,4.968993086835709,4.782228075492618,0.0,empirical_history,0.030000000000000006,4.752228075492618,0.65,schema_only,Jen,Seafood | Breakfast,,0.0,2026-08-18T22:11:58.441699+00:00,355,0.9317062525955575,2.748737083745107,349,356,0.0,0.0,36,0.0,0.0,0.0,0.0,0.0,0.0,,,1,2026-08-18T22:11:58.441699+00:00,False,,,,,,,0.0,0.0,0.0,C,,,Raw 5.000; source/category adjustment -0.031; posterior 4.782; uncertainty -0.000 (empirical_history); evidence -0.030; final 4.752.
8442604e3dbcead795149be9,Air Fryer Apple Tart,airfryingfoodie.com,airfryingfoodie.com,https://airfryingfoodie.com/air-fryer-apple-tart/,5.0,2,0.031006913164291352,4.6914700849912565,4.968993086835709,4.782228075492618,0.0,empirical_history,0.030000000000000006,4.752228075492618,0.65,schema_only,Jen,Desserts,,0.0,2026-08-18T22:11:58.441699+00:00,356,0.9318755112944423,2.748737083745107,350,357,0.0,0.0,36,0.0,0.0,0.0,0.0,0.0,0.0,,,1,2026-08-18T22:11:58.441699+00:00,False,,,,,,,0.0,0.0,0.0,C,,,Raw 5.000; source/category adjustment -0.031; posterior 4.782; uncertainty -0.000 (empirical_history); evidence -0.030; final 4.752.
970a610cfa74c54bdf688511,Air Fryer Brie,airfryingfoodie.com,airfryingfoodie.com,https://airfryingfoodie.com/air-fryer-brie/,5.0,2,0.031006913164291352,4.761077057433891,4.968993086835709,4.782228075492618,0.0,empirical_history,0.030000000000000006,4.752228075492618,0.65,schema_only,Becky,Pork | Breakfast,,0.0,2026-08-18T22:11:58.441699+00:00,357,0.9320439330885877,2.748737083745107,351,358,0.0,0.0,36,0.0,0.0,0.0,0.0,0.0,0.0,,,1,2026-08-18T22:11:58.441699+00:00,False,,,,,,,0.0,0.0,0.0,C,,,Raw 5.000; source/category adjustment -0.031; posterior 4.782; uncertainty -0.000 (empirical_history); evidence -0.030; final 4.752.
979f5aef43cf28bb2d96b213,Air Fryer New York Strip Steak,airfryingfoodie.com,airfryingfoodie.com,https://airfryingfoodie.com/air-fryer-new-york-strip-steak/,5.0,2,0.031006913164291352,4.766667445400813,4.968993086835709,4.782228075492618,0.0,empirical_history,0.030000000000000006,4.752228075492618,0.65,schema_only,Becky,Beef,,0.0,2026-08-18T23:34:22.619805+00:00,358,0.9322115241698367,2.748737083745107,352,359,0.0,0.0,36,,,,,,,,,0,,False,,,,,,,,,,C,,,Raw 5.000; source/category adjustment -0.031; posterior 4.782; uncertainty -0.000 (empirical_history); evidence -0.030; final 4.752.
9adac467b62a4a402a6b160f,Air Fryer Breakfast Sandwich,airfryingfoodie.com,airfryingfoodie.com,https://airfryingfoodie.com/air-fryer-breakfast-sandwich/,5.0,2,0.031006913164291352,4.761077057433891,4.968993086835709,4.782228075492618,0.0,empirical_history,0.030000000000000006,4.752228075492618,0.65,schema_only,Jen,Pork | Breakfast,,0.0,2026-08-18T22:11:58.441699+00:00,359,0.9323782906691019,2.748737083745107,353,360,0.0,0.0,36,0.0,0.0,0.0,0.0,0.0,0.0,,,1,2026-08-18T22:11:58.441699+00:00,False,,,,,,,0.0,0.0,0.0,C,,,Raw 5.000; source/category adjustment -0.031; posterior 4.782; uncertainty -0.000 (empirical_history); evidence -0.030; final 4.752.
a15bba3540e34842c335e904,Air Fryer Banana Boats,airfryingfoodie.com,airfryingfoodie.com,https://airfryingfoodie.com/air-fryer-banana-boats/,5.0,2,0.031006913164291352,4.79154553011095,4.968993086835709,4.782228075492618,0.0,empirical_history,0.030000000000000006,4.752228075492618,0.65,schema_only,Becky,Pork | Snacks,,0.0,2026-08-18T22:11:58.441699+00:00,360,0.9325442386571143,2.748737083745107,354,361,0.0,0.0,36,0.0,0.0,0.0,0.0,0.0,0.0,,,1,2026-08-18T22:11:58.441699+00:00,False,,,,,,,0.0,0.0,0.0,C,,,Raw 5.000; source/category adjustment -0.031; posterior 4.782; uncertainty -0.000 (empirical_history); evidence -0.030; final 4.752.
a31d00e315c717670ed469fb,Air Fryer Asparagus Fries,airfryingfoodie.com,airfryingfoodie.com,https://airfryingfoodie.com/air-fryer-asparagus-fries/,5.0,2,0.031006913164291352,4.77113569945578,4.968993086835709,4.782228075492618,0.0,empirical_history,0.030000000000000006,4.752228075492618,0.65,schema_only,Jen,Potatoes | Vegetables | Breakfast | Snacks,,0.0,2026-08-18T22:11:58.441699+00:00,361,0.9327093741451579,2.748737083745107,355,362,0.0,0.0,36,0.0,0.0,0.0,0.0,0.0,0.0,,,1,2026-08-18T22:11:58.441699+00:00,False,,,,,,,0.0,0.0,0.0,C,,,Raw 5.000; source/category adjustment -0.031; posterior 4.782; uncertainty -0.000 (empirical_history); evidence -0.030; final 4.752.
a5313722751d2b15aaebbc07,Air Fryer Chili Cheese Dogs,airfryingfoodie.com,airfryingfoodie.com,https://airfryingfoodie.com/air-fryer-chili-cheese-dogs/,5.0,2,0.031006913164291352,4.774757475038895,4.968993086835709,4.782228075492618,0.0,empirical_history,0.030000000000000006,4.752228075492618,0.65,schema_only,Jen,,,0.0,2026-08-18T22:11:58.441699+00:00,362,0.9328737030857971,2.748737083745107,356,363,0.0,0.0,36,0.0,0.0,0.0,0.0,0.0,0.0,,,1,2026-08-18T22:11:58.441699+00:00,False,,,,,,,0.0,0.0,0.0,C,,,Raw 5.000; source/category adjustment -0.031; posterior 4.782; uncertainty -0.000 (empirical_history); evidence -0.030; final 4.752.
a7cc9ff7ed763e69fd4dfc9d,Air Fryer Cherry Pie Bombs,airfryingfoodie.com,airfryingfoodie.com,https://airfryingfoodie.com/air-fryer-cherry-pie-bombs/,5.0,2,0.031006913164291352,4.6914700849912565,4.968993086835709,4.782228075492618,0.0,empirical_history,0.030000000000000006,4.752228075492618,0.65,schema_only,,Desserts,,0.0,2026-08-18T22:11:58.441699+00:00,363,0.9330372313735914,2.748737083745107,357,364,0.0,0.0,36,0.0,0.0,0.0,0.0,0.0,0.0,,,1,2026-08-18T22:11:58.441699+00:00,False,,,,,,,0.0,0.0,0.0,C,,,Raw 5.000; source/category adjustment -0.031; posterior 4.782; uncertainty -0.000 (empirical_history); evidence -0.030; final 4.752.
aad14a5f7933a9fee7c165a4,Air Fryer Chicken and Vegetables,airfryingfoodie.com,airfryingfoodie.com,https://airfryingfoodie.com/air-fryer-chicken-and-vegetables/,5.0,2,0.031006913164291352,4.789922924235165,4.968993086835709,4.782228075492618,0.0,empirical_history,0.030000000000000006,4.752228075492618,0.65,schema_only,Jen,Chicken | Vegetables | Snacks,,0.0,2026-08-18T22:11:58.441699+00:00,364,0.9331999648458,2.748737083745107,358,365,0.0,0.0,36,0.0,0.0,0.0,0.0,0.0,0.0,,,1,2026-08-18T22:11:58.441699+00:00,False,,,,,,,0.0,0.0,0.0,C,,,Raw 5.000; source/category adjustment -0.031; posterior 4.782; uncertainty -0.000 (empirical_history); evidence -0.030; final 4.752.
b72f04c0f44a0c6fb6074c13,Air Fryer Cream Cheese Cherry Pies,airfryingfoodie.com,airfryingfoodie.com,https://airfryingfoodie.com/air-fryer-cream-cheese-cherry-pies/,5.0,2,0.031006913164291352,4.7227676693571965,4.968993086835709,4.782228075492618,0.0,empirical_history,0.030000000000000006,4.752228075492618,0.65,schema_only,Jen,Breakfast,,0.0,2026-08-18T21:44:52.082063+00:00,365,0.933361909283077,2.748737083745107,359,366,0.0,0.0,36,,,,,,,,,0,,False,,,,,,,,,,C,,,Raw 5.000; source/category adjustment -0.031; posterior 4.782; uncertainty -0.000 (empirical_history); evidence -0.030; final 4.752.
b96e8e9107fa9ff24ea40f3e,Air Fryer Frozen Corn on the Cob,airfryingfoodie.com,airfryingfoodie.com,https://airfryingfoodie.com/air-fryer-frozen-corn-on-the-cob/,5.0,2,0.031006913164291352,4.774757475038895,4.968993086835709,4.782228075492618,0.0,empirical_history,0.030000000000000006,4.752228075492618,0.65,schema_only,Becky Abbott,,,0.0,2026-08-18T21:44:52.082063+00:00,366,0.9335230704101557,2.748737083745107,360,367,0.0,0.0,36,,,,,,,,,0,,False,,,,,,,,,,C,,,Raw 5.000; source/category adjustment -0.031; posterior 4.782; uncertainty -0.000 (empirical_history); evidence -0.030; final 4.752.
c7a35ae697f5f82c1f8ce11a,Air Fryer Breaded Shrimp,airfryingfoodie.com,airfryingfoodie.com,https://airfryingfoodie.com/air-fryer-breaded-shrimp/,5.0,2,0.031006913164291352,4.783293414341193,4.968993086835709,4.782228075492618,0.0,empirical_history,0.030000000000000006,4.752228075492618,0.65,schema_only,Becky,Seafood | Breakfast,,0.0,2026-08-18T22:11:58.441699+00:00,367,0.9336834538965223,2.748737083745107,361,368,0.0,0.0,36,0.0,0.0,0.0,0.0,0.0,0.0,,,1,2026-08-18T22:11:58.441699+00:00,False,,,,,,,0.0,0.0,0.0,C,,,Raw 5.000; source/category adjustment -0.031; posterior 4.782; uncertainty -0.000 (empirical_history); evidence -0.030; final 4.752.
c7ddad3cd4dbc201ee511051,Air Fryer Mummy Dogs,airfryingfoodie.com,airfryingfoodie.com,https://airfryingfoodie.com/air-fryer-mummy-dogs/,5.0,2,0.031006913164291352,4.774757475038895,4.968993086835709,4.782228075492618,0.0,empirical_history,0.030000000000000006,4.752228075492618,0.65,schema_only,Becky,,,0.0,2026-08-18T23:34:22.619805+00:00,368,0.9338430653570821,2.748737083745107,362,369,0.0,0.0,36,,,,,,,,,0,,False,,,,,,,,,,C,,,Raw 5.000; source/category adjustment -0.031; posterior 4.782; uncertainty -0.000 (empirical_history); evidence -0.030; final 4.752.
ceb5879626c348af14e503b3,Air Fried Peanut Butter and Jelly Sandwich,airfryingfoodie.com,airfryingfoodie.com,https://airfryingfoodie.com/air-fried-peanut-butter-and-jelly-sandwich/,5.0,2,0.031006913164291352,4.774757475038895,4.968993086835709,4.782228075492618,0.0,empirical_history,0.030000000000000006,4.752228075492618,0.65,schema_only,Jen,,,0.0,2026-08-18T22:11:58.441699+00:00,369,0.9340019103528137,2.748737083745107,363,370,0.0,0.0,36,0.0,0.0,0.0,0.0,0.0,0.0,,,1,2026-08-18T22:11:58.441699+00:00,False,,,,,,,0.0,0.0,0.0,C,,,Raw 5.000; source/category adjustment -0.031; posterior 4.782; uncertainty -0.000 (empirical_history); evidence -0.030; final 4.752.
d3d6ca37133be0409130e74e,Air Fryer Frozen Fish Sticks,airfryingfoodie.com,airfryingfoodie.com,https://airfryingfoodie.com/air-fryer-frozen-fish-sticks/,5.0,2,0.031006913164291352,4.84381915932519,4.968993086835709,4.782228075492618,0.0,empirical_history,0.030000000000000006,4.752228075492618,0.65,schema_only,Becky,Seafood,,0.0,2026-08-18T21:44:52.082063+00:00,370,0.9341599943914153,2.748737083745107,364,371,0.0,0.0,36,,,,,,,,,0,,False,,,,,,,,,,C,,,Raw 5.000; source/category adjustment -0.031; posterior 4.782; uncertainty -0.000 (empirical_history); evidence -0.030; final 4.752.
d49faee4ae1f26b02e81418e,Air Fryer Frozen Crab Cakes,airfryingfoodie.com,airfryingfoodie.com,https://airfryingfoodie.com/air-fryer-frozen-crab-cakes/,5.0,2,0.031006913164291352,4.6914700849912565,4.968993086835709,4.782228075492618,0.0,empirical_history,0.030000000000000006,4.752228075492618,0.65,schema_only,Becky,Desserts,,0.0,2026-08-18T21:44:52.082063+00:00,371,0.9343173229279416,2.748737083745107,365,372,0.0,0.0,36,,,,,,,,,0,,False,,,,,,,,,,C,,,Raw 5.000; source/category adjustment -0.031; posterior 4.782; uncertainty -0.000 (empirical_history); evidence -0.030; final 4.752.
da1e61b6ac44e85d01e4844d,Gingerbread Cookies in the Air Fryer,airfryingfoodie.com,airfryingfoodie.com,https://airfryingfoodie.com/air-fryer-gingerbread-cookies/,5.0,2,0.031006913164291352,4.707118877174226,4.968993086835709,4.782228075492618,0.0,empirical_history,0.030000000000000006,4.752228075492618,0.65,schema_only,Becky,Desserts | Breakfast,,0.0,2026-08-18T21:44:52.082063+00:00,372,0.9344739013654305,2.748737083745107,366,373,0.0,0.0,36,,,,,,,,,0,,False,,,,,,,,,,C,,,Raw 5.000; source/category adjustment -0.031; posterior 4.782; uncertainty -0.000 (empirical_history); evidence -0.030; final 4.752.
dad3c8807853d8b386a73e73,Air Fryer Mozzarella Balls,airfryingfoodie.com,airfryingfoodie.com,https://airfryingfoodie.com/air-fryer-mozzarella-balls/,5.0,2,0.031006913164291352,4.774757475038895,4.968993086835709,4.782228075492618,0.0,empirical_history,0.030000000000000006,4.752228075492618,0.65,schema_only,,,,0.0,2026-08-18T23:34:22.619805+00:00,373,0.9346297350555222,2.748737083745107,367,374,0.0,0.0,36,,,,,,,,,0,,False,,,,,,,,,,C,,,Raw 5.000; source/category adjustment -0.031; posterior 4.782; uncertainty -0.000 (empirical_history); evidence -0.030; final 4.752.
e15721b291bd05d1ce6ac53f,Air Fryer Fried Green Tomatoes,airfryingfoodie.com,airfryingfoodie.com,https://airfryingfoodie.com/air-fryer-fried-green-tomatoes/,5.0,2,0.031006913164291352,4.7227676693571965,4.968993086835709,4.782228075492618,0.0,empirical_history,0.030000000000000006,4.752228075492618,0.65,schema_only,,Breakfast,,0.0,2026-08-18T21:44:52.082063+00:00,374,0.9347848292990688,2.748737083745107,368,375,0.0,0.0,36,,,,,,,,,0,,False,,,,,,,,,,C,,,Raw 5.000; source/category adjustment -0.031; posterior 4.782; uncertainty -0.000 (empirical_history); evidence -0.030; final 4.752.
e2951196784065af8d586df2,Air Fryer cottage cheese toast,airfryingfoodie.com,airfryingfoodie.com,https://airfryingfoodie.com/air-fryer-cottage-cheese-toast/,5.0,2,0.031006913164291352,4.7227676693571965,4.968993086835709,4.782228075492618,0.0,empirical_history,0.030000000000000006,4.752228075492618,0.65,schema_only,,Breakfast,,0.0,2026-08-18T22:11:58.441699+00:00,375,0.9349391893467353,2.748737083745107,369,376,0.0,0.0,36,0.0,0.0,0.0,0.0,0.0,0.0,,,1,2026-08-18T22:11:58.441699+00:00,False,,,,,,,0.0,0.0,0.0,C,,,Raw 5.000; source/category adjustment -0.031; posterior 4.782; uncertainty -0.000 (empirical_history); evidence -0.030; final 4.752.
e5aa0365e2768dd58212ac11,Air Fryer English Muffin Pizzas,airfryingfoodie.com,airfryingfoodie.com,https://airfryingfoodie.com/air-fryer-english-muffin-pizzas/,5.0,2,0.031006913164291352,4.757961652296612,4.968993086835709,4.782228075492618,0.0,empirical_history,0.030000000000000006,4.752228075492618,0.65,schema_only,Becky,Vegetables | Desserts | Pork,,0.0,2026-08-18T21:44:52.082063+00:00,376,0.9350928203995919,2.748737083745107,370,377,0.0,0.0,36,,,,,,,,,0,,False,,,,,,,,,,C,,,Raw 5.000; source/category adjustment -0.031; posterior 4.782; uncertainty -0.000 (empirical_history); evidence -0.030; final 4.752.
926ce110d08f11ece277a34e,Air Fryer Pizza Rolls,airfryingfoodie.com,airfryingfoodie.com | delish.com,https://airfryingfoodie.com/air-fryer-pizza-rolls/,5.0,2,0.031006913164291352,4.774757475038895,4.968993086835709,4.782228075492618,0.0,empirical_history,0.030000000000000006,4.752228075492618,0.65,schema_only,Becky,,39b262053c50211e,0.9059720849802371,2026-08-19T00:34:06.688272+00:00,377,0.9352457276096988,2.748737083745107,371,378,0.0,0.0,36,,,,,,,,,0,,False,,,,,,,,,,C,,,Raw 5.000; source/category adjustment -0.031; posterior 4.782; uncertainty -0.000 (empirical_history); evidence -0.030; final 4.752.
fb7dda1ab25ce01c40a2de9d,Air Fryer Monster Cookies,airfryingfoodie.com,airfryingfoodie.com,https://airfryingfoodie.com/air-fryer-monster-cookies/,5.0,2,0.031006913164291352,4.732647456353257,4.968993086835709,4.782228075492618,0.0,empirical_history,0.030000000000000006,4.752228075492618,0.65,schema_only,Becky,Desserts | Breakfast | Snacks,,0.0,2026-08-18T23:34:22.619805+00:00,378,0.9353979160806818,2.748737083745107,372,379,0.0,0.0,36,,,,,,,,,0,,False,,,,,,,,,,C,,,Raw 5.000; source/category adjustment -0.031; posterior 4.782; uncertainty -0.000 (empirical_history); evidence -0.030; final 4.752.
c4d056592b971a90f6740dfa,Air Fryer Oatmeal Crusted Chicken,airfryingfoodie.com,airfryingfoodie.com,https://airfryingfoodie.com/air-fryer-oatmeal-crusted-chicken/,5.0,2,0.031006913164291352,4.803035731606181,4.968993086835709,4.782228075492618,0.0,empirical_history,0.030000000000000006,4.752228075492618,0.65,schema_only,Becky,Chicken,,0.0,2026-08-19T00:34:06.688272+00:00,379,0.9355493908682998,2.748737083745107,373,380,0.0,0.0,36,,,,,,,,,0,,False,,,,,,,,,,C,,,Raw 5.000; source/category adjustment -0.031; posterior 4.782; uncertainty -0.000 (empirical_history); evidence -0.030; final 4.752.
7817ba9a216a9fa3ea6ae832,Air Fryer Oatmeal,airfryingfoodie.com,airfryingfoodie.com,https://airfryingfoodie.com/air-fryer-oatmeal/,5.0,2,0.031006913164291352,4.6914700849912565,4.968993086835709,4.782228075492618,0.0,empirical_history,0.030000000000000006,4.752228075492618,0.65,schema_only,Becky,Desserts,,0.0,2026-08-19T00:34:06.688272+00:00,380,0.9357001569810048,2.748737083745107,374,381,0.0,0.0,36,,,,,,,,,0,,False,,,,,,,,,,C,,,Raw 5.000; source/category adjustment -0.031; posterior 4.782; uncertainty -0.000 (empirical_history); evidence -0.030; final 4.752.
7b2b89bdb369198b2202c2df,Air Fryer Orange Chicken,airfryingfoodie.com,airfryingfoodie.com,https://airfryingfoodie.com/air-fryer-orange-chicken/,5.0,2,0.031006913164291352,4.803035731606181,4.968993086835709,4.782228075492618,0.0,empirical_history,0.030000000000000006,4.752228075492618,0.65,schema_only,Becky,Chicken,,0.0,2026-08-19T00:34:06.688272+00:00,381,0.9358502193804948,2.748737083745107,375,382,0.0,0.0,36,,,,,,,,,0,,False,,,,,,,,,,C,,,Raw 5.000; source/category adjustment -0.031; posterior 4.782; uncertainty -0.000 (empirical_history); evidence -0.030; final 4.752.
615336086954c4c1dd123bac,Air Fryer Peach Cobbler,airfryingfoodie.com,airfryingfoodie.com,https://airfryingfoodie.com/air-fryer-peach-cobbler/,5.0,2,0.031006913164291352,4.774757475038895,4.968993086835709,4.782228075492618,0.0,empirical_history,0.030000000000000006,4.752228075492618,0.65,schema_only,Becky,,,0.0,2026-08-19T00:34:06.688272+00:00,382,0.9359995829822567,2.748737083745107,376,383,0.0,0.0,36,,,,,,,,,0,,False,,,,,,,,,,C,,,Raw 5.000; source/category adjustment -0.031; posterior 4.782; uncertainty -0.000 (empirical_history); evidence -0.030; final 4.752.
172397afe9efdcb5238f179c,Air Fryer Peaches,airfryingfoodie.com,airfryingfoodie.com,https://airfryingfoodie.com/air-fryer-peaches/,5.0,2,0.031006913164291352,4.6914700849912565,4.968993086835709,4.782228075492618,0.0,empirical_history,0.030000000000000006,4.752228075492618,0.65,schema_only,Becky,Desserts,,0.0,2026-08-19T00:34:06.688272+00:00,383,0.9361482526561038,2.748737083745107,377,384,0.0,0.0,36,,,,,,,,,0,,False,,,,,,,,,,C,,,Raw 5.000; source/category adjustment -0.031; posterior 4.782; uncertainty -0.000 (empirical_history); evidence -0.030; final 4.752.
64a3d7f7df35acc85d5b7a53,Air Fryer Pesto Pinwheels,airfryingfoodie.com,airfryingfoodie.com,https://airfryingfoodie.com/air-fryer-pesto-pinwheels/,5.0,2,0.031006913164291352,4.799386445510584,4.968993086835709,4.782228075492618,0.0,empirical_history,0.030000000000000006,4.752228075492618,0.65,schema_only,Becky,Pork,,0.0,2026-08-19T00:34:06.688272+00:00,384,0.9362962332267055,2.748737083745107,378,385,0.0,0.0,36,,,,,,,,,0,,False,,,,,,,,,,C,,,Raw 5.000; source/category adjustment -0.031; posterior 4.782; uncertainty -0.000 (empirical_history); evidence -0.030; final 4.752.
de0d583a599b4f60f5c554ac,Air Fryer Pizza Bombs,airfryingfoodie.com,airfryingfoodie.com,https://airfryingfoodie.com/air-fryer-pizza-bombs/,5.0,2,0.031006913164291352,4.774757475038895,4.968993086835709,4.782228075492618,0.0,empirical_history,0.030000000000000006,4.752228075492618,0.65,schema_only,Becky,,,0.0,2026-08-19T00:34:06.688272+00:00,385,0.9364435294741078,2.748737083745107,379,386,0.0,0.0,36,,,,,,,,,0,,False,,,,,,,,,,C,,,Raw 5.000; source/category adjustment -0.031; posterior 4.782; uncertainty -0.000 (empirical_history); evidence -0.030; final 4.752.
710dd8349ce95d6204937826,Air Fryer Pizza Quesadilla,airfryingfoodie.com,airfryingfoodie.com,https://airfryingfoodie.com/air-fryer-pizza-quesadilla/,5.0,2,0.031006913164291352,4.774757475038895,4.968993086835709,4.782228075492618,0.0,empirical_history,0.030000000000000006,4.752228075492618,0.65,schema_only,,,,0.0,2026-08-19T00:34:06.688272+00:00,386,0.9365901461342496,2.748737083745107,380,387,0.0,0.0,36,,,,,,,,,0,,False,,,,,,,,,,C,,,Raw 5.000; source/category adjustment -0.031; posterior 4.782; uncertainty -0.000 (empirical_history); evidence -0.030; final 4.752.
e2a48e4d0bd4a8ceda287ed5,Air Fryer Potato Chips,airfryingfoodie.com,airfryingfoodie.com,https://airfryingfoodie.com/air-fryer-potato-chips/,5.0,2,0.031006913164291352,4.789373351038963,4.968993086835709,4.782228075492618,0.0,empirical_history,0.030000000000000006,4.752228075492618,0.65,schema_only,Becky,Potatoes | Snacks,,0.0,2026-08-19T00:34:06.688272+00:00,387,0.9367360878994695,2.748737083745107,381,388,0.0,0.0,36,,,,,,,,,0,,False,,,,,,,,,,C,,,Raw 5.000; source/category adjustment -0.031; posterior 4.782; uncertainty -0.000 (empirical_history); evidence -0.030; final 4.752.
99c514a1c9caaa89d73e5230,Air Fryer Potato Peelings,airfryingfoodie.com,airfryingfoodie.com,https://airfryingfoodie.com/air-fryer-potato-peelings/,5.0,2,0.031006913164291352,4.7950420873666095,4.968993086835709,4.782228075492618,0.0,empirical_history,0.030000000000000006,4.752228075492618,0.65,schema_only,Jen,Potatoes,,0.0,2026-08-19T00:34:06.688272+00:00,388,0.9368813594190061,2.748737083745107,382,389,0.0,0.0,36,,,,,,,,,0,,False,,,,,,,,,,C,,,Raw 5.000; source/category adjustment -0.031; posterior 4.782; uncertainty -0.000 (empirical_history); evidence -0.030; final 4.752.
4407cd1822ba92c6d602fb74,Air Fryer Pretzel Dogs,airfryingfoodie.com,airfryingfoodie.com,https://airfryingfoodie.com/air-fryer-pretzel-dogs/,5.0,2,0.031006913164291352,4.7227676693571965,4.968993086835709,4.782228075492618,0.0,empirical_history,0.030000000000000006,4.752228075492618,0.65,schema_only,Becky,Breakfast,,0.0,2026-08-19T00:34:06.688272+00:00,389,0.9370259652994922,2.748737083745107,383,390,0.0,0.0,36,,,,,,,,,0,,False,,,,,,,,,,C,,,Raw 5.000; source/category adjustment -0.031; posterior 4.782; uncertainty -0.000 (empirical_history); evidence -0.030; final 4.752.
7f1704db1949974beb2411fa,Air Fryer Puff Pastry Apple Rings,airfryingfoodie.com,airfryingfoodie.com,https://airfryingfoodie.com/air-fryer-puff-pastry-apple-rings/,5.0,2,0.031006913164291352,4.707118877174226,4.968993086835709,4.782228075492618,0.0,empirical_history,0.030000000000000006,4.752228075492618,0.65,schema_only,Becky,Desserts | Breakfast,,0.0,2026-08-19T00:34:06.688272+00:00,390,0.9371699101054415,2.748737083745107,384,391,0.0,0.0,36,,,,,,,,,0,,False,,,,,,,,,,C,,,Raw 5.000; source/category adjustment -0.031; posterior 4.782; uncertainty -0.000 (empirical_history); evidence -0.030; final 4.752.
3b8a6841a16d0e4732791973,Air Fryer Pumpkin Seeds,airfryingfoodie.com,airfryingfoodie.com,https://airfryingfoodie.com/air-fryer-pumpkin-seeds/,5.0,2,0.031006913164291352,4.6914700849912565,4.968993086835709,4.782228075492618,0.0,empirical_history,0.030000000000000006,4.752228075492618,0.65,schema_only,,Desserts,,0.0,2026-08-19T00:34:06.688272+00:00,391,0.9373131983597295,2.748737083745107,385,392,0.0,0.0,36,,,,,,,,,0,,False,,,,,,,,,,C,,,Raw 5.000; source/category adjustment -0.031; posterior 4.782; uncertainty -0.000 (empirical_history); evidence -0.030; final 4.752.
2297328cdaad52227da35016,Air Fryer Quesadillas,airfryingfoodie.com,airfryingfoodie.com,https://airfryingfoodie.com/air-fryer-quesadillas/,5.0,2,0.031006913164291352,4.774757475038895,4.968993086835709,4.782228075492618,0.0,empirical_history,0.030000000000000006,4.752228075492618,0.65,schema_only,Becky,,,0.0,2026-08-19T00:34:06.688272+00:00,392,0.9374558345440658,2.748737083745107,386,393,0.0,0.0,36,,,,,,,,,0,,False,,,,,,,,,,C,,,Raw 5.000; source/category adjustment -0.031; posterior 4.782; uncertainty -0.000 (empirical_history); evidence -0.030; final 4.752.
c68a162051f057ed0bec8c79,Air Fryer Ranch Breadsticks,airfryingfoodie.com,airfryingfoodie.com,https://airfryingfoodie.com/air-fryer-ranch-breadsticks/,5.0,2,0.031006913164291352,4.774757475038895,4.968993086835709,4.782228075492618,0.0,empirical_history,0.030000000000000006,4.752228075492618,0.65,schema_only,Becky,,,0.0,2026-08-19T00:34:06.688272+00:00,393,0.937597823099463,2.748737083745107,387,394,0.0,0.0,36,,,,,,,,,0,,False,,,,,,,,,,C,,,Raw 5.000; source/category adjustment -0.031; posterior 4.782; uncertainty -0.000 (empirical_history); evidence -0.030; final 4.752.
104ea7cbf82020879aff2c3d,Air Fryer Chicken Legs,lecremedelacrumb.com,lecremedelacrumb.com,https://www.lecremedelacrumb.com/air-fryer-chicken-legs/,5.0,2,0.036689044489208365,4.803035731606181,4.963310955510791,4.782009531980121,0.0,empirical_history,0.030000000000000006,4.7520095319801205,0.65,schema_only,,Chicken,,0.0,2026-08-18T22:11:58.441699+00:00,394,0.9327248792600781,2.9860788111948193,388,396,0.0,0.0,36,,,,,,,,,0,,False,,,,,,,0.0,0.0,0.0,C,,,Raw 5.000; source/category adjustment -0.037; posterior 4.782; uncertainty -0.000 (empirical_history); evidence -0.030; final 4.752.
39d82048f7d449dc6743804f,Air Fryer Skinless Boneless Chicken Thighs,lecremedelacrumb.com,lecremedelacrumb.com,https://www.lecremedelacrumb.com/air-fryer-skinless-boneless-chicken-thighs/,5.0,2,0.036689044489208365,4.803035731606181,4.963310955510791,4.782009531980121,0.0,empirical_history,0.030000000000000006,4.7520095319801205,0.65,schema_only,,Chicken,,0.0,2026-08-18T22:11:58.441699+00:00,395,0.932876106616001,2.9860788111948193,389,397,0.0,0.0,36,,,,,,,,,0,,False,,,,,,,0.0,0.0,0.0,C,,,Raw 5.000; source/category adjustment -0.037; posterior 4.782; uncertainty -0.000 (empirical_history); evidence -0.030; final 4.752.
5859f50658c429693fb2c266,Crispy Air Fryer Chickpeas,iheartnaptime.net,iheartnaptime.net,https://www.iheartnaptime.net/air-fryer-chickpeas/,5.0,2,0.03754581235254189,4.774757475038895,4.962454187647458,4.781976579369993,0.0,empirical_history,0.030000000000000006,4.751976579369993,0.65,schema_only,,,,0.0,2026-08-18T22:11:58.441699+00:00,396,0.9429554674738698,2.516611478423583,391,398,0.0,0.0,36,,,,,,,,,0,,False,,,,,,,0.0,0.0,0.0,C,,,Raw 5.000; source/category adjustment -0.038; posterior 4.782; uncertainty -0.000 (empirical_history); evidence -0.030; final 4.752.
0a7fed54d8ccd19f2bf7bb16,Air Fryer Garlic Steak Bites,airfryingfoodie.com,airfryingfoodie.com,https://airfryingfoodie.com/air-fryer-garlic-steak-bites/,4.86,7,0.031006913164291352,4.775186030056065,4.828993086835709,4.781417988768327,0.0,empirical_history,0.030000000000000006,4.751417988768327,0.65,schema_only,Jen,Beef | Snacks,,0.0,2026-08-18T21:44:52.082063+00:00,397,0.963079403957224,1.5986105077709065,396,401,0.0,0.0,36,,,,,,,,,0,,False,,,,,,,,,,C,,,Raw 4.860; source/category adjustment -0.031; posterior 4.781; uncertainty -0.000 (empirical_history); evidence -0.030; final 4.751.
5318a1ed79422adc23e55b96,Air Fryer Nutella French Toast Roll-Ups,airfryingfoodie.com,airfryingfoodie.com,https://airfryingfoodie.com/air-fryer-nutella-french-toast-roll-ups/,4.86,7,0.031006913164291352,4.707118877174226,4.828993086835709,4.781417988768327,0.0,empirical_history,0.030000000000000006,4.751417988768327,0.65,schema_only,,Desserts | Breakfast,,0.0,2026-08-18T23:34:22.619805+00:00,398,0.9631644771787184,1.5986105077709065,397,402,0.0,0.0,36,,,,,,,,,0,,False,,,,,,,,,,C,,,Raw 4.860; source/category adjustment -0.031; posterior 4.781; uncertainty -0.000 (empirical_history); evidence -0.030; final 4.751.
5808be29e1b3e5171ffad5d2,Air Fryer Blackened Chicken Tenders,airfryingfoodie.com,airfryingfoodie.com,https://airfryingfoodie.com/air-fryer-blackened-chicken-tenders/,4.86,7,0.031006913164291352,4.803035731606181,4.828993086835709,4.781417988768327,0.0,empirical_history,0.030000000000000006,4.751417988768327,0.65,schema_only,Becky,Chicken,,0.0,2026-08-18T22:11:58.441699+00:00,399,0.9632491592464701,1.5986105077709065,398,403,0.0,0.0,36,0.0,0.0,0.0,0.0,0.0,0.0,,,1,2026-08-18T22:11:58.441699+00:00,False,,,,,,,0.0,0.0,0.0,C,,,Raw 4.860; source/category adjustment -0.031; posterior 4.781; uncertainty -0.000 (empirical_history); evidence -0.030; final 4.751.
c15ce6dae25a39fb3a3d0b1e,Air Fryer Chicken Fried Steak,airfryingfoodie.com,airfryingfoodie.com,https://airfryingfoodie.com/air-fryer-chicken-fried-steak/,4.86,7,0.031006913164291352,4.764156948788064,4.828993086835709,4.781417988768327,0.0,empirical_history,0.030000000000000006,4.751417988768327,0.65,schema_only,Jen,Chicken | Beef | Breakfast,,0.0,2026-08-18T22:11:58.441699+00:00,400,0.9633334528519899,1.5986105077709065,399,404,0.0,0.0,36,0.0,0.0,0.0,0.0,0.0,0.0,,,1,2026-08-18T22:11:58.441699+00:00,False,,,,,,,0.0,0.0,0.0,C,,,Raw 4.860; source/category adjustment -0.031; posterior 4.781; uncertainty -0.000 (empirical_history); evidence -0.030; final 4.751.
87bd7da008db02fd4e27647e,Air Fryer Pasta Chips,airfryingfoodie.com,airfryingfoodie.com,https://airfryingfoodie.com/air-fryer-pasta-chips/,4.86,7,0.031006913164291352,4.783704614711317,4.828993086835709,4.781417988768327,0.0,empirical_history,0.030000000000000006,4.751417988768327,0.65,schema_only,Jen,Snacks,,0.0,2026-08-19T00:34:06.688272+00:00,401,0.9634173606621512,1.5986105077709065,400,405,0.0,0.0,36,,,,,,,,,0,,False,,,,,,,,,,C,,,Raw 4.860; source/category adjustment -0.031; posterior 4.781; uncertainty -0.000 (empirical_history); evidence -0.030; final 4.751.
dd540f168502f1196d2f5ac4,Air Fryer Potato Wedges,airfryingfoodie.com,airfryingfoodie.com,https://airfryingfoodie.com/air-fryer-potato-wedges/,4.86,7,0.031006913164291352,4.7950420873666095,4.828993086835709,4.781417988768327,0.0,empirical_history,0.030000000000000006,4.751417988768327,0.65,schema_only,Becky,Potatoes,,0.0,2026-08-19T00:34:06.688272+00:00,402,0.9635008853194721,1.5986105077709065,401,406,0.0,0.0,36,,,,,,,,,0,,False,,,,,,,,,,C,,,Raw 4.860; source/category adjustment -0.031; posterior 4.781; uncertainty -0.000 (empirical_history); evidence -0.030; final 4.751.
05643a3d2672a3157f3d33e8,Air Fryer Chicken Wings Recipe,therealfooddietitians.com,therealfooddietitians.com,https://therealfooddietitians.com/air-fryer-chicken-wings-recipe/,5.0,2,0.05344443959910739,4.803035731606181,4.946555560400893,4.781365093706664,0.0,empirical_history,0.030000000000000006,4.751365093706664,0.65,schema_only,Jessie Shafer,Chicken,,0.0,2026-08-18T22:11:58.441699+00:00,403,0.9286716209367174,3.2489314482696545,396,405,0.0,0.0,36,,,,,,,,,0,,False,,,,,,,0.0,0.0,0.0,C,,,Raw 5.000; source/category adjustment -0.053; posterior 4.781; uncertainty -0.000 (empirical_history); evidence -0.030; final 4.751.
1304637b5031d9861c29c5b0,Air Fryer Sweet Potato Fries Recipe,therealfooddietitians.com,therealfooddietitians.com,https://therealfooddietitians.com/air-fryer-sweet-potato-fries/,5.0,2,0.05344443959910739,4.789373351038963,4.946555560400893,4.781365093706664,0.0,empirical_history,0.030000000000000006,4.751365093706664,0.65,schema_only,Molly Slama,Potatoes | Snacks,,0.0,2026-08-18T22:11:58.441699+00:00,404,0.9288278751507818,3.2489314482696545,397,406,0.0,0.0,36,,,,,,,,,0,,False,,,,,,,0.0,0.0,0.0,C,,,Raw 5.000; source/category adjustment -0.053; posterior 4.781; uncertainty -0.000 (empirical_history); evidence -0.030; final 4.751.
ebb9617dc0935d2fb685923b,Air Fryer Pork Tenderloin,thepioneerwoman.com,thepioneerwoman.com,https://www.thepioneerwoman.com/food-cooking/recipes/a46119327/air-fryer-pork-tenderloin-recipe/,4.6666665,9,-0.15,4.801211088558382,4.8166665,4.781150377151605,0.0,empirical_history,0.030000000000000006,4.751150377151605,0.65,schema_only,Erin Merhar,Chicken | Pork,,0.0,2026-08-18T22:11:58.441699+00:00,405,0.2682837588705178,115.91436014959014,395,647,0.0,0.0,36,,,,,,,,,0,,False,,,,,,,0.0,0.0,0.0,C,,,Raw 4.667; source/category adjustment +0.150; posterior 4.781; uncertainty -0.000 (empirical_history); evidence -0.030; final 4.751.
883e800b11c431d5768260cd,Air-Fryer Spinach &amp; Feta Turkey Burgers,eatingwell.com,eatingwell.com,https://www.eatingwell.com/recipe/270399/air-fryer-spinach-feta-turkey-burgers/,4.8,4,-0.05839540647617436,4.744717557379005,4.858395406476174,4.780952877367582,0.0,empirical_history,0.030000000000000006,4.750952877367582,0.65,schema_only,Robin Bashinsky,Beef | Breakfast,,0.0,2026-08-18T22:11:58.441699+00:00,406,0.9638312044336813,1.5986105077709065,404,409,0.0,0.0,36,,,,,,,,,0,,False,,,,,,,0.0,0.0,0.0,C,,,Raw 4.800; source/category adjustment +0.058; posterior 4.781; uncertainty -0.000 (empirical_history); evidence -0.030; final 4.751.
999babb9177ed36bab357cc3,Air-Fryer &#34;Fried&#34; Chicken Thighs,eatingwell.com,eatingwell.com,https://www.eatingwell.com/recipe/267767/air-fryer-fried-chicken-thighs/,4.8,4,-0.05839540647617436,4.762901700481689,4.858395406476174,4.780952877367582,0.0,empirical_history,0.030000000000000006,4.750952877367582,0.65,schema_only,Hilary Meyer,Chicken | Breakfast,,0.0,2026-08-18T22:11:58.441699+00:00,407,0.9639128521313219,1.5986105077709065,405,410,0.0,0.0,36,,,,,,,,,0,,False,,,,,,,0.0,0.0,0.0,C,,,Raw 4.800; source/category adjustment +0.058; posterior 4.781; uncertainty -0.000 (empirical_history); evidence -0.030; final 4.751.
e86db36b24831a3d934a0c06,Air Fryer Bacon Wrapped Chicken,airfryingfoodie.com,airfryingfoodie.com,https://airfryingfoodie.com/air-fryer-bacon-wrapped-chicken/,4.83,17,0.031006913164291352,4.775063282157987,4.798993086835709,4.7809068093754,0.0,empirical_history,0.030000000000000006,4.7509068093754,0.65,schema_only,Jen,Chicken | Pork | Breakfast,,0.0,2026-08-18T22:11:58.441699+00:00,408,0.9639941320350305,1.5986105077709065,404,409,0.0,0.0,36,0.0,0.0,0.0,0.0,0.0,0.0,,,1,2026-08-18T22:11:58.441699+00:00,False,,,,,,,0.0,0.0,0.0,C,,,Raw 4.830; source/category adjustment -0.031; posterior 4.781; uncertainty -0.000 (empirical_history); evidence -0.030; final 4.751.
304f83ceb680e394998edccc,Air Fryer Corn on The Cob,allrecipes.com,allrecipes.com,https://www.allrecipes.com/recipe/266396/air-fryer-corn-on-the-cob/,4.7,23,-0.09393325178093598,4.774757475038895,4.7939332517809365,4.7807991581220035,0.0,empirical_history,0.030000000000000006,4.750799158122003,0.65,schema_only,Soup Loving Nicole,,,0.0,2026-08-18T22:11:58.441699+00:00,409,0.920293117058837,3.7155828016013257,405,415,0.0,0.0,36,,,,,,,,,0,,False,,,,,,,0.0,0.0,0.0,C,,,Raw 4.700; source/category adjustment +0.094; posterior 4.781; uncertainty -0.000 (empirical_history); evidence -0.030; final 4.751.
3e69aabc4f90f4e73fd19ece,Air Fryer Hamburgers,kristineskitchenblog.com,kristineskitchenblog.com,https://kristineskitchenblog.com/air-fryer-hamburgers/,5.0,2,0.07454650890542386,4.783026945455699,4.925453491094576,4.78055347565642,0.0,empirical_history,0.030000000000000006,4.75055347565642,0.65,schema_only,,Beef | Pork,,0.0,2026-08-18T22:11:58.441699+00:00,410,0.9566017947978132,1.9507833184532708,407,413,0.0,0.0,36,,,,,,,,,0,,False,,,,,,,0.0,0.0,0.0,C,,,Raw 5.000; source/category adjustment -0.075; posterior 4.781; uncertainty -0.000 (empirical_history); evidence -0.030; final 4.751.
480f29b8b6b429b495cffe04,The Best Air Fryer French Fries,kristineskitchenblog.com,kristineskitchenblog.com,https://kristineskitchenblog.com/air-fryer-french-fries/,5.0,2,0.07454650890542386,4.789373351038963,4.925453491094576,4.78055347565642,0.0,empirical_history,0.030000000000000006,4.75055347565642,0.65,schema_only,,Potatoes | Snacks,,0.0,2026-08-18T22:11:58.441699+00:00,411,0.956698126541693,1.9507833184532708,408,414,0.0,0.0,36,,,,,,,,,0,,False,,,,,,,0.0,0.0,0.0,C,,,Raw 5.000; source/category adjustment -0.075; posterior 4.781; uncertainty -0.000 (empirical_history); evidence -0.030; final 4.751.
a905dd12b5a83f36669ff142,Air Fryer Sweet Potato,kristineskitchenblog.com,kristineskitchenblog.com,https://kristineskitchenblog.com/air-fryer-baked-sweet-potato/,5.0,2,0.07454650890542386,4.7950420873666095,4.925453491094576,4.78055347565642,0.0,empirical_history,0.030000000000000006,4.75055347565642,0.65,schema_only,,Potatoes,,0.0,2026-08-18T22:11:58.441699+00:00,412,0.9567940315742877,1.9507833184532708,409,415,0.0,0.0,36,,,,,,,,,0,,False,,,,,,,0.0,0.0,0.0,C,,,Raw 5.000; source/category adjustment -0.075; posterior 4.781; uncertainty -0.000 (empirical_history); evidence -0.030; final 4.751.
b6d0daa80beef48f73be1741,Air Fryer Steak,kristineskitchenblog.com,kristineskitchenblog.com,https://kristineskitchenblog.com/air-fryer-steak/,5.0,2,0.07454650890542386,4.766667445400813,4.925453491094576,4.78055347565642,0.0,empirical_history,0.030000000000000006,4.75055347565642,0.65,schema_only,,Beef,,0.0,2026-08-18T22:11:58.441699+00:00,413,0.9568895127245732,1.9507833184532708,410,416,0.0,0.0,36,,,,,,,,,0,,False,,,,,,,0.0,0.0,0.0,C,,,Raw 5.000; source/category adjustment -0.075; posterior 4.781; uncertainty -0.000 (empirical_history); evidence -0.030; final 4.751.
e13824b82119a01d60b55887,Air Fryer Baked Potatoes,kristineskitchenblog.com,kristineskitchenblog.com,https://kristineskitchenblog.com/air-fryer-baked-potato/,5.0,2,0.07454650890542386,4.7950420873666095,4.925453491094576,4.78055347565642,0.0,empirical_history,0.030000000000000006,4.75055347565642,0.65,schema_only,,Potatoes,,0.0,2026-08-18T22:11:58.441699+00:00,414,0.9569845727965739,1.9507833184532708,411,417,0.0,0.0,36,,,,,,,,,0,,False,,,,,,,0.0,0.0,0.0,C,,,Raw 5.000; source/category adjustment -0.075; posterior 4.781; uncertainty -0.000 (empirical_history); evidence -0.030; final 4.751.
04af8d728e490419ffd63059,Easy Air Fryer Apple Pies,allrecipes.com,allrecipes.com,https://www.allrecipes.com/recipe/274000/easy-air-fryer-apple-pies/,4.7,21,-0.09393325178093598,4.707118877174226,4.7939332517809365,4.780429183652737,0.0,empirical_history,0.030000000000000006,4.750429183652737,0.65,schema_only,lutzflcat,Desserts | Breakfast,,0.0,2026-08-18T22:11:58.441699+00:00,415,0.9381582928212864,2.8674417556808756,408,416,0.0,0.0,36,0.0,0.0,0.0,0.0,0.0,0.0,,,1,2026-08-18T22:11:58.441699+00:00,False,,,,,,,0.0,0.0,0.0,C,,,Raw 4.700; source/category adjustment +0.094; posterior 4.780; uncertainty -0.000 (empirical_history); evidence -0.030; final 4.750.
0cb66ddd82b2e9eddfb5141e,Air Fryer Eggplant Fries,allrecipes.com,allrecipes.com,https://www.allrecipes.com/recipe/272268/air-fryer-eggplant-fries/,4.7,21,-0.09393325178093598,4.77113569945578,4.7939332517809365,4.780429183652737,0.0,empirical_history,0.030000000000000006,4.750429183652737,0.65,schema_only,Yoly,Potatoes | Vegetables | Breakfast | Snacks,,0.0,2026-08-18T22:11:58.441699+00:00,416,0.938291378923818,2.8674417556808756,409,417,0.0,0.0,36,0.0,0.0,0.0,0.0,0.0,0.0,,,1,2026-08-18T22:11:58.441699+00:00,False,,,,,,,0.0,0.0,0.0,C,,,Raw 4.700; source/category adjustment +0.094; posterior 4.780; uncertainty -0.000 (empirical_history); evidence -0.030; final 4.750.
eb73f3173934ce69a10be26b,Air Fryer Carrots,budgetbytes.com,budgetbytes.com,https://www.budgetbytes.com/air-fryer-carrots/,4.78,9,-0.02946317703434832,4.783028426387997,4.809463177034349,4.780051565173794,0.0,empirical_history,0.030000000000000006,4.750051565173794,0.65,schema_only,,Vegetables,,0.0,2026-08-18T22:11:58.441699+00:00,417,0.9816585615751815,0.816496580927726,416,418,0.0,0.0,36,,,,,,,,,0,,False,,,,,,,0.0,0.0,0.0,C,,,Raw 4.780; source/category adjustment +0.029; posterior 4.780; uncertainty -0.000 (empirical_history); evidence -0.030; final 4.750.
c9c6662a4d35fee1acaf6c08,Air Fryer Stuffed Mushrooms,allrecipes.com,allrecipes.com,https://www.allrecipes.com/recipe/278271/air-fryer-stuffed-mushrooms/,4.7,18,-0.09393325178093598,4.783028426387997,4.7939332517809365,4.7798334159412,0.0,empirical_history,0.030000000000000006,4.7498334159411995,0.65,schema_only,France Cevallos,Vegetables,,0.0,2026-08-18T22:11:58.441699+00:00,418,0.981699670671212,0.816496580927726,417,419,0.0,0.0,36,,,,,,,,,0,,False,,,,,,,0.0,0.0,0.0,C,,,Raw 4.700; source/category adjustment +0.094; posterior 4.780; uncertainty -0.000 (empirical_history); evidence -0.030; final 4.750.
0eb1a432a1e58cd50235082d,Air Fryer Fried Pickles,loveandlemons.com,loveandlemons.com,https://www.loveandlemons.com/air-fryer-fried-pickles/,4.83,17,0.03562426953009911,4.7227676693571965,4.794375730469901,4.7797352413422844,0.0,empirical_history,0.030000000000000006,4.749735241342284,0.65,schema_only,"Jeanine Donofrio, Phoebe Moore",Breakfast,,0.0,2026-08-18T22:11:58.441699+00:00,419,0.9817405959017823,0.816496580927726,418,420,0.0,0.0,36,,,,,,,,,0,,False,,,,,,,0.0,0.0,0.0,C,,,Raw 4.830; source/category adjustment -0.036; posterior 4.780; uncertainty -0.000 (empirical_history); evidence -0.030; final 4.750.
1ec3249d074bd98022d0c6e6,Air Fryer Chicken Thigh Schnitzel,allrecipes.com,allrecipes.com,https://www.allrecipes.com/recipe/272398/air-fryer-chicken-thigh-schnitzel/,4.7,17,-0.09393325178093598,4.762901700481689,4.7939332517809365,4.779622970630159,0.0,empirical_history,0.030000000000000006,4.749622970630159,0.65,schema_only,Yoly,Chicken | Breakfast,,0.0,2026-08-18T22:11:58.441699+00:00,420,0.9817813384976817,0.816496580927726,419,421,0.0,0.0,36,0.0,0.0,0.0,0.0,0.0,0.0,,,1,2026-08-18T22:11:58.441699+00:00,False,,,,,,,0.0,0.0,0.0,C,,,Raw 4.700; source/category adjustment +0.094; posterior 4.780; uncertainty -0.000 (empirical_history); evidence -0.030; final 4.750.
6684eb70a5236aae40aaca3f,Air Fryer Roasted Potatoes,allrecipes.com,allrecipes.com,https://www.allrecipes.com/recipe/282437/air-fryer-one-bite-roasted-potatoes/,4.7,16,-0.09393325178093598,4.7950420873666095,4.7939332517809365,4.77940614818848,0.0,empirical_history,0.030000000000000006,4.74940614818848,0.65,schema_only,Yoly,Potatoes,,0.0,2026-08-18T22:11:58.441699+00:00,421,0.5539547642527521,35.5093884299162,420,493,0.0,0.0,36,0.0,0.0,0.0,0.0,0.0,0.0,,,1,2026-08-18T22:11:58.441699+00:00,False,,,,,,,0.0,0.0,0.0,C,,,Raw 4.700; source/category adjustment +0.094; posterior 4.779; uncertainty -0.000 (empirical_history); evidence -0.030; final 4.749.
fa007cbe7e3938e48f8d3495,Air Fryer Pumpkin Seeds,allrecipes.com,allrecipes.com,https://www.allrecipes.com/recipe/269968/air-fryer-pumpkin-seeds/,4.7,16,-0.09393325178093598,4.774757475038895,4.7939332517809365,4.77940614818848,0.0,empirical_history,0.030000000000000006,4.74940614818848,0.65,schema_only,Bren,,,0.0,2026-08-18T22:11:58.441699+00:00,422,0.5545143535866226,35.5093884299162,421,494,0.0,0.0,36,,,,,,,,,0,,False,,,,,,,0.0,0.0,0.0,C,,,Raw 4.700; source/category adjustment +0.094; posterior 4.779; uncertainty -0.000 (empirical_history); evidence -0.030; final 4.749.
43a3205f55fdc0417f4a875e,Air Fryer Grilled Ham and Cheese,allrecipes.com,allrecipes.com,https://www.allrecipes.com/air-fryer-grilled-ham-and-cheese-recipe-7485060,4.7,15,-0.09393325178093598,4.799386445510584,4.7939332517809365,4.779182654287059,0.0,empirical_history,0.030000000000000006,4.7491826542870585,0.65,schema_only,Pat Bernitt,Pork,,0.0,2026-08-18T22:11:58.441699+00:00,423,0.5550725406059412,35.5093884299162,422,495,0.0,0.0,36,0.0,0.0,0.0,0.0,0.0,0.0,,,1,2026-08-18T22:11:58.441699+00:00,False,,,,,,,0.0,0.0,0.0,C,,,Raw 4.700; source/category adjustment +0.094; posterior 4.779; uncertainty -0.000 (empirical_history); evidence -0.030; final 4.749.
6de8ae1b7185ac0b841b8532,Air Fryer Potato Chips,allrecipes.com,allrecipes.com,https://www.allrecipes.com/recipe/279646/air-fryer-potato-chips/,4.7,15,-0.09393325178093598,4.789373351038963,4.7939332517809365,4.779182654287059,0.0,empirical_history,0.030000000000000006,4.7491826542870585,0.65,schema_only,thedailygourmet,Potatoes | Snacks,,0.0,2026-08-18T22:11:58.441699+00:00,424,0.5556293305753506,35.5093884299162,423,496,0.0,0.0,36,,,,,,,,,0,,False,,,,,,,0.0,0.0,0.0,C,,,Raw 4.700; source/category adjustment +0.094; posterior 4.779; uncertainty -0.000 (empirical_history); evidence -0.030; final 4.749.
7586b2b90e3149bad192070f,Air Fryer Fried Pickles,allrecipes.com,allrecipes.com,https://www.allrecipes.com/recipe/267111/air-fryer-fried-pickles/,4.7,15,-0.09393325178093598,4.753236142034257,4.7939332517809365,4.779182654287059,0.0,empirical_history,0.030000000000000006,4.7491826542870585,0.65,schema_only,fabeveryday,Breakfast | Snacks,,0.0,2026-08-18T22:11:58.441699+00:00,425,0.5561847287331729,35.5093884299162,424,497,0.0,0.0,36,0.0,0.0,0.0,0.0,0.0,0.0,,,1,2026-08-18T22:11:58.441699+00:00,False,,,,,,,0.0,0.0,0.0,C,,,Raw 4.700; source/category adjustment +0.094; posterior 4.779; uncertainty -0.000 (empirical_history); evidence -0.030; final 4.749.
8126de91090a17cd04090169,Air Fryer Honey-Mustard Chicken Thighs,allrecipes.com,allrecipes.com,https://www.allrecipes.com/air-fryer-honey-mustard-chicken-thighs-recipe-7970816,4.7,15,-0.09393325178093598,4.803035731606181,4.7939332517809365,4.779182654287059,0.0,empirical_history,0.030000000000000006,4.7491826542870585,0.65,schema_only,Brenda Venable,Chicken,,0.0,2026-08-18T22:11:58.441699+00:00,426,0.5567387402915748,35.5093884299162,425,498,0.0,0.0,36,0.0,0.0,0.0,0.0,0.0,0.0,,,1,2026-08-18T22:11:58.441699+00:00,False,,,,,,,0.0,0.0,0.0,C,,,Raw 4.700; source/category adjustment +0.094; posterior 4.779; uncertainty -0.000 (empirical_history); evidence -0.030; final 4.749.
03f3d8182b032a7e1b58e539,Air Fryer Deviled Eggs,delish.com,delish.com,https://www.delish.com/cooking/recipe-ideas/a62873120/best-air-fryer-deviled-eggs-recipe/,5.0,1,-0.15,4.7227676693571965,5.0,4.779173995136171,0.0,empirical_history,0.030000000000000006,4.749173995136171,0.65,schema_only,Molly Bolton,Breakfast,,0.0,2026-08-18T22:11:58.441699+00:00,427,0.934967932101469,3.109126351029605,420,428,0.0,0.0,36,,,,,,,,,0,,False,,,,,,,0.0,0.0,0.0,C,,,Raw 5.000; source/category adjustment +0.150; posterior 4.779; uncertainty -0.000 (empirical_history); evidence -0.030; final 4.749.
07f53085b39c5794116bcf5a,Air Fryer Cilantro-Lime Cornish Hen,delish.com,delish.com,https://www.delish.com/cooking/recipe-ideas/a39818281/air-fryer-cornish-hen-recipe/,5.0,1,-0.15,4.774757475038895,5.0,4.779173995136171,0.0,empirical_history,0.030000000000000006,4.749173995136171,0.65,schema_only,Laura Rege,,,0.0,2026-08-18T22:11:58.441699+00:00,428,0.9351036725602325,3.109126351029605,421,429,0.0,0.0,36,,,,,,,,,0,,False,,,,,,,0.0,0.0,0.0,C,,,Raw 5.000; source/category adjustment +0.150; posterior 4.779; uncertainty -0.000 (empirical_history); evidence -0.030; final 4.749.
08582946fdfc76af82db78dc,Air Fryer Zucchini,budgetbytes.com,budgetbytes.com,https://www.budgetbytes.com/air-fryer-zucchini/,5.0,1,-0.02946317703434832,4.783028426387997,5.0,4.779173995136171,0.0,empirical_history,0.030000000000000006,4.749173995136171,0.65,schema_only,,Vegetables,,0.0,2026-08-18T22:11:58.441699+00:00,429,0.935238847541267,3.109126351029605,422,430,0.0,0.0,36,,,,,,,,,0,,False,,,,,,,0.0,0.0,0.0,C,,,Raw 5.000; source/category adjustment +0.029; posterior 4.779; uncertainty -0.000 (empirical_history); evidence -0.030; final 4.749.
0b6708522555f42aa593c3d1,High-Protein Air-Fryer Burgers,eatingwell.com,eatingwell.com,https://www.eatingwell.com/recipe/8056326/air-fryer-burgers/,5.0,1,-0.05839540647617436,4.768131543744977,5.0,4.779173995136171,0.0,empirical_history,0.030000000000000006,4.749173995136171,0.65,schema_only,"Breana Lai Killeen, M.P.H., RD",Beef | Pork | Breakfast | Snacks,,0.0,2026-08-18T22:11:58.441699+00:00,430,0.9353734605707912,3.109126351029605,423,431,0.0,0.0,36,,,,,,,,,0,,False,,,,,,,0.0,0.0,0.0,C,,,Raw 5.000; source/category adjustment +0.058; posterior 4.779; uncertainty -0.000 (empirical_history); evidence -0.030; final 4.749.
11970e35bb7057886a33087c,Air Fryer Grilled Peaches with Cinnamon,allrecipes.com,allrecipes.com,https://www.allrecipes.com/recipe/8472779/air-fryer-grilled-peaches-with-cinnamon/,5.0,1,-0.09393325178093598,4.6914700849912565,5.0,4.779173995136171,0.0,empirical_history,0.030000000000000006,4.749173995136171,0.65,schema_only,Soup Loving Nicole,Desserts,,0.0,2026-08-18T22:11:58.441699+00:00,431,0.9355075151457666,3.109126351029605,424,432,0.0,0.0,36,0.0,0.0,0.0,0.0,0.0,0.0,,,1,2026-08-18T22:11:58.441699+00:00,False,,,,,,,0.0,0.0,0.0,C,,,Raw 5.000; source/category adjustment +0.094; posterior 4.779; uncertainty -0.000 (empirical_history); evidence -0.030; final 4.749.
14c9e65a5650e705a5517b84,Air-Fryer Buffalo Chicken-Stuffed Tomatoes,eatingwell.com,eatingwell.com,https://www.eatingwell.com/recipe/8029925/air-fryer-buffalo-chicken-stuffed-tomatoes/,5.0,1,-0.05839540647617436,4.793032078997089,5.0,4.779173995136171,0.0,empirical_history,0.030000000000000006,4.749173995136171,0.65,schema_only,Lauren Grant,Chicken | Vegetables,,0.0,2026-08-18T22:11:58.441699+00:00,432,0.9356410147341996,3.109126351029605,425,433,0.0,0.0,36,,,,,,,,,0,,False,,,,,,,0.0,0.0,0.0,C,,,Raw 5.000; source/category adjustment +0.058; posterior 4.779; uncertainty -0.000 (empirical_history); evidence -0.030; final 4.749.
23f6e8abc86f7b82de6216a0,Air Fryer Eggplant Parm,delish.com,delish.com,https://www.delish.com/cooking/recipe-ideas/a39854359/air-fryer-eggplant-parm-recipe/,5.0,1,-0.15,4.752898047872597,5.0,4.779173995136171,0.0,empirical_history,0.030000000000000006,4.749173995136171,0.65,schema_only,Laura Rege,Vegetables | Breakfast,,0.0,2026-08-18T22:11:58.441699+00:00,433,0.9357739627754411,3.109126351029605,426,434,0.0,0.0,36,,,,,,,,,0,,False,,,,,,,0.0,0.0,0.0,C,,,Raw 5.000; source/category adjustment +0.150; posterior 4.779; uncertainty -0.000 (empirical_history); evidence -0.030; final 4.749.
250ff3aa21359684c89a70ac,The Best Air-Fryer Baked Potatoes,eatingwell.com,eatingwell.com,https://www.eatingwell.com/recipe/8047239/best-air-fryer-baked-potatoes/,5.0,1,-0.05839540647617436,4.7950420873666095,5.0,4.779173995136171,0.0,empirical_history,0.030000000000000006,4.749173995136171,0.65,schema_only,Julia Levy,Potatoes,,0.0,2026-08-18T22:11:58.441699+00:00,434,0.9359063626804811,3.109126351029605,427,435,0.0,0.0,36,,,,,,,,,0,,False,,,,,,,0.0,0.0,0.0,C,,,Raw 5.000; source/category adjustment +0.058; posterior 4.779; uncertainty -0.000 (empirical_history); evidence -0.030; final 4.749.
267aa66760b8132c1b259df4,Air Fryer Chicken Tenders,simplyrecipes.com,simplyrecipes.com,https://www.simplyrecipes.com/air-fryer-chicken-tender-recipe-8716166,5.0,1,-0.11176739637550157,4.776137525760326,5.0,4.779173995136171,0.0,empirical_history,0.030000000000000006,4.749173995136171,0.65,schema_only,"Sara Haas, RDN, LDN",Chicken | Potatoes | Breakfast | Snacks,,0.0,2026-08-18T22:11:58.441699+00:00,435,0.9360382178322415,3.109126351029605,428,436,0.0,0.0,36,,,,,,,,,0,,False,,,,,,,0.0,0.0,0.0,C,,,Raw 5.000; source/category adjustment +0.112; posterior 4.779; uncertainty -0.000 (empirical_history); evidence -0.030; final 4.749.
2a2345b0528966410d5b05d2,Air Fryer French Fries,budgetbytes.com,budgetbytes.com,https://www.budgetbytes.com/air-fryer-french-fries/,5.0,1,-0.02946317703434832,4.789373351038963,5.0,4.779173995136171,0.0,empirical_history,0.030000000000000006,4.749173995136171,0.65,schema_only,,Potatoes | Snacks,,0.0,2026-08-18T22:11:58.441699+00:00,436,0.936169531585863,3.109126351029605,429,437,0.0,0.0,36,,,,,,,,,0,,False,,,,,,,0.0,0.0,0.0,C,,,Raw 5.000; source/category adjustment +0.029; posterior 4.779; uncertainty -0.000 (empirical_history); evidence -0.030; final 4.749.
329847229e9bad755fd803c8,Air Fryer Jalapeño Poppers,thepioneerwoman.com,thepioneerwoman.com,https://www.thepioneerwoman.com/food-cooking/recipes/a39666259/air-fryer-jalapeno-popper-recipe/,5.0,1,-0.15,4.761077057433891,5.0,4.779173995136171,0.0,empirical_history,0.030000000000000006,4.749173995136171,0.65,schema_only,Josh Miller,Pork | Breakfast,,0.0,2026-08-18T22:11:58.441699+00:00,437,0.9363003072689906,3.109126351029605,430,438,0.0,0.0,36,,,,,,,,,0,,False,,,,,,,0.0,0.0,0.0,C,,,Raw 5.000; source/category adjustment +0.150; posterior 4.779; uncertainty -0.000 (empirical_history); evidence -0.030; final 4.749.
32cfbfc88ec78f2f4d49418d,Insanely Delicious Air Fryer Coconut Shrimp,therecipecritic.com,therecipecritic.com,https://therecipecritic.com/air-fryer-coconut-shrimp/,5.0,1,-0.022842017616082927,4.783293414341193,5.0,4.779173995136171,0.0,empirical_history,0.030000000000000006,4.749173995136171,0.65,schema_only,,Seafood | Breakfast,,0.0,2026-08-18T22:11:58.441699+00:00,438,0.9364305481820542,3.109126351029605,431,439,0.0,0.0,36,,,,,,,,,0,,False,,,,,,,0.0,0.0,0.0,C,,,Raw 5.000; source/category adjustment +0.023; posterior 4.779; uncertainty -0.000 (empirical_history); evidence -0.030; final 4.749.
3b513526ac890da9bbda2663,Air Fryer Bacon,thepioneerwoman.com,thepioneerwoman.com,https://www.thepioneerwoman.com/food-cooking/recipes/a61817023/air-fryer-bacon-recipe/,5.0,1,-0.15,4.761077057433891,5.0,4.779173995136171,0.0,empirical_history,0.030000000000000006,4.749173995136171,0.65,schema_only,Leah Perez,Pork | Breakfast,,0.0,2026-08-18T22:11:58.441699+00:00,439,0.9365602575985464,3.109126351029605,432,440,0.0,0.0,36,,,,,,,,,0,,False,,,,,,,0.0,0.0,0.0,C,,,Raw 5.000; source/category adjustment +0.150; posterior 4.779; uncertainty -0.000 (empirical_history); evidence -0.030; final 4.749.
3cf427f48fc09df572d2ce3d,Air-Fryer Whole-Wheat Cinnamon Rolls,eatingwell.com,eatingwell.com,https://www.eatingwell.com/recipe/8026461/air-fryer-whole-wheat-cinnamon-rolls/,5.0,1,-0.05839540647617436,4.707118877174226,5.0,4.779173995136171,0.0,empirical_history,0.030000000000000006,4.749173995136171,0.65,schema_only,Megan Ginsberg,Desserts | Breakfast,,0.0,2026-08-18T22:11:58.441699+00:00,440,0.9366894387652975,3.109126351029605,433,441,0.0,0.0,36,,,,,,,,,0,,False,,,,,,,0.0,0.0,0.0,C,,,Raw 5.000; source/category adjustment +0.058; posterior 4.779; uncertainty -0.000 (empirical_history); evidence -0.030; final 4.749.
3d559a8cb46c4e0e3e869b60,Air Fryer Chicken Wings,simplyrecipes.com,simplyrecipes.com,https://www.simplyrecipes.com/recipes/air_fryer_chicken_wings/,5.0,1,-0.11176739637550157,4.762901700481689,5.0,4.779173995136171,0.0,empirical_history,0.030000000000000006,4.749173995136171,0.65,schema_only,Sara Bir,Chicken | Breakfast,,0.0,2026-08-18T22:11:58.441699+00:00,441,0.9368180949027446,3.109126351029605,434,442,0.0,0.0,36,,,,,,,,,0,,False,,,,,,,0.0,0.0,0.0,C,,,Raw 5.000; source/category adjustment +0.112; posterior 4.779; uncertainty -0.000 (empirical_history); evidence -0.030; final 4.749.
3f0001543db7e9835708a1e0,Air-Fryer Roasted Pepper-Tomato Salsa,eatingwell.com,eatingwell.com,https://www.eatingwell.com/recipe/8026612/air-fryer-roasted-pepper-tomato-salsa/,5.0,1,-0.05839540647617436,4.774757475038895,5.0,4.779173995136171,0.0,empirical_history,0.030000000000000006,4.749173995136171,0.65,schema_only,"Laura Marzen, RD, LD",,,0.0,2026-08-18T22:11:58.441699+00:00,442,0.936946229205201,3.109126351029605,435,443,0.0,0.0,36,,,,,,,,,0,,False,,,,,,,0.0,0.0,0.0,C,,,Raw 5.000; source/category adjustment +0.058; posterior 4.779; uncertainty -0.000 (empirical_history); evidence -0.030; final 4.749.
53c5af4a3fc7d63e1253e82e,Air-Fryer Stuffed Acorn Squash,eatingwell.com,eatingwell.com,https://www.eatingwell.com/recipe/8022941/air-fryer-stuffed-acorn-squash/,5.0,1,-0.05839540647617436,4.752898047872597,5.0,4.779173995136171,0.0,empirical_history,0.030000000000000006,4.749173995136171,0.65,schema_only,"Natalie Rizzo, M.S., RD",Vegetables | Breakfast,,0.0,2026-08-18T22:11:58.441699+00:00,443,0.9370738448411198,3.109126351029605,436,444,0.0,0.0,36,,,,,,,,,0,,False,,,,,,,0.0,0.0,0.0,C,,,Raw 5.000; source/category adjustment +0.058; posterior 4.779; uncertainty -0.000 (empirical_history); evidence -0.030; final 4.749.
54c2d4bcbe32efa7f184e34d,Air-Fryer Bacon,eatingwell.com,eatingwell.com,https://www.eatingwell.com/recipe/7962084/air-fryer-bacon/,5.0,1,-0.05839540647617436,4.761077057433891,5.0,4.779173995136171,0.0,empirical_history,0.030000000000000006,4.749173995136171,0.65,schema_only,Adam Dolge,Pork | Breakfast,,0.0,2026-08-18T22:11:58.441699+00:00,444,0.937200944953355,3.109126351029605,437,445,0.0,0.0,36,,,,,,,,,0,,False,,,,,,,0.0,0.0,0.0,C,,,Raw 5.000; source/category adjustment +0.058; posterior 4.779; uncertainty -0.000 (empirical_history); evidence -0.030; final 4.749.
5a19dc98ae002eacc08245d8,Air-Fryer Pistachio-Crusted Sea Bass,eatingwell.com,eatingwell.com,https://www.eatingwell.com/recipe/8012968/air-fryer-pistachio-crusted-sea-bass/,5.0,1,-0.05839540647617436,4.84381915932519,5.0,4.779173995136171,0.0,empirical_history,0.030000000000000006,4.749173995136171,0.65,schema_only,Lauren Grant,Seafood,,0.0,2026-08-18T22:11:58.441699+00:00,445,0.93732753265942,3.109126351029605,438,446,0.0,0.0,36,,,,,,,,,0,,False,,,,,,,0.0,0.0,0.0,C,,,Raw 5.000; source/category adjustment +0.058; posterior 4.779; uncertainty -0.000 (empirical_history); evidence -0.030; final 4.749.
5ac399e7b79ac1b9baea5036,Air Fryer Chipotle Chicken Meatballs,delish.com,delish.com,https://www.delish.com/cooking/recipe-ideas/a39854023/air-fryer-chicken-meatballs-recipe/,5.0,1,-0.15,4.764156948788064,5.0,4.779173995136171,0.0,empirical_history,0.030000000000000006,4.749173995136171,0.65,schema_only,Laura Rege,Chicken | Beef | Breakfast,,0.0,2026-08-18T22:11:58.441699+00:00,446,0.9374536110517419,3.109126351029605,439,447,0.0,0.0,36,,,,,,,,,0,,False,,,,,,,0.0,0.0,0.0,C,,,Raw 5.000; source/category adjustment +0.150; posterior 4.779; uncertainty -0.000 (empirical_history); evidence -0.030; final 4.749.
5b8f0b45fa2e20268c257b70,Lemon Blueberry Air Fryer Puff Pastry &#39;Donuts&#39;,allrecipes.com,allrecipes.com,https://www.allrecipes.com/lemon-blueberry-air-fryer-puff-pastry-donuts-recipe-11983109,5.0,1,-0.09393325178093598,4.6914700849912565,5.0,4.779173995136171,0.0,empirical_history,0.030000000000000006,4.749173995136171,0.65,schema_only,Diana Moutsopoulos,Desserts,,0.0,2026-08-18T22:11:58.441699+00:00,447,0.9375791831979134,3.109126351029605,440,448,0.0,0.0,36,0.0,0.0,0.0,0.0,0.0,0.0,,,1,2026-08-18T22:11:58.441699+00:00,False,,,,,,,0.0,0.0,0.0,C,,,Raw 5.000; source/category adjustment +0.094; posterior 4.779; uncertainty -0.000 (empirical_history); evidence -0.030; final 4.749.
625977dbec89c4471426b77d,Air Fryer Roasted Butternut Squash & Kale Salad with Balsamic-Maple Dressing,delish.com,delish.com,https://www.delish.com/cooking/recipe-ideas/a39800628/air-fryer-butternut-squash-recipe/,5.0,1,-0.15,4.783028426387997,5.0,4.779173995136171,0.0,empirical_history,0.030000000000000006,4.749173995136171,0.65,schema_only,Laura Rege,Vegetables,,0.0,2026-08-18T22:11:58.441699+00:00,448,0.9377042521409421,3.109126351029605,441,449,0.0,0.0,36,,,,,,,,,0,,False,,,,,,,0.0,0.0,0.0,C,,,Raw 5.000; source/category adjustment +0.150; posterior 4.779; uncertainty -0.000 (empirical_history); evidence -0.030; final 4.749.
63a1cfbff98fd2da7ce3ad24,Air-Fryer Chewy Oatmeal-Raisin Tahini Cookies,eatingwell.com,eatingwell.com,https://www.eatingwell.com/recipe/8022739/air-fryer-chewy-oatmeal-raisin-tahini-cookies/,5.0,1,-0.05839540647617436,4.707118877174226,5.0,4.779173995136171,0.0,empirical_history,0.030000000000000006,4.749173995136171,0.65,schema_only,Megan Ginsberg,Desserts | Breakfast,,0.0,2026-08-18T22:11:58.441699+00:00,449,0.9378288208994958,3.109126351029605,442,450,0.0,0.0,36,,,,,,,,,0,,False,,,,,,,0.0,0.0,0.0,C,,,Raw 5.000; source/category adjustment +0.058; posterior 4.779; uncertainty -0.000 (empirical_history); evidence -0.030; final 4.749.
670813430ca538a8214280cc,Air-Fryer Sweet Potato Fries,eatingwell.com,eatingwell.com,https://www.eatingwell.com/recipe/270222/air-fryer-sweet-potato-fries/,5.0,1,-0.05839540647617436,4.756738929023061,5.0,4.779173995136171,0.0,empirical_history,0.030000000000000006,4.749173995136171,0.65,schema_only,Sarah Epperson Loveless,Potatoes | Desserts | Snacks,,0.0,2026-08-18T22:11:58.441699+00:00,450,0.9379528924681457,3.109126351029605,443,451,0.0,0.0,36,,,,,,,,,0,,False,,,,,,,0.0,0.0,0.0,C,,,Raw 5.000; source/category adjustment +0.058; posterior 4.779; uncertainty -0.000 (empirical_history); evidence -0.030; final 4.749.
67c894e33620c74e3219f388,Air-Fryer Stuffed Potatoes with Lentil Stew,eatingwell.com,eatingwell.com,https://www.eatingwell.com/recipe/8032083/air-fryer-stuffed-potatoes-with-lentil-stew/,5.0,1,-0.05839540647617436,4.789035256877304,5.0,4.779173995136171,0.0,empirical_history,0.030000000000000006,4.749173995136171,0.65,schema_only,"Natalie Rizzo, M.S., RD",Potatoes | Vegetables,,0.0,2026-08-18T22:11:58.441699+00:00,451,0.9380764698176062,3.109126351029605,444,452,0.0,0.0,36,,,,,,,,,0,,False,,,,,,,0.0,0.0,0.0,C,,,Raw 5.000; source/category adjustment +0.058; posterior 4.779; uncertainty -0.000 (empirical_history); evidence -0.030; final 4.749.
6938ab0842383ff9a5b0e7b6,Air-Fryer Cider Pork Chops with Apples,eatingwell.com,eatingwell.com,https://www.eatingwell.com/recipe/8022655/air-fryer-cider-pork-chops-with-apples/,5.0,1,-0.05839540647617436,4.757961652296612,5.0,4.779173995136171,0.0,empirical_history,0.030000000000000006,4.749173995136171,0.65,schema_only,Megan Ginsberg,Vegetables | Desserts | Pork,,0.0,2026-08-18T22:11:58.441699+00:00,452,0.9381995558949718,3.109126351029605,445,453,0.0,0.0,36,,,,,,,,,0,,False,,,,,,,0.0,0.0,0.0,C,,,Raw 5.000; source/category adjustment +0.058; posterior 4.779; uncertainty -0.000 (empirical_history); evidence -0.030; final 4.749.
6d10e1bba4414e16aa085913,Air Fryer Hot Pockets,delish.com,delish.com,https://www.delish.com/cooking/recipe-ideas/a42136843/air-fryer-hot-pockets-recipe/,5.0,1,-0.15,4.769610609117125,5.0,4.779173995136171,0.0,empirical_history,0.030000000000000006,4.749173995136171,0.65,schema_only,Francesca Zani,Chicken | Vegetables | Breakfast,,0.0,2026-08-18T22:11:58.441699+00:00,453,0.9383221536239519,3.109126351029605,446,454,0.0,0.0,36,,,,,,,,,0,,False,,,,,,,0.0,0.0,0.0,C,,,Raw 5.000; source/category adjustment +0.150; posterior 4.779; uncertainty -0.000 (empirical_history); evidence -0.030; final 4.749.
6d9978e0828eaccd779f5ed0,Air Fryer Tortilla Chips Recipe,budgetbytes.com,budgetbytes.com,https://www.budgetbytes.com/air-fryer-tortilla-chips/,5.0,1,-0.02946317703434832,4.783704614711317,5.0,4.779173995136171,0.0,empirical_history,0.030000000000000006,4.749173995136171,0.65,schema_only,,Snacks,,0.0,2026-08-18T22:11:58.441699+00:00,454,0.9384442659051015,3.109126351029605,447,455,0.0,0.0,36,,,,,,,,,0,,False,,,,,,,0.0,0.0,0.0,C,,,Raw 5.000; source/category adjustment +0.029; posterior 4.779; uncertainty -0.000 (empirical_history); evidence -0.030; final 4.749.
701e0288d23ee42be73a38b9,Air-Fryer Roasted Corn Salsa,eatingwell.com,eatingwell.com,https://www.eatingwell.com/recipe/8032097/air-fryer-roasted-corn-salsa/,5.0,1,-0.05839540647617436,4.774757475038895,5.0,4.779173995136171,0.0,empirical_history,0.030000000000000006,4.749173995136171,0.65,schema_only,"Laura Marzen, RD, LD",,,0.0,2026-08-18T22:11:58.441699+00:00,455,0.9385658956160512,3.109126351029605,448,456,0.0,0.0,36,,,,,,,,,0,,False,,,,,,,0.0,0.0,0.0,C,,,Raw 5.000; source/category adjustment +0.058; posterior 4.779; uncertainty -0.000 (empirical_history); evidence -0.030; final 4.749.
727846eaa54fea2c267e6c66,Sweet and Spicy Air-Fryer Meatballs,tasteofhome.com,tasteofhome.com,https://www.tasteofhome.com/recipes/sweet-and-spicy-air-fryer-meatballs/,5.0,1,-0.06891312352872844,4.744717557379005,5.0,4.779173995136171,0.0,empirical_history,0.030000000000000006,4.749173995136171,0.65,schema_only,Taste of Home Editorial Team,Beef | Breakfast,,0.0,2026-08-18T22:11:58.441699+00:00,456,0.9386870456117319,3.109126351029605,449,457,0.0,0.0,36,,,,,,,,,0,,False,,,,,,,0.0,0.0,0.0,C,,,Raw 5.000; source/category adjustment +0.069; posterior 4.779; uncertainty -0.000 (empirical_history); evidence -0.030; final 4.749.
7a07f24938d0fa49afc1c271,Air-Fryer &#34;Fried&#34; Chicken,eatingwell.com,eatingwell.com,https://www.eatingwell.com/recipe/8023016/air-fryer-fried-chicken/,5.0,1,-0.05839540647617436,4.762901700481689,5.0,4.779173995136171,0.0,empirical_history,0.030000000000000006,4.749173995136171,0.65,schema_only,Amanda Stanfield,Chicken | Breakfast,,0.0,2026-08-18T22:11:58.441699+00:00,457,0.9388077187245987,3.109126351029605,450,458,0.0,0.0,36,,,,,,,,,0,,False,,,,,,,0.0,0.0,0.0,C,,,Raw 5.000; source/category adjustment +0.058; posterior 4.779; uncertainty -0.000 (empirical_history); evidence -0.030; final 4.749.
7d640f964bef49dbe4c4e3c3,Air Fryer Grilled Cheese,thepioneerwoman.com,thepioneerwoman.com,https://www.thepioneerwoman.com/food-cooking/recipes/a40710501/air-fryer-grilled-cheese-recipe/,5.0,1,-0.15,4.774757475038895,5.0,4.779173995136171,0.0,empirical_history,0.030000000000000006,4.749173995136171,0.65,schema_only,"Georgia Goode, Erin Merhar",,,0.0,2026-08-18T22:11:58.441699+00:00,458,0.9389279177648523,3.109126351029605,451,459,0.0,0.0,36,,,,,,,,,0,,False,,,,,,,0.0,0.0,0.0,C,,,Raw 5.000; source/category adjustment +0.150; posterior 4.779; uncertainty -0.000 (empirical_history); evidence -0.030; final 4.749.
82a50e527315854a59e0bad7,Air Fryer Sweet Potato Fries,therecipecritic.com,therecipecritic.com,https://therecipecritic.com/air-fryer-sweet-potato-fries/,5.0,1,-0.022842017616082927,4.789373351038963,5.0,4.779173995136171,0.0,empirical_history,0.030000000000000006,4.749173995136171,0.65,schema_only,,Potatoes | Snacks,,0.0,2026-08-18T22:11:58.441699+00:00,459,0.939047645520656,3.109126351029605,452,460,0.0,0.0,36,,,,,,,,,0,,False,,,,,,,0.0,0.0,0.0,C,,,Raw 5.000; source/category adjustment +0.023; posterior 4.779; uncertainty -0.000 (empirical_history); evidence -0.030; final 4.749.
82afe2042d32d0033c4d2cc1,Air Fryer Tuscan Stuffed Mushrooms,delish.com,delish.com,https://www.delish.com/cooking/recipe-ideas/a39721223/air-fryer-stuffed-mushrooms-recipe/,5.0,1,-0.15,4.783028426387997,5.0,4.779173995136171,0.0,empirical_history,0.030000000000000006,4.749173995136171,0.65,schema_only,Laura Rege,Vegetables,,0.0,2026-08-18T22:11:58.441699+00:00,460,0.9391669047583521,3.109126351029605,453,461,0.0,0.0,36,,,,,,,,,0,,False,,,,,,,0.0,0.0,0.0,C,,,Raw 5.000; source/category adjustment +0.150; posterior 4.779; uncertainty -0.000 (empirical_history); evidence -0.030; final 4.749.
8574a6929a23ae1037878026,Air Fryer Berry Crisp,delish.com,delish.com,https://www.delish.com/cooking/recipe-ideas/a39854907/air-fryer-berry-crisp-recipe/,5.0,1,-0.15,4.774757475038895,5.0,4.779173995136171,0.0,empirical_history,0.030000000000000006,4.749173995136171,0.65,schema_only,Laura Rege,,,0.0,2026-08-18T22:11:58.441699+00:00,461,0.9392856982226745,3.109126351029605,454,462,0.0,0.0,36,,,,,,,,,0,,False,,,,,,,0.0,0.0,0.0,C,,,Raw 5.000; source/category adjustment +0.150; posterior 4.779; uncertainty -0.000 (empirical_history); evidence -0.030; final 4.749.
85a89eba3c8f06d68c639fa4,Air-Fryer Herb and Cheese-Stuffed Burgers,tasteofhome.com,tasteofhome.com,https://www.tasteofhome.com/recipes/air-fryer-herb-and-cheese-stuffed-burgers/,5.0,1,-0.06891312352872844,4.783026945455699,5.0,4.779173995136171,0.0,empirical_history,0.030000000000000006,4.749173995136171,0.65,schema_only,Taste of Home Editorial Team,Beef | Pork,,0.0,2026-08-18T22:39:54.145145+00:00,462,0.9394040286369597,3.109126351029605,455,463,0.0,0.0,36,,,,,,,,,0,,False,,,,,,,0.0,0.0,0.0,C,,,Raw 5.000; source/category adjustment +0.069; posterior 4.779; uncertainty -0.000 (empirical_history); evidence -0.030; final 4.749.
875623c3a63268328149353b,Air-Fryer Crab Cakes,eatingwell.com,eatingwell.com,https://www.eatingwell.com/recipe/7939835/air-fryer-crab-cakes/,5.0,1,-0.05839540647617436,4.707118877174226,5.0,4.779173995136171,0.0,empirical_history,0.030000000000000006,4.749173995136171,0.65,schema_only,Alex Loh,Desserts | Breakfast,,0.0,2026-08-18T22:11:58.441699+00:00,463,0.9395218987033548,3.109126351029605,456,464,0.0,0.0,36,,,,,,,,,0,,False,,,,,,,0.0,0.0,0.0,C,,,Raw 5.000; source/category adjustment +0.058; posterior 4.779; uncertainty -0.000 (empirical_history); evidence -0.030; final 4.749.
89d05bebda317f4512e89694,Air Fryer Apple Pie Baked Apples,delish.com,delish.com,https://www.delish.com/cooking/recipe-ideas/a68152851/air-fryer-apple-pie-apples-recipe/,5.0,1,-0.15,4.707118877174226,5.0,4.779173995136171,0.0,empirical_history,0.030000000000000006,4.749173995136171,0.65,schema_only,Laura Rege,Desserts | Breakfast,,0.0,2026-08-18T22:11:58.441699+00:00,464,0.9396393111030225,3.109126351029605,457,465,0.0,0.0,36,,,,,,,,,0,,False,,,,,,,0.0,0.0,0.0,C,,,Raw 5.000; source/category adjustment +0.150; posterior 4.779; uncertainty -0.000 (empirical_history); evidence -0.030; final 4.749.
945eb66dc896cf7c413acff7,Air Fryer Fish Tacos with Avocado Salsa,delish.com,delish.com,https://www.delish.com/cooking/recipe-ideas/a39818583/air-fryer-fish-tacos-recipe/,5.0,1,-0.15,4.84381915932519,5.0,4.779173995136171,0.0,empirical_history,0.030000000000000006,4.749173995136171,0.65,schema_only,Laura Rege,Seafood,,0.0,2026-08-18T22:11:58.441699+00:00,465,0.9397562684963456,3.109126351029605,458,466,0.0,0.0,36,,,,,,,,,0,,False,,,,,,,0.0,0.0,0.0,C,,,Raw 5.000; source/category adjustment +0.150; posterior 4.779; uncertainty -0.000 (empirical_history); evidence -0.030; final 4.749.
9e5c780b041f452986c987df,Air Fryer Whole Chicken,wellplated.com,wellplated.com,https://www.wellplated.com/air-fryer-whole-chicken/,5.0,1,-0.005312738771879698,4.803035731606181,5.0,4.779173995136171,0.0,empirical_history,0.030000000000000006,4.749173995136171,0.65,schema_only,,Chicken,,0.0,2026-08-18T22:11:58.441699+00:00,466,0.9398727735231269,3.109126351029605,459,467,0.0,0.0,36,,,,,,,,,0,,False,,,,,,,0.0,0.0,0.0,C,,,Raw 5.000; source/category adjustment +0.005; posterior 4.779; uncertainty -0.000 (empirical_history); evidence -0.030; final 4.749.
a018dff961c5bfcf5a481539,Air Fryer Asparagus (3 Ingredients!),simplyrecipes.com,simplyrecipes.com,https://www.simplyrecipes.com/air-fryer-asparagus-recipe-8647418,5.0,1,-0.11176739637550157,4.783028426387997,5.0,4.779173995136171,0.0,empirical_history,0.030000000000000006,4.749173995136171,0.65,schema_only,Claudia Cash,Vegetables,,0.0,2026-08-18T22:11:58.441699+00:00,467,0.9399888288027884,3.109126351029605,460,468,0.0,0.0,36,,,,,,,,,0,,False,,,,,,,0.0,0.0,0.0,C,,,Raw 5.000; source/category adjustment +0.112; posterior 4.779; uncertainty -0.000 (empirical_history); evidence -0.030; final 4.749.
a0cd071ba6d035614a331727,Air Fryer Hamburgers,therecipecritic.com,therecipecritic.com,https://therecipecritic.com/air-fryer-hamburgers/,5.0,1,-0.022842017616082927,4.783026945455699,5.0,4.779173995136171,0.0,empirical_history,0.030000000000000006,4.749173995136171,0.65,schema_only,,Beef | Pork,,0.0,2026-08-18T22:11:58.441699+00:00,468,0.9401044369345674,3.109126351029605,461,469,0.0,0.0,36,,,,,,,,,0,,False,,,,,,,0.0,0.0,0.0,C,,,Raw 5.000; source/category adjustment +0.023; posterior 4.779; uncertainty -0.000 (empirical_history); evidence -0.030; final 4.749.
a16ee6464309cbb900a9dcd9,Air Fryer Loaded Zucchini Skins,delish.com,delish.com,https://www.delish.com/cooking/recipe-ideas/a39721316/air-fryer-zucchini-skins-recipe/,5.0,1,-0.15,4.768394180418593,5.0,4.779173995136171,0.0,empirical_history,0.030000000000000006,4.749173995136171,0.65,schema_only,Laura Rege,Vegetables | Pork | Breakfast,,0.0,2026-08-18T22:11:58.441699+00:00,469,0.9402196004977105,3.109126351029605,462,470,0.0,0.0,36,,,,,,,,,0,,False,,,,,,,0.0,0.0,0.0,C,,,Raw 5.000; source/category adjustment +0.150; posterior 4.779; uncertainty -0.000 (empirical_history); evidence -0.030; final 4.749.
a43d94092fecb4079e537868,Air Fryer Mushrooms and Onions,delish.com,delish.com,https://www.delish.com/cooking/recipe-ideas/a39800425/air-fryer-mushrooms-recipe/,5.0,1,-0.15,4.783028426387997,5.0,4.779173995136171,0.0,empirical_history,0.030000000000000006,4.749173995136171,0.65,schema_only,Laura Rege,Vegetables,,0.0,2026-08-18T22:11:58.441699+00:00,470,0.9403343220516654,3.109126351029605,463,471,0.0,0.0,36,,,,,,,,,0,,False,,,,,,,0.0,0.0,0.0,C,,,Raw 5.000; source/category adjustment +0.150; posterior 4.779; uncertainty -0.000 (empirical_history); evidence -0.030; final 4.749.
a51957bc9dca46c69835034a,Air-Fryer Bratwurst with Onions &amp; Peppers,eatingwell.com,eatingwell.com,https://www.eatingwell.com/recipe/8015933/air-fryer-bratwurst-with-onions-peppers/,5.0,1,-0.05839540647617436,4.761077057433891,5.0,4.779173995136171,0.0,empirical_history,0.030000000000000006,4.749173995136171,0.65,schema_only,Lauren Grant,Pork | Breakfast,,0.0,2026-08-18T22:11:58.441699+00:00,471,0.9404486041362711,3.109126351029605,464,472,0.0,0.0,36,,,,,,,,,0,,False,,,,,,,0.0,0.0,0.0,C,,,Raw 5.000; source/category adjustment +0.058; posterior 4.779; uncertainty -0.000 (empirical_history); evidence -0.030; final 4.749.
a58c1d1458adb47c2f6911fa,Air Fryer Apple Dumplings,allrecipes.com,allrecipes.com,https://www.allrecipes.com/recipe/260636/air-fryer-apple-dumplings/,5.0,1,-0.09393325178093598,4.6914700849912565,5.0,4.779173995136171,0.0,empirical_history,0.030000000000000006,4.749173995136171,0.65,schema_only,Launa,Desserts,,0.0,2026-08-18T22:11:58.441699+00:00,472,0.9405624492719442,3.109126351029605,465,473,0.0,0.0,36,,,,,,,,,0,,False,,,,,,,0.0,0.0,0.0,C,,,Raw 5.000; source/category adjustment +0.094; posterior 4.779; uncertainty -0.000 (empirical_history); evidence -0.030; final 4.749.
a75e249f1660028eb5a29d7f,Air Fryer Zucchini,delish.com,delish.com,https://www.delish.com/cooking/recipe-ideas/a36523305/air-fryer-zucchini-recipe/,5.0,1,-0.15,4.752898047872597,5.0,4.779173995136171,0.0,empirical_history,0.030000000000000006,4.749173995136171,0.65,schema_only,Makinze Gore,Vegetables | Breakfast,,0.0,2026-08-18T22:11:58.441699+00:00,473,0.940675859959865,3.109126351029605,466,474,0.0,0.0,36,,,,,,,,,0,,False,,,,,,,0.0,0.0,0.0,C,,,Raw 5.000; source/category adjustment +0.150; posterior 4.779; uncertainty -0.000 (empirical_history); evidence -0.030; final 4.749.
a7985ee6f100ee172acc74b9,Air Fryer Miso-Glazed Scallops,delish.com,delish.com,https://www.delish.com/cooking/recipe-ideas/a39818783/air-fryer-miso-scallops-recipe/,5.0,1,-0.15,4.84381915932519,5.0,4.779173995136171,0.0,empirical_history,0.030000000000000006,4.749173995136171,0.65,schema_only,Laura Rege,Seafood,,0.0,2026-08-18T22:11:58.441699+00:00,474,0.940788838682161,3.109126351029605,467,475,0.0,0.0,36,,,,,,,,,0,,False,,,,,,,0.0,0.0,0.0,C,,,Raw 5.000; source/category adjustment +0.150; posterior 4.779; uncertainty -0.000 (empirical_history); evidence -0.030; final 4.749.
ad9b41f2557eb4adcc1eb4a9,Air-Fryer Berry Hand Pies,eatingwell.com,eatingwell.com,https://www.eatingwell.com/recipe/8029876/air-fryer-berry-hand-pies/,5.0,1,-0.05839540647617436,4.7227676693571965,5.0,4.779173995136171,0.0,empirical_history,0.030000000000000006,4.749173995136171,0.65,schema_only,Katie Webster,Breakfast,,0.0,2026-08-18T22:11:58.441699+00:00,475,0.9409013879020868,3.109126351029605,468,476,0.0,0.0,36,,,,,,,,,0,,False,,,,,,,0.0,0.0,0.0,C,,,Raw 5.000; source/category adjustment +0.058; posterior 4.779; uncertainty -0.000 (empirical_history); evidence -0.030; final 4.749.
b2765c5de6b1112c916bfae7,Air Fryer Potato Peel Chips,allrecipes.com,allrecipes.com,https://www.allrecipes.com/air-fryer-potato-peel-chips-recipe-11971099,5.0,1,-0.09393325178093598,4.789373351038963,5.0,4.779173995136171,0.0,empirical_history,0.030000000000000006,4.749173995136171,0.65,schema_only,Nicole Russell,Potatoes | Snacks,,0.0,2026-08-18T22:11:58.441699+00:00,476,0.941013510064204,3.109126351029605,469,477,0.0,0.0,36,0.0,0.0,0.0,0.0,0.0,0.0,,,1,2026-08-18T22:11:58.441699+00:00,False,,,,,,,0.0,0.0,0.0,C,,,Raw 5.000; source/category adjustment +0.094; posterior 4.779; uncertainty -0.000 (empirical_history); evidence -0.030; final 4.749.
b5bfe35945fadd83a14c9569,Air-Fryer Katsu Sandwiches,eatingwell.com,eatingwell.com,https://www.eatingwell.com/recipe/8031916/air-fryer-katsu-sandwiches/,5.0,1,-0.05839540647617436,4.7729643229686936,5.0,4.779173995136171,0.0,empirical_history,0.030000000000000006,4.749173995136171,0.65,schema_only,Lauren Grant,Chicken | Beef | Pork | Breakfast,,0.0,2026-08-18T22:11:58.441699+00:00,477,0.9411252075945584,3.109126351029605,470,478,0.0,0.0,36,,,,,,,,,0,,False,,,,,,,0.0,0.0,0.0,C,,,Raw 5.000; source/category adjustment +0.058; posterior 4.779; uncertainty -0.000 (empirical_history); evidence -0.030; final 4.749.
b739ef6e392b74c18c0624a0,Air-Fryer Chicken Tenders,tasteofhome.com,tasteofhome.com,https://www.tasteofhome.com/recipes/air-fryer-chicken-strips/,5.0,1,-0.06891312352872844,4.762901700481689,5.0,4.779173995136171,0.0,empirical_history,0.030000000000000006,4.749173995136171,0.65,schema_only,Amanda Blum,Chicken | Breakfast,,0.0,2026-08-18T22:11:58.441699+00:00,478,0.9412364829008539,3.109126351029605,471,479,0.0,0.0,36,,,,,,,,,0,,False,,,,,,,0.0,0.0,0.0,C,,,Raw 5.000; source/category adjustment +0.069; posterior 4.779; uncertainty -0.000 (empirical_history); evidence -0.030; final 4.749.
c1301737996f5c82a3267f65,Air-Fryer Brussels Sprouts,eatingwell.com,eatingwell.com,https://www.eatingwell.com/recipe/277262/air-fryer-brussels-sprouts/,5.0,1,-0.05839540647617436,4.768394180418593,5.0,4.779173995136171,0.0,empirical_history,0.030000000000000006,4.749173995136171,0.65,schema_only,Alex Loh,Vegetables | Pork | Breakfast,,0.0,2026-08-18T22:11:58.441699+00:00,479,0.9413473383726269,3.109126351029605,472,480,0.0,0.0,36,,,,,,,,,0,,False,,,,,,,0.0,0.0,0.0,C,,,Raw 5.000; source/category adjustment +0.058; posterior 4.779; uncertainty -0.000 (empirical_history); evidence -0.030; final 4.749.
c3fe53f548eb3f6aff9cd3e2,Air Fryer Baked Potato,thepioneerwoman.com,thepioneerwoman.com,https://www.thepioneerwoman.com/food-cooking/a46043388/air-fryer-baked-potato-recipe/,5.0,1,-0.15,4.7950420873666095,5.0,4.779173995136171,0.0,empirical_history,0.030000000000000006,4.749173995136171,0.65,schema_only,Erin Merhar,Potatoes,,0.0,2026-08-18T22:11:58.441699+00:00,480,0.9414577763814161,3.109126351029605,473,481,0.0,0.0,36,,,,,,,,,0,,False,,,,,,,0.0,0.0,0.0,C,,,Raw 5.000; source/category adjustment +0.150; posterior 4.779; uncertainty -0.000 (empirical_history); evidence -0.030; final 4.749.
c68c96192b564cc7ff3652fc,Air-Fryer Lemon Feta Chicken,tasteofhome.com,tasteofhome.com,https://www.tasteofhome.com/recipes/air-fryer-lemon-feta-chicken/,5.0,1,-0.06891312352872844,4.803035731606181,5.0,4.779173995136171,0.0,empirical_history,0.030000000000000006,4.749173995136171,0.65,schema_only,Taste of Home Editorial Team,Chicken,,0.0,2026-08-18T22:11:58.441699+00:00,481,0.9415677992809321,3.109126351029605,474,482,0.0,0.0,36,,,,,,,,,0,,False,,,,,,,0.0,0.0,0.0,C,,,Raw 5.000; source/category adjustment +0.069; posterior 4.779; uncertainty -0.000 (empirical_history); evidence -0.030; final 4.749.
c97d80a1717f4c2782708145,Air-Fryer Crispy Sriracha Spring Rolls,tasteofhome.com,tasteofhome.com,https://www.tasteofhome.com/recipes/air-fryer-crispy-sriracha-spring-rolls/,5.0,1,-0.06891312352872844,4.803035731606181,5.0,4.779173995136171,0.0,empirical_history,0.030000000000000006,4.749173995136171,0.65,schema_only,Taste of Home Editorial Team,Chicken,,0.0,2026-08-18T22:11:58.441699+00:00,482,0.9416774094072251,3.109126351029605,475,483,0.0,0.0,36,,,,,,,,,0,,False,,,,,,,0.0,0.0,0.0,C,,,Raw 5.000; source/category adjustment +0.069; posterior 4.779; uncertainty -0.000 (empirical_history); evidence -0.030; final 4.749.
cf913544eb1cb584439b9b6f,Air-Fryer Potato Wedges,eatingwell.com,eatingwell.com,https://www.eatingwell.com/recipe/7873296/air-fryer-potato-wedges/,5.0,1,-0.05839540647617436,4.7950420873666095,5.0,4.779173995136171,0.0,empirical_history,0.030000000000000006,4.749173995136171,0.65,schema_only,Julia Levy,Potatoes,,0.0,2026-08-18T22:11:58.441699+00:00,483,0.9417866090788496,3.109126351029605,476,484,0.0,0.0,36,,,,,,,,,0,,False,,,,,,,0.0,0.0,0.0,C,,,Raw 5.000; source/category adjustment +0.058; posterior 4.779; uncertainty -0.000 (empirical_history); evidence -0.030; final 4.749.
d3a569c879781dd7add2aefd,Air Fryer Fish Sticks,therecipecritic.com,therecipecritic.com,https://therecipecritic.com/air-fryer-fish-sticks/,5.0,1,-0.022842017616082927,4.783293414341193,5.0,4.779173995136171,0.0,empirical_history,0.030000000000000006,4.749173995136171,0.65,schema_only,,Seafood | Breakfast,,0.0,2026-08-18T22:11:58.441699+00:00,484,0.9418954005970276,3.109126351029605,477,485,0.0,0.0,36,,,,,,,,,0,,False,,,,,,,0.0,0.0,0.0,C,,,Raw 5.000; source/category adjustment +0.023; posterior 4.779; uncertainty -0.000 (empirical_history); evidence -0.030; final 4.749.
d408d5b4dc612dddc3c66a91,Air-Fryer Chicken Taquitos,eatingwell.com,eatingwell.com,https://www.eatingwell.com/recipe/8025993/air-fryer-chicken-taquitos/,5.0,1,-0.05839540647617436,4.793370173158749,5.0,4.779173995136171,0.0,empirical_history,0.030000000000000006,4.749173995136171,0.65,schema_only,Karen Rankin,Chicken | Snacks,,0.0,2026-08-18T22:11:58.441699+00:00,485,0.9420037862458116,3.109126351029605,478,486,0.0,0.0,36,,,,,,,,,0,,False,,,,,,,0.0,0.0,0.0,C,,,Raw 5.000; source/category adjustment +0.058; posterior 4.779; uncertainty -0.000 (empirical_history); evidence -0.030; final 4.749.
d471ef737e480390fc5cbd77,Air-Fryer Quinoa Arancini,tasteofhome.com,tasteofhome.com,https://www.tasteofhome.com/recipes/air-fryer-quinoa-arancini/,5.0,1,-0.06891312352872844,4.7227676693571965,5.0,4.779173995136171,0.0,empirical_history,0.030000000000000006,4.749173995136171,0.65,schema_only,Taste of Home Editorial Team,Breakfast,,0.0,2026-08-18T22:11:58.441699+00:00,486,0.9421117682922429,3.109126351029605,479,487,0.0,0.0,36,,,,,,,,,0,,False,,,,,,,0.0,0.0,0.0,C,,,Raw 5.000; source/category adjustment +0.069; posterior 4.779; uncertainty -0.000 (empirical_history); evidence -0.030; final 4.749.
d819f38da8a319515e7cb45e,Air-Fryer Pumpkin Biscuits with Spiced Apple Butter,tasteofhome.com,tasteofhome.com,https://www.tasteofhome.com/recipes/air-fryer-pumpkin-biscuits-with-spiced-apple-butter/,5.0,1,-0.06891312352872844,4.6914700849912565,5.0,4.779173995136171,0.0,empirical_history,0.030000000000000006,4.749173995136171,0.65,schema_only,Taste of Home Editorial Team,Desserts,,0.0,2026-08-18T22:11:58.441699+00:00,487,0.9422193489865104,3.109126351029605,480,488,0.0,0.0,36,,,,,,,,,0,,False,,,,,,,0.0,0.0,0.0,C,,,Raw 5.000; source/category adjustment +0.069; posterior 4.779; uncertainty -0.000 (empirical_history); evidence -0.030; final 4.749.
e09bf36c46026395a7f20c0f,Air Fryer Spinach and Artichoke Stuffed Chicken Breast,delish.com,delish.com,https://www.delish.com/cooking/recipe-ideas/a39817948/air-fryer-stuffed-chicken-breast-recipe/,5.0,1,-0.15,4.803035731606181,5.0,4.779173995136171,0.0,empirical_history,0.030000000000000006,4.749173995136171,0.65,schema_only,Laura Rege,Chicken,,0.0,2026-08-18T22:11:58.441699+00:00,488,0.9423265305621074,3.109126351029605,481,489,0.0,0.0,36,,,,,,,,,0,,False,,,,,,,0.0,0.0,0.0,C,,,Raw 5.000; source/category adjustment +0.150; posterior 4.779; uncertainty -0.000 (empirical_history); evidence -0.030; final 4.749.
e0bec0914bb7d216c12ee55d,Air Fryer Potstickers,delish.com,delish.com,https://www.delish.com/cooking/recipe-ideas/a40026561/air-fryer-potstickers-recipe/,5.0,1,-0.15,4.790407486437429,5.0,4.779173995136171,0.0,empirical_history,0.030000000000000006,4.749173995136171,0.65,schema_only,Justin Sullivan,Chicken | Vegetables | Pork | Seafood | Breakfast,,0.0,2026-08-18T22:11:58.441699+00:00,489,0.9424333152359846,3.109126351029605,482,490,0.0,0.0,36,,,,,,,,,0,,False,,,,,,,0.0,0.0,0.0,C,,,Raw 5.000; source/category adjustment +0.150; posterior 4.779; uncertainty -0.000 (empirical_history); evidence -0.030; final 4.749.
e6713e69308ae5180b9db489,Air Fryer Primavera Roasted Vegetables,delish.com,delish.com,https://www.delish.com/cooking/recipe-ideas/a39800559/air-fryer-roasted-vegetables-recipe/,5.0,1,-0.15,4.783028426387997,5.0,4.779173995136171,0.0,empirical_history,0.030000000000000006,4.749173995136171,0.65,schema_only,Laura Rege,Vegetables,,0.0,2026-08-18T22:11:58.441699+00:00,490,0.9425397052087047,3.109126351029605,483,491,0.0,0.0,36,,,,,,,,,0,,False,,,,,,,0.0,0.0,0.0,C,,,Raw 5.000; source/category adjustment +0.150; posterior 4.779; uncertainty -0.000 (empirical_history); evidence -0.030; final 4.749.
e87b868ad27f158bedcbb7d8,Air-Fryer General Tso's Cauliflower,tasteofhome.com,tasteofhome.com,https://www.tasteofhome.com/recipes/air-fryer-general-tso-s-cauliflower/,5.0,1,-0.06891312352872844,4.783028426387997,5.0,4.779173995136171,0.0,empirical_history,0.030000000000000006,4.749173995136171,0.65,schema_only,Taste of Home Editorial Team,Vegetables,,0.0,2026-08-18T22:11:58.441699+00:00,491,0.9426457026645929,3.109126351029605,484,492,0.0,0.0,36,,,,,,,,,0,,False,,,,,,,0.0,0.0,0.0,C,,,Raw 5.000; source/category adjustment +0.069; posterior 4.779; uncertainty -0.000 (empirical_history); evidence -0.030; final 4.749.
e9f0ee627f25e003f52d60eb,Air Fryer Breakfast Bombs,delish.com,delish.com,https://www.delish.com/cooking/recipe-ideas/a39667859/air-fryer-breakfast-bombs-recipe/,5.0,1,-0.15,4.7227676693571965,5.0,4.779173995136171,0.0,empirical_history,0.030000000000000006,4.749173995136171,0.65,schema_only,Laura Rege,Breakfast,,0.0,2026-08-18T22:11:58.441699+00:00,492,0.9427513097718859,3.109126351029605,485,493,0.0,0.0,36,,,,,,,,,0,,False,,,,,,,0.0,0.0,0.0,C,,,Raw 5.000; source/category adjustment +0.150; posterior 4.779; uncertainty -0.000 (empirical_history); evidence -0.030; final 4.749.
ee92a6f37e3d6f441b4a279a,Air Fryer Beef Kofta Kebabs,allrecipes.com,allrecipes.com,https://www.allrecipes.com/air-fryer-beef-kofta-kabobs-recipe-11714847,5.0,1,-0.09393325178093598,4.729068765196034,5.0,4.779173995136171,0.0,empirical_history,0.030000000000000006,4.749173995136171,0.65,schema_only,Nicole Russell,Desserts | Beef,,0.0,2026-08-18T22:11:58.441699+00:00,493,0.9428565286828803,3.109126351029605,486,494,0.0,0.0,36,,,,,,,,,0,,False,,,,,,,0.0,0.0,0.0,C,,,Raw 5.000; source/category adjustment +0.094; posterior 4.779; uncertainty -0.000 (empirical_history); evidence -0.030; final 4.749.
f0672a5d3eb4e388050c3759,Air-Fryer Mini Cheesecakes,eatingwell.com,eatingwell.com,https://www.eatingwell.com/recipe/8022983/air-fryer-mini-cheesecakes/,5.0,1,-0.05839540647617436,4.737874733286346,5.0,4.779173995136171,0.0,empirical_history,0.030000000000000006,4.749173995136171,0.65,schema_only,Alex Loh,Desserts | Pork | Breakfast,,0.0,2026-08-18T22:11:58.441699+00:00,494,0.9429613615340786,3.109126351029605,487,495,0.0,0.0,36,,,,,,,,,0,,False,,,,,,,0.0,0.0,0.0,C,,,Raw 5.000; source/category adjustment +0.058; posterior 4.779; uncertainty -0.000 (empirical_history); evidence -0.030; final 4.749.
f1083f8c24d02b500ea0f957,Air-Fryer Kale Chips,eatingwell.com,eatingwell.com,https://www.eatingwell.com/recipe/270218/air-fryer-kale-chips/,5.0,1,-0.05839540647617436,4.783704614711317,5.0,4.779173995136171,0.0,empirical_history,0.030000000000000006,4.749173995136171,0.65,schema_only,Adam Hickman,Snacks,,0.0,2026-08-18T22:11:58.441699+00:00,495,0.9430658104463343,3.109126351029605,488,496,0.0,0.0,36,,,,,,,,,0,,False,,,,,,,0.0,0.0,0.0,C,,,Raw 5.000; source/category adjustment +0.058; posterior 4.779; uncertainty -0.000 (empirical_history); evidence -0.030; final 4.749.
f981bff06c020ea3c8206e00,Air-Fryer Roasted Peach Salsa,eatingwell.com,eatingwell.com,https://www.eatingwell.com/recipe/8032412/air-fryer-roasted-peach-salsa/,5.0,1,-0.05839540647617436,4.774757475038895,5.0,4.779173995136171,0.0,empirical_history,0.030000000000000006,4.749173995136171,0.65,schema_only,"Laura Marzen, RD, LD",,,0.0,2026-08-18T22:11:58.441699+00:00,496,0.9431698775249937,3.109126351029605,489,497,0.0,0.0,36,,,,,,,,,0,,False,,,,,,,0.0,0.0,0.0,C,,,Raw 5.000; source/category adjustment +0.058; posterior 4.779; uncertainty -0.000 (empirical_history); evidence -0.030; final 4.749.
ff8cc376e119e7e470810a7a,Air-Fryer Cookie Pie,tasteofhome.com,tasteofhome.com,https://www.tasteofhome.com/recipes/air-fryer-cookie-pie/,5.0,1,-0.06891312352872844,4.707118877174226,5.0,4.779173995136171,0.0,empirical_history,0.030000000000000006,4.749173995136171,0.65,schema_only,Taste of Home Editorial Team,Desserts | Breakfast,,0.0,2026-08-18T22:11:58.441699+00:00,497,0.9432735648600391,3.109126351029605,490,498,0.0,0.0,36,,,,,,,,,0,,False,,,,,,,0.0,0.0,0.0,C,,,Raw 5.000; source/category adjustment +0.069; posterior 4.779; uncertainty -0.000 (empirical_history); evidence -0.030; final 4.749.
2bbc2b554d2e9ecbbafcc45c,Air Fryer Cod,allrecipes.com,allrecipes.com,https://www.allrecipes.com/recipe/283545/air-fryer-cod/,4.7,14,-0.09393325178093598,4.783293414341193,4.7939332517809365,4.778952176201217,0.0,empirical_history,0.030000000000000006,4.748952176201216,0.65,schema_only,thedailygourmet,Seafood | Breakfast,,0.0,2026-08-18T22:11:58.441699+00:00,498,0.9844821180811251,0.816496580927726,497,499,0.0,0.0,36,,,,,,,,,0,,False,,,,,,,0.0,0.0,0.0,C,,,Raw 4.700; source/category adjustment +0.094; posterior 4.779; uncertainty -0.000 (empirical_history); evidence -0.030; final 4.749.
01ec819614e0b2d1225a5637,Air Fryer Banana Nutella Hand Pies,airfryingfoodie.com,airfryingfoodie.com,https://airfryingfoodie.com/air-fryer-banana-nutella-hand-pies/,5.0,1,0.031006913164291352,4.7227676693571965,4.968993086835709,4.778566016446676,0.0,empirical_history,0.030000000000000006,4.748566016446675,0.65,schema_only,Jen,Breakfast,,0.0,2026-08-18T22:11:58.441699+00:00,499,0.9818866115862108,0.9574271077563381,498,501,0.0,0.0,36,0.0,0.0,0.0,0.0,0.0,0.0,,,1,2026-08-18T22:11:58.441699+00:00,False,,,,,,,0.0,0.0,0.0,C,,,Raw 5.000; source/category adjustment -0.031; posterior 4.779; uncertainty -0.000 (empirical_history); evidence -0.030; final 4.749.
028a70029cd6270176218a63,Air Fryer Frozen Jalapeno Poppers,airfryingfoodie.com,airfryingfoodie.com,https://airfryingfoodie.com/air-fryer-frozen-jalapeno-poppers/,5.0,1,0.031006913164291352,4.774757475038895,4.968993086835709,4.778566016446676,0.0,empirical_history,0.030000000000000006,4.748566016446675,0.65,schema_only,Becky,,,0.0,2026-08-18T21:44:52.082063+00:00,500,0.9819208152652849,0.9574271077563381,499,502,0.0,0.0,36,,,,,,,,,0,,False,,,,,,,,,,C,,,Raw 5.000; source/category adjustment -0.031; posterior 4.779; uncertainty -0.000 (empirical_history); evidence -0.030; final 4.749.
028d96a6a0afcbd3f942597b,Air Fryer Frozen Potatoes,airfryingfoodie.com,airfryingfoodie.com,https://airfryingfoodie.com/air-fryer-frozen-potatoes/,5.0,1,0.031006913164291352,4.7950420873666095,4.968993086835709,4.778566016446676,0.0,empirical_history,0.030000000000000006,4.748566016446675,0.65,schema_only,Becky,Potatoes,,0.0,2026-08-18T21:44:52.082063+00:00,501,0.9819548900135722,0.9574271077563381,500,503,0.0,0.0,36,,,,,,,,,0,,False,,,,,,,,,,C,,,Raw 5.000; source/category adjustment -0.031; posterior 4.779; uncertainty -0.000 (empirical_history); evidence -0.030; final 4.749.
02c1e1254a346f56fdb8fb30,Air Fryer Corn Ribs,airfryingfoodie.com,airfryingfoodie.com,https://airfryingfoodie.com/air-fryer-corn-ribs/,5.0,1,0.031006913164291352,4.774757475038895,4.968993086835709,4.778566016446676,0.0,empirical_history,0.030000000000000006,4.748566016446675,0.65,schema_only,Jen,,,0.0,2026-08-18T22:11:58.441699+00:00,502,0.9819888365587084,0.9574271077563381,501,504,0.0,0.0,36,0.0,0.0,0.0,0.0,0.0,0.0,,,1,2026-08-18T22:11:58.441699+00:00,False,,,,,,,0.0,0.0,0.0,C,,,Raw 5.000; source/category adjustment -0.031; posterior 4.779; uncertainty -0.000 (empirical_history); evidence -0.030; final 4.749.
034d2e3b3155561d5320e78e,Air Fryer Ground Beef,airfryingfoodie.com,airfryingfoodie.com,https://airfryingfoodie.com/air-fryer-ground-beef/,5.0,1,0.031006913164291352,4.766667445400813,4.968993086835709,4.778566016446676,0.0,empirical_history,0.030000000000000006,4.748566016446675,0.65,schema_only,Jen,Beef,,0.0,2026-08-18T23:34:22.619805+00:00,503,0.9820226556228644,0.9574271077563381,502,505,0.0,0.0,36,,,,,,,,,0,,False,,,,,,,,,,C,,,Raw 5.000; source/category adjustment -0.031; posterior 4.779; uncertainty -0.000 (empirical_history); evidence -0.030; final 4.749.
03f05ebe623f8691eb75f1f4,Air Fryer Flank Steak,airfryingfoodie.com,airfryingfoodie.com,https://airfryingfoodie.com/air-fryer-flank-steak/,5.0,1,0.031006913164291352,4.766667445400813,4.968993086835709,4.778566016446676,0.0,empirical_history,0.030000000000000006,4.748566016446675,0.65,schema_only,Jen,Beef,,0.0,2026-08-18T21:44:52.082063+00:00,504,0.9820563479227964,0.9574271077563381,503,506,0.0,0.0,36,,,,,,,,,0,,False,,,,,,,,,,C,,,Raw 5.000; source/category adjustment -0.031; posterior 4.779; uncertainty -0.000 (empirical_history); evidence -0.030; final 4.749.
083f5764c086955c95c701f2,Air Fryer Falafel,airfryingfoodie.com,airfryingfoodie.com,https://airfryingfoodie.com/air-fryer-falafel/,5.0,1,0.031006913164291352,4.774757475038895,4.968993086835709,4.778566016446676,0.0,empirical_history,0.030000000000000006,4.748566016446675,0.65,schema_only,Becky,,,0.0,2026-08-18T21:44:52.082063+00:00,505,0.982089914169898,0.9574271077563381,504,507,0.0,0.0,36,,,,,,,,,0,,False,,,,,,,,,,C,,,Raw 5.000; source/category adjustment -0.031; posterior 4.779; uncertainty -0.000 (empirical_history); evidence -0.030; final 4.749.
099b25367787101d1819c3f4,Air Fryer Frozen Green Beans,airfryingfoodie.com,airfryingfoodie.com,https://airfryingfoodie.com/air-fryer-frozen-green-beans/,5.0,1,0.031006913164291352,4.783028426387997,4.968993086835709,4.778566016446676,0.0,empirical_history,0.030000000000000006,4.748566016446675,0.65,schema_only,Becky,Vegetables,,0.0,2026-08-18T21:44:52.082063+00:00,506,0.9821233550702497,0.9574271077563381,505,508,0.0,0.0,36,,,,,,,,,0,,False,,,,,,,,,,C,,,Raw 5.000; source/category adjustment -0.031; posterior 4.779; uncertainty -0.000 (empirical_history); evidence -0.030; final 4.749.
0b474ce596f630f8166fc92a,Air Fryer Brats and Peppers,airfryingfoodie.com,airfryingfoodie.com,https://airfryingfoodie.com/air-fryer-brats-and-peppers/,5.0,1,0.031006913164291352,4.799386445510584,4.968993086835709,4.778566016446676,0.0,empirical_history,0.030000000000000006,4.748566016446675,0.65,schema_only,Jen,Pork,,0.0,2026-08-18T22:11:58.441699+00:00,507,0.9821566713246686,0.9574271077563381,506,509,0.0,0.0,36,0.0,0.0,0.0,0.0,0.0,0.0,,,1,2026-08-18T22:11:58.441699+00:00,False,,,,,,,0.0,0.0,0.0,C,,,Raw 5.000; source/category adjustment -0.031; posterior 4.779; uncertainty -0.000 (empirical_history); evidence -0.030; final 4.749.
0c4aba319685d3c102c0f821,Easy Bagel Bites Air Fryer Recipe,airfryingfoodie.com,airfryingfoodie.com,https://airfryingfoodie.com/air-fryer-bagel-bites/,5.0,1,0.031006913164291352,4.783704614711317,4.968993086835709,4.778566016446676,0.0,empirical_history,0.030000000000000006,4.748566016446675,0.65,schema_only,,Snacks,,0.0,2026-08-18T22:39:54.145145+00:00,508,0.9821898636287562,0.9574271077563381,507,510,0.0,0.0,36,0.0,0.0,0.0,0.0,0.0,0.0,,,1,2026-08-18T22:39:54.145145+00:00,False,,,,,,,0.0,0.0,0.0,C,,,Raw 5.000; source/category adjustment -0.031; posterior 4.779; uncertainty -0.000 (empirical_history); evidence -0.030; final 4.749.
0ea96b00715d8a4c083bd17d,Air Fryer Copycat Cracker Barrel Meatloaf,airfryingfoodie.com,airfryingfoodie.com,https://airfryingfoodie.com/air-fryer-copycat-cracker-barrel-meatloaf/,5.0,1,0.031006913164291352,4.744717557379005,4.968993086835709,4.778566016446676,0.0,empirical_history,0.030000000000000006,4.748566016446675,0.65,schema_only,Becky,Beef | Breakfast,,0.0,2026-08-18T22:11:58.441699+00:00,509,0.9822229326729487,0.9574271077563381,508,511,0.0,0.0,36,0.0,0.0,0.0,0.0,0.0,0.0,,,1,2026-08-18T22:11:58.441699+00:00,False,,,,,,,0.0,0.0,0.0,C,,,Raw 5.000; source/category adjustment -0.031; posterior 4.779; uncertainty -0.000 (empirical_history); evidence -0.030; final 4.749.
10141bf4509ae7ef6012035f,Air Fryer Frozen French Toast Sticks,airfryingfoodie.com,airfryingfoodie.com,https://airfryingfoodie.com/air-fryer-frozen-french-toast-sticks/,5.0,1,0.031006913164291352,4.7227676693571965,4.968993086835709,4.778566016446676,0.0,empirical_history,0.030000000000000006,4.748566016446675,0.65,schema_only,,Breakfast,,0.0,2026-08-18T21:44:52.082063+00:00,510,0.9822558791425636,0.9574271077563381,509,512,0.0,0.0,36,,,,,,,,,0,,False,,,,,,,,,,C,,,Raw 5.000; source/category adjustment -0.031; posterior 4.779; uncertainty -0.000 (empirical_history); evidence -0.030; final 4.749.
109bf341332d99e680ca61ec,Air Fryer Loaded Baked Potatoes,airfryingfoodie.com,airfryingfoodie.com,https://airfryingfoodie.com/air-fryer-loaded-baked-potatoes/,5.0,1,0.031006913164291352,4.77239873407813,4.968993086835709,4.778566016446676,0.0,empirical_history,0.030000000000000006,4.748566016446675,0.65,schema_only,Becky,Potatoes | Pork | Breakfast,,0.0,2026-08-18T23:34:22.619805+00:00,511,0.9822887037178475,0.9574271077563381,510,513,0.0,0.0,36,,,,,,,,,0,,False,,,,,,,,,,C,,,Raw 5.000; source/category adjustment -0.031; posterior 4.779; uncertainty -0.000 (empirical_history); evidence -0.030; final 4.749.
15fcb64e6399b6a36a0ef3c7,Air Fryer Cinnamon Roll Bunnies,airfryingfoodie.com,airfryingfoodie.com,https://airfryingfoodie.com/air-fryer-cinnamon-roll-bunnies/,5.0,1,0.031006913164291352,4.6914700849912565,4.968993086835709,4.778566016446676,0.0,empirical_history,0.030000000000000006,4.748566016446675,0.65,schema_only,Jen,Desserts,,0.0,2026-08-18T22:11:58.441699+00:00,512,0.9823214070740223,0.9574271077563381,511,514,0.0,0.0,36,0.0,0.0,0.0,0.0,0.0,0.0,,,1,2026-08-18T22:11:58.441699+00:00,False,,,,,,,0.0,0.0,0.0,C,,,Raw 5.000; source/category adjustment -0.031; posterior 4.779; uncertainty -0.000 (empirical_history); evidence -0.030; final 4.749.
1650a7354a8fb7846ba030dd,Air Fryer Fried Ravioli,airfryingfoodie.com,airfryingfoodie.com,https://airfryingfoodie.com/air-fryer-fried-ravioli/,5.0,1,0.031006913164291352,4.7227676693571965,4.968993086835709,4.778566016446676,0.0,empirical_history,0.030000000000000006,4.748566016446675,0.65,schema_only,Jen,Breakfast,,0.0,2026-08-18T21:44:52.082063+00:00,513,0.9823539898813325,0.9574271077563381,512,515,0.0,0.0,36,,,,,,,,,0,,False,,,,,,,,,,C,,,Raw 5.000; source/category adjustment -0.031; posterior 4.779; uncertainty -0.000 (empirical_history); evidence -0.030; final 4.749.
17b5f0dc57d24adba4cbf80b,Air Fryer Beet Chips,airfryingfoodie.com,airfryingfoodie.com,https://airfryingfoodie.com/air-fryer-beet-chips/,5.0,1,0.031006913164291352,4.783704614711317,4.968993086835709,4.778566016446676,0.0,empirical_history,0.030000000000000006,4.748566016446675,0.65,schema_only,Jen,Snacks,,0.0,2026-08-18T22:11:58.441699+00:00,514,0.9823864528050903,0.9574271077563381,513,516,0.0,0.0,36,0.0,0.0,0.0,0.0,0.0,0.0,,,1,2026-08-18T22:11:58.441699+00:00,False,,,,,,,0.0,0.0,0.0,C,,,Raw 5.000; source/category adjustment -0.031; posterior 4.779; uncertainty -0.000 (empirical_history); evidence -0.030; final 4.749.
192ab140011073fe3402632c,Air Fryer Eggplant,airfryingfoodie.com,airfryingfoodie.com,https://airfryingfoodie.com/air-fryer-eggplant/,5.0,1,0.031006913164291352,4.752898047872597,4.968993086835709,4.778566016446676,0.0,empirical_history,0.030000000000000006,4.748566016446675,0.65,schema_only,Lyn,Vegetables | Breakfast,,0.0,2026-08-18T21:44:52.082063+00:00,515,0.9824187965057208,0.9574271077563381,514,517,0.0,0.0,36,,,,,,,,,0,,False,,,,,,,,,,C,,,Raw 5.000; source/category adjustment -0.031; posterior 4.779; uncertainty -0.000 (empirical_history); evidence -0.030; final 4.749.
1931a3210b89349cb793b87c,Air Fryer Asparagus,airfryingfoodie.com,airfryingfoodie.com,https://airfryingfoodie.com/air-fryer-asparagus/,5.0,1,0.031006913164291352,4.783028426387997,4.968993086835709,4.778566016446676,0.0,empirical_history,0.030000000000000006,4.748566016446675,0.65,schema_only,Becky,Vegetables,,0.0,2026-08-18T22:11:58.441699+00:00,516,0.9824510216388078,0.9574271077563381,515,518,0.0,0.0,36,0.0,0.0,0.0,0.0,0.0,0.0,,,1,2026-08-18T22:11:58.441699+00:00,False,,,,,,,0.0,0.0,0.0,C,,,Raw 5.000; source/category adjustment -0.031; posterior 4.779; uncertainty -0.000 (empirical_history); evidence -0.030; final 4.749.
1cad2c90fd8e7943cfc18ac5,Air Fryer Brussels Sprouts with Bacon,airfryingfoodie.com,airfryingfoodie.com,https://airfryingfoodie.com/air-fryer-brussels-sprouts-and-bacon/,5.0,1,0.031006913164291352,4.768394180418593,4.968993086835709,4.778566016446676,0.0,empirical_history,0.030000000000000006,4.748566016446675,0.65,schema_only,Becky,Vegetables | Pork | Breakfast,,0.0,2026-08-18T22:11:58.441699+00:00,517,0.9824831288551366,0.9574271077563381,516,519,0.0,0.0,36,0.0,0.0,0.0,0.0,0.0,0.0,,,1,2026-08-18T22:11:58.441699+00:00,False,,,,,,,0.0,0.0,0.0,C,,,Raw 5.000; source/category adjustment -0.031; posterior 4.779; uncertainty -0.000 (empirical_history); evidence -0.030; final 4.749.
1f0da049c848934245d07ddb,Air Fryer Frozen Cheese Curds,airfryingfoodie.com,airfryingfoodie.com,https://airfryingfoodie.com/air-fryer-frozen-cheese-curds/,5.0,1,0.031006913164291352,4.774757475038895,4.968993086835709,4.778566016446676,0.0,empirical_history,0.030000000000000006,4.748566016446675,0.65,schema_only,Becky,,,0.0,2026-08-18T21:44:52.082063+00:00,518,0.9825151188007386,0.9574271077563381,517,520,0.0,0.0,36,,,,,,,,,0,,False,,,,,,,,,,C,,,Raw 5.000; source/category adjustment -0.031; posterior 4.779; uncertainty -0.000 (empirical_history); evidence -0.030; final 4.749.
20a8a9a0d546239d17db75c4,Air Fryer Home Fries,airfryingfoodie.com,airfryingfoodie.com,https://airfryingfoodie.com/air-fryer-home-fries/,5.0,1,0.031006913164291352,4.789373351038963,4.968993086835709,4.778566016446676,0.0,empirical_history,0.030000000000000006,4.748566016446675,0.65,schema_only,Jen,Potatoes | Snacks,,0.0,2026-08-18T23:34:22.619805+00:00,519,0.9825469921169351,0.9574271077563381,518,521,0.0,0.0,36,,,,,,,,,0,,False,,,,,,,,,,C,,,Raw 5.000; source/category adjustment -0.031; posterior 4.779; uncertainty -0.000 (empirical_history); evidence -0.030; final 4.749.
26e45aa1d63c9779e33a1588,Air Fryer Chicken Casserole,airfryingfoodie.com,airfryingfoodie.com,https://airfryingfoodie.com/air-fryer-chicken-casserole/,5.0,1,0.031006913164291352,4.769610609117125,4.968993086835709,4.778566016446676,0.0,empirical_history,0.030000000000000006,4.748566016446675,0.65,schema_only,Becky,Chicken | Vegetables | Breakfast,,0.0,2026-08-18T22:11:58.441699+00:00,520,0.9825787494403789,0.9574271077563381,519,522,0.0,0.0,36,0.0,0.0,0.0,0.0,0.0,0.0,,,1,2026-08-18T22:11:58.441699+00:00,False,,,,,,,0.0,0.0,0.0,C,,,Raw 5.000; source/category adjustment -0.031; posterior 4.779; uncertainty -0.000 (empirical_history); evidence -0.030; final 4.749.
28942eecaa9e1e98f424cb49,Air Fryer Bacon Wrapped Tater Tots,airfryingfoodie.com,airfryingfoodie.com,https://airfryingfoodie.com/air-fryer-bacon-wrapped-tater-tots/,5.0,1,0.031006913164291352,4.77239873407813,4.968993086835709,4.778566016446676,0.0,empirical_history,0.030000000000000006,4.748566016446675,0.65,schema_only,Becky,Potatoes | Pork | Breakfast,,0.0,2026-08-18T22:39:54.145145+00:00,521,0.9826103914030981,0.9574271077563381,520,523,0.0,0.0,36,0.0,0.0,0.0,0.0,0.0,0.0,,,1,2026-08-18T22:39:54.145145+00:00,False,,,,,,,0.0,0.0,0.0,C,,,Raw 5.000; source/category adjustment -0.031; posterior 4.779; uncertainty -0.000 (empirical_history); evidence -0.030; final 4.749.
28c78165cb102b89e4f04517,Air Fryer Crab Cakes,airfryingfoodie.com,airfryingfoodie.com,https://airfryingfoodie.com/air-fryer-crab-cakes/,5.0,1,0.031006913164291352,4.707118877174226,4.968993086835709,4.778566016446676,0.0,empirical_history,0.030000000000000006,4.748566016446675,0.65,schema_only,,Desserts | Breakfast,,0.0,2026-08-18T22:11:58.441699+00:00,522,0.9826419186325371,0.9574271077563381,521,524,0.0,0.0,36,0.0,0.0,0.0,0.0,0.0,0.0,,,1,2026-08-18T22:11:58.441699+00:00,False,,,,,,,0.0,0.0,0.0,C,,,Raw 5.000; source/category adjustment -0.031; posterior 4.779; uncertainty -0.000 (empirical_history); evidence -0.030; final 4.749.
2bef26a74256dcb415837dd5,Air Fryer Biscuit Bombs,airfryingfoodie.com,airfryingfoodie.com,https://airfryingfoodie.com/air-fryer-biscuit-bombs/,5.0,1,0.031006913164291352,4.761077057433891,4.968993086835709,4.778566016446676,0.0,empirical_history,0.030000000000000006,4.748566016446675,0.65,schema_only,,Pork | Breakfast,,0.0,2026-08-18T22:11:58.441699+00:00,523,0.9826733317515982,0.9574271077563381,522,525,0.0,0.0,36,0.0,0.0,0.0,0.0,0.0,0.0,,,1,2026-08-18T22:11:58.441699+00:00,False,,,,,,,0.0,0.0,0.0,C,,,Raw 5.000; source/category adjustment -0.031; posterior 4.779; uncertainty -0.000 (empirical_history); evidence -0.030; final 4.749.
2d3adbf9d31bc85ec9f3c845,Air Fryer Hamburgers,airfryingfoodie.com,airfryingfoodie.com,https://airfryingfoodie.com/air-fryer-hamburgers/,5.0,1,0.031006913164291352,4.783026945455699,4.968993086835709,4.778566016446676,0.0,empirical_history,0.030000000000000006,4.748566016446675,0.65,schema_only,,Beef | Pork,,0.0,2026-08-18T23:34:22.619805+00:00,524,0.982704631378683,0.9574271077563381,523,526,0.0,0.0,36,,,,,,,,,0,,False,,,,,,,,,,C,,,Raw 5.000; source/category adjustment -0.031; posterior 4.779; uncertainty -0.000 (empirical_history); evidence -0.030; final 4.749.
2f4f09361e463c1e2ead9688,Air Fryer Bacon Wrapped Hot Dogs,airfryingfoodie.com,airfryingfoodie.com,https://airfryingfoodie.com/air-fryer-bacon-wrapped-hot-dogs/,5.0,1,0.031006913164291352,4.761077057433891,4.968993086835709,4.778566016446676,0.0,empirical_history,0.030000000000000006,4.748566016446675,0.65,schema_only,Becky,Pork | Breakfast,,0.0,2026-08-18T22:11:58.441699+00:00,525,0.9827358181277324,0.9574271077563381,524,527,0.0,0.0,36,0.0,0.0,0.0,0.0,0.0,0.0,,,1,2026-08-18T22:11:58.441699+00:00,False,,,,,,,0.0,0.0,0.0,C,,,Raw 5.000; source/category adjustment -0.031; posterior 4.779; uncertainty -0.000 (empirical_history); evidence -0.030; final 4.749.
30f478b36c9b4b5e90a642ad,Air Fryer Frozen Meatballs,airfryingfoodie.com,airfryingfoodie.com,https://airfryingfoodie.com/air-fryer-frozen-meatballs/,5.0,1,0.031006913164291352,4.766667445400813,4.968993086835709,4.778566016446676,0.0,empirical_history,0.030000000000000006,4.748566016446675,0.65,schema_only,Becky,Beef,,0.0,2026-08-18T21:44:52.082063+00:00,526,0.9827668926082671,0.9574271077563381,525,528,0.0,0.0,36,,,,,,,,,0,,False,,,,,,,,,,C,,,Raw 5.000; source/category adjustment -0.031; posterior 4.779; uncertainty -0.000 (empirical_history); evidence -0.030; final 4.749.
32037916e3ceae3a7a329b55,Air Fryer Chicken Cutlets,airfryingfoodie.com,airfryingfoodie.com,https://airfryingfoodie.com/air-fryer-chicken-cutlets/,5.0,1,0.031006913164291352,4.762901700481689,4.968993086835709,4.778566016446676,0.0,empirical_history,0.030000000000000006,4.748566016446675,0.65,schema_only,Jen,Chicken | Breakfast,,0.0,2026-08-18T22:11:58.441699+00:00,527,0.9827978554254277,0.9574271077563381,526,529,0.0,0.0,36,0.0,0.0,0.0,0.0,0.0,0.0,,,1,2026-08-18T22:11:58.441699+00:00,False,,,,,,,0.0,0.0,0.0,C,,,Raw 5.000; source/category adjustment -0.031; posterior 4.779; uncertainty -0.000 (empirical_history); evidence -0.030; final 4.749.
3265a1993bddcce14799164a,Air Fryer Frozen Salmon Burgers,airfryingfoodie.com,airfryingfoodie.com,https://airfryingfoodie.com/air-fryer-frozen-salmon-burgers/,5.0,1,0.031006913164291352,4.805243302363001,4.968993086835709,4.778566016446676,0.0,empirical_history,0.030000000000000006,4.748566016446675,0.65,schema_only,Becky,Beef | Seafood,,0.0,2026-08-18T21:44:52.082063+00:00,528,0.9828287071800135,0.9574271077563381,527,530,0.0,0.0,36,,,,,,,,,0,,False,,,,,,,,,,C,,,Raw 5.000; source/category adjustment -0.031; posterior 4.779; uncertainty -0.000 (empirical_history); evidence -0.030; final 4.749.
353e0cf2c74159900cb47425,Air Fryer Bacon Wrapped Cream Cheese Crackers,airfryingfoodie.com,airfryingfoodie.com,https://airfryingfoodie.com/air-fryer-bacon-wrapped-cream-cheese-crackers/,5.0,1,0.031006913164291352,4.761077057433891,4.968993086835709,4.778566016446676,0.0,empirical_history,0.030000000000000006,4.748566016446675,0.65,schema_only,Jen,Pork | Breakfast,,0.0,2026-08-18T22:11:58.441699+00:00,529,0.9828594484685208,0.9574271077563381,528,531,0.0,0.0,36,0.0,0.0,0.0,0.0,0.0,0.0,,,1,2026-08-18T22:11:58.441699+00:00,False,,,,,,,0.0,0.0,0.0,C,,,Raw 5.000; source/category adjustment -0.031; posterior 4.779; uncertainty -0.000 (empirical_history); evidence -0.030; final 4.749.
3c1a64b00aca39f47db0be2b,Air Fryer Armadillo Eggs,airfryingfoodie.com,airfryingfoodie.com,https://airfryingfoodie.com/air-fryer-armadillo-eggs/,5.0,1,0.031006913164291352,4.761077057433891,4.968993086835709,4.778566016446676,0.0,empirical_history,0.030000000000000006,4.748566016446675,0.65,schema_only,Becky,Pork | Breakfast,,0.0,2026-08-18T22:11:58.441699+00:00,530,0.9828900798831827,0.9574271077563381,529,532,0.0,0.0,36,0.0,0.0,0.0,0.0,0.0,0.0,,,1,2026-08-18T22:11:58.441699+00:00,False,,,,,,,0.0,0.0,0.0,C,,,Raw 5.000; source/category adjustment -0.031; posterior 4.779; uncertainty -0.000 (empirical_history); evidence -0.030; final 4.749.
3ebad70715e5cd3ce0bbed7d,Air Fryer Cinnamon Sugar Tortilla Chips,airfryingfoodie.com,airfryingfoodie.com,https://airfryingfoodie.com/air-fryer-cinnamon-sugar-tortilla-chips/,5.0,1,0.031006913164291352,4.737587349851287,4.968993086835709,4.778566016446676,0.0,empirical_history,0.030000000000000006,4.748566016446675,0.65,schema_only,Becky,Desserts | Snacks,,0.0,2026-08-18T22:11:58.441699+00:00,531,0.9829206020120058,0.9574271077563381,530,533,0.0,0.0,36,0.0,0.0,0.0,0.0,0.0,0.0,,,1,2026-08-18T22:11:58.441699+00:00,False,,,,,,,0.0,0.0,0.0,C,,,Raw 5.000; source/category adjustment -0.031; posterior 4.779; uncertainty -0.000 (empirical_history); evidence -0.030; final 4.749.
439043523cecabd9d7d25a28,Air Fryer Breaded Pork Chops,airfryingfoodie.com,airfryingfoodie.com,https://airfryingfoodie.com/air-fryer-breaded-pork-chops/,5.0,1,0.031006913164291352,4.761077057433891,4.968993086835709,4.778566016446676,0.0,empirical_history,0.030000000000000006,4.748566016446675,0.65,schema_only,Becky,Pork | Breakfast,,0.0,2026-08-18T22:11:58.441699+00:00,532,0.9829510154388091,0.9574271077563381,531,534,0.0,0.0,36,0.0,0.0,0.0,0.0,0.0,0.0,,,1,2026-08-18T22:11:58.441699+00:00,False,,,,,,,0.0,0.0,0.0,C,,,Raw 5.000; source/category adjustment -0.031; posterior 4.779; uncertainty -0.000 (empirical_history); evidence -0.030; final 4.749.
44874705a1e687b709acaa70,Air Fryer Lemon Garlic Shrimp,airfryingfoodie.com,airfryingfoodie.com,https://airfryingfoodie.com/air-fryer-lemon-garlic-shrimp/,5.0,1,0.031006913164291352,4.84381915932519,4.968993086835709,4.778566016446676,0.0,empirical_history,0.030000000000000006,4.748566016446675,0.65,schema_only,Becky,Seafood,,0.0,2026-08-18T23:34:22.619805+00:00,533,0.98298132074326,0.9574271077563381,532,535,0.0,0.0,36,,,,,,,,,0,,False,,,,,,,,,,C,,,Raw 5.000; source/category adjustment -0.031; posterior 4.779; uncertainty -0.000 (empirical_history); evidence -0.030; final 4.749.
4764e47cd5b5ba3751d515cf,Air Fryer Garlic Knots,airfryingfoodie.com,airfryingfoodie.com,https://airfryingfoodie.com/air-fryer-garlic-knots/,5.0,1,0.031006913164291352,4.774757475038895,4.968993086835709,4.778566016446676,0.0,empirical_history,0.030000000000000006,4.748566016446675,0.65,schema_only,Becky,,,0.0,2026-08-18T21:44:52.082063+00:00,534,0.9830115185009117,0.9574271077563381,533,536,0.0,0.0,36,,,,,,,,,0,,False,,,,,,,,,,C,,,Raw 5.000; source/category adjustment -0.031; posterior 4.779; uncertainty -0.000 (empirical_history); evidence -0.030; final 4.749.
49fca546a0517d5dc716adbe,Air Fryer Mummy Brownies,airfryingfoodie.com,airfryingfoodie.com,https://airfryingfoodie.com/air-fryer-mummy-brownies/,5.0,1,0.031006913164291352,4.732422060245483,4.968993086835709,4.778566016446676,0.0,empirical_history,0.030000000000000006,4.748566016446675,0.65,schema_only,Becky,Vegetables | Desserts | Breakfast,,0.0,2026-08-18T23:34:22.619805+00:00,535,0.9830416092832399,0.9574271077563381,534,537,0.0,0.0,36,,,,,,,,,0,,False,,,,,,,,,,C,,,Raw 5.000; source/category adjustment -0.031; posterior 4.779; uncertainty -0.000 (empirical_history); evidence -0.030; final 4.749.
4aef82b64c3024f4d90d35ee,Air Fryer Avocado Bacon Egg Rolls,airfryingfoodie.com,airfryingfoodie.com,https://airfryingfoodie.com/air-fryer-avocado-bacon-egg-rolls/,5.0,1,0.031006913164291352,4.761077057433891,4.968993086835709,4.778566016446676,0.0,empirical_history,0.030000000000000006,4.748566016446675,0.65,schema_only,Jen,Pork | Breakfast,,0.0,2026-08-18T22:11:58.441699+00:00,536,0.9830715936576784,0.9574271077563381,535,538,0.0,0.0,36,0.0,0.0,0.0,0.0,0.0,0.0,,,1,2026-08-18T22:11:58.441699+00:00,False,,,,,,,0.0,0.0,0.0,C,,,Raw 5.000; source/category adjustment -0.031; posterior 4.779; uncertainty -0.000 (empirical_history); evidence -0.030; final 4.749.
4b2f6c2c94cec42bf9f629a8,Air Fryer Chicken Bacon Ranch Quesadillas,airfryingfoodie.com,airfryingfoodie.com,https://airfryingfoodie.com/air-fryer-chicken-bacon-ranch-quesadillas/,5.0,1,0.031006913164291352,4.775063282157987,4.968993086835709,4.778566016446676,0.0,empirical_history,0.030000000000000006,4.748566016446675,0.65,schema_only,Julia,Chicken | Pork | Breakfast,,0.0,2026-08-18T22:11:58.441699+00:00,537,0.9831014721876548,0.9574271077563381,536,539,0.0,0.0,36,0.0,0.0,0.0,0.0,0.0,0.0,,,1,2026-08-18T22:11:58.441699+00:00,False,,,,,,,0.0,0.0,0.0,C,,,Raw 5.000; source/category adjustment -0.031; posterior 4.779; uncertainty -0.000 (empirical_history); evidence -0.030; final 4.749.
4d907e1316174864c37d5c9b,Air Fryer Cheesy Potatoes,airfryingfoodie.com,airfryingfoodie.com,https://airfryingfoodie.com/air-fryer-cheesy-potatoes/,5.0,1,0.031006913164291352,4.7950420873666095,4.968993086835709,4.778566016446676,0.0,empirical_history,0.030000000000000006,4.748566016446675,0.65,schema_only,Jen,Potatoes,,0.0,2026-08-18T22:11:58.441699+00:00,538,0.9831312454326265,0.9574271077563381,537,540,0.0,0.0,36,0.0,0.0,0.0,0.0,0.0,0.0,,,1,2026-08-18T22:11:58.441699+00:00,False,,,,,,,0.0,0.0,0.0,C,,,Raw 5.000; source/category adjustment -0.031; posterior 4.779; uncertainty -0.000 (empirical_history); evidence -0.030; final 4.749.
501b8f86eced37008c24d396,Air Fryer Bacon Wrapped Corn Dogs,airfryingfoodie.com,airfryingfoodie.com,https://airfryingfoodie.com/air-fryer-bacon-wrapped-corn-dogs/,5.0,1,0.031006913164291352,4.761077057433891,4.968993086835709,4.778566016446676,0.0,empirical_history,0.030000000000000006,4.748566016446675,0.65,schema_only,Jen,Pork | Breakfast,,0.0,2026-08-18T22:11:58.441699+00:00,539,0.9831609139481142,0.9574271077563381,538,541,0.0,0.0,36,0.0,0.0,0.0,0.0,0.0,0.0,,,1,2026-08-18T22:11:58.441699+00:00,False,,,,,,,0.0,0.0,0.0,C,,,Raw 5.000; source/category adjustment -0.031; posterior 4.779; uncertainty -0.000 (empirical_history); evidence -0.030; final 4.749.
531aa2986ba16edc53a8da3e,Air Fryer Cauliflower Steaks,airfryingfoodie.com,airfryingfoodie.com,https://airfryingfoodie.com/air-fryer-cauliflower-steaks/,5.0,1,0.031006913164291352,4.774847935894405,4.968993086835709,4.778566016446676,0.0,empirical_history,0.030000000000000006,4.748566016446675,0.65,schema_only,Becky,Vegetables | Beef,,0.0,2026-08-18T22:11:58.441699+00:00,540,0.9831904782857377,0.9574271077563381,539,542,0.0,0.0,36,0.0,0.0,0.0,0.0,0.0,0.0,,,1,2026-08-18T22:11:58.441699+00:00,False,,,,,,,0.0,0.0,0.0,C,,,Raw 5.000; source/category adjustment -0.031; posterior 4.779; uncertainty -0.000 (empirical_history); evidence -0.030; final 4.749.
587256781797e92c96b2a018,Air Fryer Chili Pot Pie,airfryingfoodie.com,airfryingfoodie.com,https://airfryingfoodie.com/air-fryer-chili-pot-pie/,5.0,1,0.031006913164291352,4.7227676693571965,4.968993086835709,4.778566016446676,0.0,empirical_history,0.030000000000000006,4.748566016446675,0.65,schema_only,Jen,Breakfast,,0.0,2026-08-18T22:11:58.441699+00:00,541,0.9832199389932501,0.9574271077563381,540,543,0.0,0.0,36,0.0,0.0,0.0,0.0,0.0,0.0,,,1,2026-08-18T22:11:58.441699+00:00,False,,,,,,,0.0,0.0,0.0,C,,,Raw 5.000; source/category adjustment -0.031; posterior 4.779; uncertainty -0.000 (empirical_history); evidence -0.030; final 4.749.
5c599b2ec388f43a1728449f,Air Fryer Biscuits (From Scratch),airfryingfoodie.com,airfryingfoodie.com,https://airfryingfoodie.com/air-fryer-biscuits/,5.0,1,0.031006913164291352,4.774757475038895,4.968993086835709,4.778566016446676,0.0,empirical_history,0.030000000000000006,4.748566016446675,0.65,schema_only,Becky,,,0.0,2026-08-18T22:11:58.441699+00:00,542,0.9832492966145704,0.9574271077563381,541,544,0.0,0.0,36,0.0,0.0,0.0,0.0,0.0,0.0,,,1,2026-08-18T22:11:58.441699+00:00,False,,,,,,,0.0,0.0,0.0,C,,,Raw 5.000; source/category adjustment -0.031; posterior 4.779; uncertainty -0.000 (empirical_history); evidence -0.030; final 4.749.
5dd8b2e3e1b652d1f30f50c8,Air Fryer Frozen Breadsticks,airfryingfoodie.com,airfryingfoodie.com,https://airfryingfoodie.com/air-fryer-frozen-breadsticks/,5.0,1,0.031006913164291352,4.774757475038895,4.968993086835709,4.778566016446676,0.0,empirical_history,0.030000000000000006,4.748566016446675,0.65,schema_only,Jen,,,0.0,2026-08-18T21:44:52.082063+00:00,543,0.9832785516898184,0.9574271077563381,542,545,0.0,0.0,36,,,,,,,,,0,,False,,,,,,,,,,C,,,Raw 5.000; source/category adjustment -0.031; posterior 4.779; uncertainty -0.000 (empirical_history); evidence -0.030; final 4.749.
651ed4125d42ecdf07a1132f,Air Fryer Frozen Broccoli,airfryingfoodie.com,airfryingfoodie.com,https://airfryingfoodie.com/air-fryer-frozen-broccoli/,5.0,1,0.031006913164291352,4.783028426387997,4.968993086835709,4.778566016446676,0.0,empirical_history,0.030000000000000006,4.748566016446675,0.65,schema_only,Becky,Vegetables,,0.0,2026-08-18T21:44:52.082063+00:00,544,0.9833077047553469,0.9574271077563381,543,546,0.0,0.0,36,,,,,,,,,0,,False,,,,,,,,,,C,,,Raw 5.000; source/category adjustment -0.031; posterior 4.779; uncertainty -0.000 (empirical_history); evidence -0.030; final 4.749.
65cb3cc43cd40e3e0ec0b127,Air Fryer Cheese Curds,airfryingfoodie.com,airfryingfoodie.com,https://airfryingfoodie.com/air-fryer-cheese-curds/,5.0,1,0.031006913164291352,4.7227676693571965,4.968993086835709,4.778566016446676,0.0,empirical_history,0.030000000000000006,4.748566016446675,0.65,schema_only,Becky,Breakfast,,0.0,2026-08-18T22:11:58.441699+00:00,545,0.9833367563437748,0.9574271077563381,544,547,0.0,0.0,36,0.0,0.0,0.0,0.0,0.0,0.0,,,1,2026-08-18T22:11:58.441699+00:00,False,,,,,,,0.0,0.0,0.0,C,,,Raw 5.000; source/category adjustment -0.031; posterior 4.779; uncertainty -0.000 (empirical_history); evidence -0.030; final 4.749.
678382dfaac9ed764e340c6d,Air Fryer Chocolate Chip Pound Cake,airfryingfoodie.com,airfryingfoodie.com,https://airfryingfoodie.com/air-fryer-chocolate-chip-pound-cake/,5.0,1,0.031006913164291352,4.732647456353257,4.968993086835709,4.778566016446676,0.0,empirical_history,0.030000000000000006,4.748566016446675,0.65,schema_only,Becky,Desserts | Breakfast | Snacks,,0.0,2026-08-18T22:11:58.441699+00:00,546,0.9833657069840199,0.9574271077563381,545,548,0.0,0.0,36,0.0,0.0,0.0,0.0,0.0,0.0,,,1,2026-08-18T22:11:58.441699+00:00,False,,,,,,,0.0,0.0,0.0,C,,,Raw 5.000; source/category adjustment -0.031; posterior 4.779; uncertainty -0.000 (empirical_history); evidence -0.030; final 4.749.
68b00ee776c0ea6d8c402a87,Air Fryer Gnocchi,airfryingfoodie.com,airfryingfoodie.com,https://airfryingfoodie.com/air-fryer-gnocchi/,5.0,1,0.031006913164291352,4.774757475038895,4.968993086835709,4.778566016446676,0.0,empirical_history,0.030000000000000006,4.748566016446675,0.65,schema_only,Becky,,,0.0,2026-08-18T21:44:52.082063+00:00,547,0.9833945572013298,0.9574271077563381,546,549,0.0,0.0,36,,,,,,,,,0,,False,,,,,,,,,,C,,,Raw 5.000; source/category adjustment -0.031; posterior 4.779; uncertainty -0.000 (empirical_history); evidence -0.030; final 4.749.
6d6ea6b3d94e66c9309c25f5,Air Fryer Greek Meatballs,airfryingfoodie.com,airfryingfoodie.com,https://airfryingfoodie.com/air-fryer-greek-meatballs/,5.0,1,0.031006913164291352,4.744717557379005,4.968993086835709,4.778566016446676,0.0,empirical_history,0.030000000000000006,4.748566016446675,0.65,schema_only,Becky,Beef | Breakfast,,0.0,2026-08-18T21:44:52.082063+00:00,548,0.9834233075173155,0.9574271077563381,547,550,0.0,0.0,36,,,,,,,,,0,,False,,,,,,,,,,C,,,Raw 5.000; source/category adjustment -0.031; posterior 4.779; uncertainty -0.000 (empirical_history); evidence -0.030; final 4.749.
707dd4830ec4f62d8f342bb8,Air Fryer Crescent Rolls,airfryingfoodie.com,airfryingfoodie.com,https://airfryingfoodie.com/air-fryer-crescent-rolls/,5.0,1,0.031006913164291352,4.774757475038895,4.968993086835709,4.778566016446676,0.0,empirical_history,0.030000000000000006,4.748566016446675,0.65,schema_only,Becky,,,0.0,2026-08-18T21:44:52.082063+00:00,549,0.9834519584499812,0.9574271077563381,548,551,0.0,0.0,36,,,,,,,,,0,,False,,,,,,,,,,C,,,Raw 5.000; source/category adjustment -0.031; posterior 4.779; uncertainty -0.000 (empirical_history); evidence -0.030; final 4.749.
7375aec3ae335a2e1009f51d,Air Fryer Apple Turnover,airfryingfoodie.com,airfryingfoodie.com,https://airfryingfoodie.com/air-fryer-apple-turnover/,5.0,1,0.031006913164291352,4.707118877174226,4.968993086835709,4.778566016446676,0.0,empirical_history,0.030000000000000006,4.748566016446675,0.65,schema_only,Jen,Desserts | Breakfast,,0.0,2026-08-18T22:11:58.441699+00:00,550,0.983480510513756,0.9574271077563381,549,552,0.0,0.0,36,0.0,0.0,0.0,0.0,0.0,0.0,,,1,2026-08-18T22:11:58.441699+00:00,False,,,,,,,0.0,0.0,0.0,C,,,Raw 5.000; source/category adjustment -0.031; posterior 4.779; uncertainty -0.000 (empirical_history); evidence -0.030; final 4.749.
744c9b4a77c59d0b3c8dbc0f,Air Fryer Christmas Tree Cinnamon Rolls,airfryingfoodie.com,airfryingfoodie.com,https://airfryingfoodie.com/air-fryer-christmas-tree-cinnamon-rolls/,5.0,1,0.031006913164291352,4.6914700849912565,4.968993086835709,4.778566016446676,0.0,empirical_history,0.030000000000000006,4.748566016446675,0.65,schema_only,Becky,Desserts,,0.0,2026-08-18T22:11:58.441699+00:00,551,0.9835089642195249,0.9574271077563381,550,553,0.0,0.0,36,0.0,0.0,0.0,0.0,0.0,0.0,,,1,2026-08-18T22:11:58.441699+00:00,False,,,,,,,0.0,0.0,0.0,C,,,Raw 5.000; source/category adjustment -0.031; posterior 4.779; uncertainty -0.000 (empirical_history); evidence -0.030; final 4.749.
77a127a1a22b857520934853,Air Fryer Cheesesteak Tater Tot Casserole,airfryingfoodie.com,airfryingfoodie.com,https://airfryingfoodie.com/air-fryer-cheesesteak-tater-tot-casserole/,5.0,1,0.031006913164291352,4.780854766383712,4.968993086835709,4.778566016446676,0.0,empirical_history,0.030000000000000006,4.748566016446675,0.65,schema_only,,Potatoes | Beef,,0.0,2026-08-18T22:11:58.441699+00:00,552,0.9835373200746591,0.9574271077563381,551,554,0.0,0.0,36,0.0,0.0,0.0,0.0,0.0,0.0,,,1,2026-08-18T22:11:58.441699+00:00,False,,,,,,,0.0,0.0,0.0,C,,,Raw 5.000; source/category adjustment -0.031; posterior 4.779; uncertainty -0.000 (empirical_history); evidence -0.030; final 4.749.
79eb8ed54649a934fcf28f71,Air Fryer Frozen Pretzels,airfryingfoodie.com,airfryingfoodie.com,https://airfryingfoodie.com/air-fryer-frozen-pretzels/,5.0,1,0.031006913164291352,4.774757475038895,4.968993086835709,4.778566016446676,0.0,empirical_history,0.030000000000000006,4.748566016446675,0.65,schema_only,Becky,,,0.0,2026-08-18T21:44:52.082063+00:00,553,0.9835655785830463,0.9574271077563381,552,555,0.0,0.0,36,,,,,,,,,0,,False,,,,,,,,,,C,,,Raw 5.000; source/category adjustment -0.031; posterior 4.779; uncertainty -0.000 (empirical_history); evidence -0.030; final 4.749.
7d9377aca620685287fb96b2,Air Fryer Gingersnap Cookies,airfryingfoodie.com,airfryingfoodie.com,https://airfryingfoodie.com/air-fryer-gingersnap-cookies/,5.0,1,0.031006913164291352,4.707118877174226,4.968993086835709,4.778566016446676,0.0,empirical_history,0.030000000000000006,4.748566016446675,0.65,schema_only,Becky,Desserts | Breakfast,,0.0,2026-08-18T21:44:52.082063+00:00,554,0.9835937402451198,0.9574271077563381,553,556,0.0,0.0,36,,,,,,,,,0,,False,,,,,,,,,,C,,,Raw 5.000; source/category adjustment -0.031; posterior 4.779; uncertainty -0.000 (empirical_history); evidence -0.030; final 4.749.
80150ec63ae2f844d43299ca,Air Fryer Halloween Chex Mix,airfryingfoodie.com,airfryingfoodie.com,https://airfryingfoodie.com/air-fryer-halloween-chex-mix/,5.0,1,0.031006913164291352,4.6914700849912565,4.968993086835709,4.778566016446676,0.0,empirical_history,0.030000000000000006,4.748566016446675,0.65,schema_only,Becky,Desserts,,0.0,2026-08-18T23:34:22.619805+00:00,555,0.9836218055578894,0.9574271077563381,554,557,0.0,0.0,36,,,,,,,,,0,,False,,,,,,,,,,C,,,Raw 5.000; source/category adjustment -0.031; posterior 4.779; uncertainty -0.000 (empirical_history); evidence -0.030; final 4.749.
80569984b6ecfa94503e10c7,Air Fryer Mickey Cinnamon Rolls,airfryingfoodie.com,airfryingfoodie.com,https://airfryingfoodie.com/air-fryer-mickey-cinnamon-rolls/,5.0,1,0.031006913164291352,4.6914700849912565,4.968993086835709,4.778566016446676,0.0,empirical_history,0.030000000000000006,4.748566016446675,0.65,schema_only,Becky,Desserts,,0.0,2026-08-18T23:34:22.619805+00:00,556,0.9836497750149694,0.9574271077563381,555,558,0.0,0.0,36,,,,,,,,,0,,False,,,,,,,,,,C,,,Raw 5.000; source/category adjustment -0.031; posterior 4.779; uncertainty -0.000 (empirical_history); evidence -0.030; final 4.749.
80bfe2ec37d0f5341bc9c360,Air Fryer Bacon Wrapped Dates,airfryingfoodie.com,airfryingfoodie.com,https://airfryingfoodie.com/air-fryer-bacon-wrapped-dates/,5.0,1,0.031006913164291352,4.737874733286346,4.968993086835709,4.778566016446676,0.0,empirical_history,0.030000000000000006,4.748566016446675,0.65,schema_only,Jen,Desserts | Pork | Breakfast,,0.0,2026-08-18T22:11:58.441699+00:00,557,0.9836776491066084,0.9574271077563381,556,559,0.0,0.0,36,0.0,0.0,0.0,0.0,0.0,0.0,,,1,2026-08-18T22:11:58.441699+00:00,False,,,,,,,0.0,0.0,0.0,C,,,Raw 5.000; source/category adjustment -0.031; posterior 4.779; uncertainty -0.000 (empirical_history); evidence -0.030; final 4.749.
81d4be7188060b9caac136cf,Air Fryer Mini Corn Dogs,airfryingfoodie.com,airfryingfoodie.com,https://airfryingfoodie.com/air-fryer-mini-corn-dogs/,5.0,1,0.031006913164291352,4.774757475038895,4.968993086835709,4.778566016446676,0.0,empirical_history,0.030000000000000006,4.748566016446675,0.65,schema_only,Jen,,,0.0,2026-08-18T23:34:22.619805+00:00,558,0.9837054283197171,0.9574271077563381,557,560,0.0,0.0,36,,,,,,,,,0,,False,,,,,,,,,,C,,,Raw 5.000; source/category adjustment -0.031; posterior 4.779; uncertainty -0.000 (empirical_history); evidence -0.030; final 4.749.
83bda876fcb0d6b225cac431,Air Fryer Kale Chips,airfryingfoodie.com,airfryingfoodie.com,https://airfryingfoodie.com/air-fryer-kale-chips/,5.0,1,0.031006913164291352,4.783704614711317,4.968993086835709,4.778566016446676,0.0,empirical_history,0.030000000000000006,4.748566016446675,0.65,schema_only,Jen,Snacks,,0.0,2026-08-18T23:34:22.619805+00:00,559,0.9837331131378971,0.9574271077563381,558,561,0.0,0.0,36,,,,,,,,,0,,False,,,,,,,,,,C,,,Raw 5.000; source/category adjustment -0.031; posterior 4.779; uncertainty -0.000 (empirical_history); evidence -0.030; final 4.749.
840811970bd0db6ae3eb8213,Air Fryer Frozen Garlic Knots,airfryingfoodie.com,airfryingfoodie.com,https://airfryingfoodie.com/air-fryer-frozen-garlic-knots/,5.0,1,0.031006913164291352,4.774757475038895,4.968993086835709,4.778566016446676,0.0,empirical_history,0.030000000000000006,4.748566016446675,0.65,schema_only,Becky,,,0.0,2026-08-18T21:44:52.082063+00:00,560,0.9837607040414696,0.9574271077563381,559,562,0.0,0.0,36,,,,,,,,,0,,False,,,,,,,,,,C,,,Raw 5.000; source/category adjustment -0.031; posterior 4.779; uncertainty -0.000 (empirical_history); evidence -0.030; final 4.749.
87e99caadb5ec194f974d832,Air Fryer Frozen Garlic Bread,airfryingfoodie.com,airfryingfoodie.com,https://airfryingfoodie.com/air-fryer-frozen-garlic-bread/,5.0,1,0.031006913164291352,4.774757475038895,4.968993086835709,4.778566016446676,0.0,empirical_history,0.030000000000000006,4.748566016446675,0.65,schema_only,Becky,,,0.0,2026-08-18T21:44:52.082063+00:00,561,0.983788201507502,0.9574271077563381,560,563,0.0,0.0,36,,,,,,,,,0,,False,,,,,,,,,,C,,,Raw 5.000; source/category adjustment -0.031; posterior 4.779; uncertainty -0.000 (empirical_history); evidence -0.030; final 4.749.
8983eee2d4bfc764bf1a1ffd,Air Fryer Bacon Cinnamon Rolls,airfryingfoodie.com,airfryingfoodie.com,https://airfryingfoodie.com/air-fryer-bacon-cinnamon-rolls/,5.0,1,0.031006913164291352,4.737874733286346,4.968993086835709,4.778566016446676,0.0,empirical_history,0.030000000000000006,4.748566016446675,0.65,schema_only,Becky,Desserts | Pork | Breakfast,,0.0,2026-08-18T22:11:58.441699+00:00,562,0.983815606009836,0.9574271077563381,561,564,0.0,0.0,36,0.0,0.0,0.0,0.0,0.0,0.0,,,1,2026-08-18T22:11:58.441699+00:00,False,,,,,,,0.0,0.0,0.0,C,,,Raw 5.000; source/category adjustment -0.031; posterior 4.779; uncertainty -0.000 (empirical_history); evidence -0.030; final 4.749.
8be31259d70ec7484f613434,Air Fryer 2 Ingredient Pumpkin Muffins,airfryingfoodie.com,airfryingfoodie.com,https://airfryingfoodie.com/air-fryer-2-ingredient-pumpkin-muffins/,5.0,1,0.031006913164291352,4.6914700849912565,4.968993086835709,4.778566016446676,0.0,empirical_history,0.030000000000000006,4.748566016446675,0.65,schema_only,Becky,Desserts,,0.0,2026-08-18T22:11:58.441699+00:00,563,0.9838429180191149,0.9574271077563381,562,565,0.0,0.0,36,0.0,0.0,0.0,0.0,0.0,0.0,,,1,2026-08-18T22:11:58.441699+00:00,False,,,,,,,0.0,0.0,0.0,C,,,Raw 5.000; source/category adjustment -0.031; posterior 4.779; uncertainty -0.000 (empirical_history); evidence -0.030; final 4.749.
8e1cfc98ebd441485b5e597d,Air Fryer Cranberry Brie Bites,airfryingfoodie.com,airfryingfoodie.com,https://airfryingfoodie.com/air-fryer-cranberry-brie-bites/,5.0,1,0.031006913164291352,4.783704614711317,4.968993086835709,4.778566016446676,0.0,empirical_history,0.030000000000000006,4.748566016446675,0.65,schema_only,Becky,Snacks,,0.0,2026-08-18T21:44:52.082063+00:00,564,0.9838701380028105,0.9574271077563381,563,566,0.0,0.0,36,,,,,,,,,0,,False,,,,,,,,,,C,,,Raw 5.000; source/category adjustment -0.031; posterior 4.779; uncertainty -0.000 (empirical_history); evidence -0.030; final 4.749.
90b5f4f2ec5a6d4037d3398e,Air Fryer Chicken Taquitos,airfryingfoodie.com,airfryingfoodie.com,https://airfryingfoodie.com/air-fryer-chicken-taquitos/,5.0,1,0.031006913164291352,4.793370173158749,4.968993086835709,4.778566016446676,0.0,empirical_history,0.030000000000000006,4.748566016446675,0.65,schema_only,Jen,Chicken | Snacks,,0.0,2026-08-18T22:11:58.441699+00:00,565,0.9838972664252498,0.9574271077563381,564,567,0.0,0.0,36,0.0,0.0,0.0,0.0,0.0,0.0,,,1,2026-08-18T22:11:58.441699+00:00,False,,,,,,,0.0,0.0,0.0,C,,,Raw 5.000; source/category adjustment -0.031; posterior 4.779; uncertainty -0.000 (empirical_history); evidence -0.030; final 4.749.
9975c0ceb932e937ebda01ee,Air Fryer Gluten Free Pork Chops,airfryingfoodie.com,airfryingfoodie.com,https://airfryingfoodie.com/air-fryer-gluten-free-pork-chops/,5.0,1,0.031006913164291352,4.761077057433891,4.968993086835709,4.778566016446676,0.0,empirical_history,0.030000000000000006,4.748566016446675,0.65,schema_only,Becky,Pork | Breakfast,,0.0,2026-08-18T21:44:52.082063+00:00,566,0.9839243037476404,0.9574271077563381,565,568,0.0,0.0,36,,,,,,,,,0,,False,,,,,,,,,,C,,,Raw 5.000; source/category adjustment -0.031; posterior 4.779; uncertainty -0.000 (empirical_history); evidence -0.030; final 4.749.
9b3690d75f6798731ce1a21f,Air Fryer Frozen Turkey Burger,airfryingfoodie.com,airfryingfoodie.com,https://airfryingfoodie.com/air-fryer-frozen-turkey-burgers/,5.0,1,0.031006913164291352,4.766667445400813,4.968993086835709,4.778566016446676,0.0,empirical_history,0.030000000000000006,4.748566016446675,0.65,schema_only,Becky,Beef,,0.0,2026-08-18T21:44:52.082063+00:00,567,0.9839512504280986,0.9574271077563381,566,569,0.0,0.0,36,,,,,,,,,0,,False,,,,,,,,,,C,,,Raw 5.000; source/category adjustment -0.031; posterior 4.779; uncertainty -0.000 (empirical_history); evidence -0.030; final 4.749.
9f4ec9803a53c7694f6552f1,Air Fryer Hot Pockets,airfryingfoodie.com,airfryingfoodie.com,https://airfryingfoodie.com/air-fryer-hot-pockets/,5.0,1,0.031006913164291352,4.7227676693571965,4.968993086835709,4.778566016446676,0.0,empirical_history,0.030000000000000006,4.748566016446675,0.65,schema_only,,Breakfast,,0.0,2026-08-18T23:34:22.619805+00:00,568,0.9839781069216739,0.9574271077563381,567,570,0.0,0.0,36,,,,,,,,,0,,False,,,,,,,,,,C,,,Raw 5.000; source/category adjustment -0.031; posterior 4.779; uncertainty -0.000 (empirical_history); evidence -0.030; final 4.749.
a6c5924d433d14cfdf8676bc,Air Fryer Bacon Wrapped Avocado,airfryingfoodie.com,airfryingfoodie.com,https://airfryingfoodie.com/air-fryer-bacon-wrapped-avocado/,5.0,1,0.031006913164291352,4.761077057433891,4.968993086835709,4.778566016446676,0.0,empirical_history,0.030000000000000006,4.748566016446675,0.65,schema_only,Becky,Pork | Breakfast,,0.0,2026-08-18T22:11:58.441699+00:00,569,0.9840048736803746,0.9574271077563381,568,571,0.0,0.0,36,0.0,0.0,0.0,0.0,0.0,0.0,,,1,2026-08-18T22:11:58.441699+00:00,False,,,,,,,0.0,0.0,0.0,C,,,Raw 5.000; source/category adjustment -0.031; posterior 4.779; uncertainty -0.000 (empirical_history); evidence -0.030; final 4.749.
a8ab4f57487885bf62253445,Air Fryer Frozen Curly Fries,airfryingfoodie.com,airfryingfoodie.com,https://airfryingfoodie.com/air-fryer-frozen-curly-fries/,5.0,1,0.031006913164291352,4.789373351038963,4.968993086835709,4.778566016446676,0.0,empirical_history,0.030000000000000006,4.748566016446675,0.65,schema_only,Jen,Potatoes | Snacks,,0.0,2026-08-18T21:44:52.082063+00:00,570,0.9840315511531934,0.9574271077563381,569,572,0.0,0.0,36,,,,,,,,,0,,False,,,,,,,,,,C,,,Raw 5.000; source/category adjustment -0.031; posterior 4.779; uncertainty -0.000 (empirical_history); evidence -0.030; final 4.749.
afca805d049b17a4fb7f46a3,Crispy Air Fryer Dill Pickles,airfryingfoodie.com,airfryingfoodie.com,https://airfryingfoodie.com/air-fryer-dill-pickles/,5.0,1,0.031006913164291352,4.7227676693571965,4.968993086835709,4.778566016446676,0.0,empirical_history,0.030000000000000006,4.748566016446675,0.65,schema_only,Jen,Breakfast,,0.0,2026-08-18T21:44:52.082063+00:00,571,0.9840581397861333,0.9574271077563381,570,573,0.0,0.0,36,,,,,,,,,0,,False,,,,,,,,,,C,,,Raw 5.000; source/category adjustment -0.031; posterior 4.779; uncertainty -0.000 (empirical_history); evidence -0.030; final 4.749.
aff92a2f9fc6aa14c32277eb,Air Fryer Frozen Biscuits,airfryingfoodie.com,airfryingfoodie.com,https://airfryingfoodie.com/air-fryer-frozen-biscuits/,5.0,1,0.031006913164291352,4.774757475038895,4.968993086835709,4.778566016446676,0.0,empirical_history,0.030000000000000006,4.748566016446675,0.65,schema_only,Becky,,,0.0,2026-08-18T21:44:52.082063+00:00,572,0.984084640022231,0.9574271077563381,571,574,0.0,0.0,36,,,,,,,,,0,,False,,,,,,,,,,C,,,Raw 5.000; source/category adjustment -0.031; posterior 4.779; uncertainty -0.000 (empirical_history); evidence -0.030; final 4.749.
b4464f5b53f6a49b1801a26a,Air Fryer Artichoke Spinach Dip,airfryingfoodie.com,airfryingfoodie.com,https://airfryingfoodie.com/air-fryer-artichoke-spinach-dip/,5.0,1,0.031006913164291352,4.774757475038895,4.968993086835709,4.778566016446676,0.0,empirical_history,0.030000000000000006,4.748566016446675,0.65,schema_only,Jen,,,0.0,2026-08-18T22:11:58.441699+00:00,573,0.9841110523015827,0.9574271077563381,572,575,0.0,0.0,36,0.0,0.0,0.0,0.0,0.0,0.0,,,1,2026-08-18T22:11:58.441699+00:00,False,,,,,,,0.0,0.0,0.0,C,,,Raw 5.000; source/category adjustment -0.031; posterior 4.779; uncertainty -0.000 (empirical_history); evidence -0.030; final 4.749.
c15d6b93769a155f66879895,Air Fryer Crab Rangoon,airfryingfoodie.com,airfryingfoodie.com,https://airfryingfoodie.com/air-fryer-crab-rangoon/,5.0,1,0.031006913164291352,4.774757475038895,4.968993086835709,4.778566016446676,0.0,empirical_history,0.030000000000000006,4.748566016446675,0.65,schema_only,Jen,,,0.0,2026-08-18T22:11:58.441699+00:00,574,0.9841373770613675,0.9574271077563381,573,576,0.0,0.0,36,0.0,0.0,0.0,0.0,0.0,0.0,,,1,2026-08-18T22:11:58.441699+00:00,False,,,,,,,0.0,0.0,0.0,C,,,Raw 5.000; source/category adjustment -0.031; posterior 4.779; uncertainty -0.000 (empirical_history); evidence -0.030; final 4.749.
c5f404f0b824f77df2d8a853,Air Fryer Cauliflower,airfryingfoodie.com,airfryingfoodie.com,https://airfryingfoodie.com/air-fryer-cauliflower/,5.0,1,0.031006913164291352,4.783028426387997,4.968993086835709,4.778566016446676,0.0,empirical_history,0.030000000000000006,4.748566016446675,0.65,schema_only,Becky,Vegetables,,0.0,2026-08-18T22:11:58.441699+00:00,575,0.9841636147358724,0.9574271077563381,574,577,0.0,0.0,36,0.0,0.0,0.0,0.0,0.0,0.0,,,1,2026-08-18T22:11:58.441699+00:00,False,,,,,,,0.0,0.0,0.0,C,,,Raw 5.000; source/category adjustment -0.031; posterior 4.779; uncertainty -0.000 (empirical_history); evidence -0.030; final 4.749.
c64baa25f133524c0a3e608c,Air Fryer Cube Steak,airfryingfoodie.com,airfryingfoodie.com,https://airfryingfoodie.com/air-fryer-cube-steak/,5.0,1,0.031006913164291352,4.766667445400813,4.968993086835709,4.778566016446676,0.0,empirical_history,0.030000000000000006,4.748566016446675,0.65,schema_only,Becky,Beef,,0.0,2026-08-18T21:44:52.082063+00:00,576,0.984189765756516,0.9574271077563381,575,578,0.0,0.0,36,,,,,,,,,0,,False,,,,,,,,,,C,,,Raw 5.000; source/category adjustment -0.031; posterior 4.779; uncertainty -0.000 (empirical_history); evidence -0.030; final 4.749.
c6cc08f8b3edf4148c4a417c,Air Fryer Frozen Okra,airfryingfoodie.com,airfryingfoodie.com,https://airfryingfoodie.com/air-fryer-frozen-okra/,5.0,1,0.031006913164291352,4.774757475038895,4.968993086835709,4.778566016446676,0.0,empirical_history,0.030000000000000006,4.748566016446675,0.65,schema_only,Becky,,,0.0,2026-08-18T21:44:52.082063+00:00,577,0.9842158305518715,0.9574271077563381,576,579,0.0,0.0,36,,,,,,,,,0,,False,,,,,,,,,,C,,,Raw 5.000; source/category adjustment -0.031; posterior 4.779; uncertainty -0.000 (empirical_history); evidence -0.030; final 4.749.
c98cf80f477dda5406a21bae,Air Fryer Caprese Grilled Cheese,airfryingfoodie.com,airfryingfoodie.com,https://airfryingfoodie.com/air-fryer-caprese-grilled-cheese/,5.0,1,0.031006913164291352,4.774757475038895,4.968993086835709,4.778566016446676,0.0,empirical_history,0.030000000000000006,4.748566016446675,0.65,schema_only,Jen,,,0.0,2026-08-18T22:11:58.441699+00:00,578,0.9842418095476904,0.9574271077563381,577,580,0.0,0.0,36,0.0,0.0,0.0,0.0,0.0,0.0,,,1,2026-08-18T22:11:58.441699+00:00,False,,,,,,,0.0,0.0,0.0,C,,,Raw 5.000; source/category adjustment -0.031; posterior 4.779; uncertainty -0.000 (empirical_history); evidence -0.030; final 4.749.
cb6ec585c7fae48f1e450808,Air Fryer Bacon,airfryingfoodie.com,airfryingfoodie.com,https://airfryingfoodie.com/air-fryer-bacon/,5.0,1,0.031006913164291352,4.761077057433891,4.968993086835709,4.778566016446676,0.0,empirical_history,0.030000000000000006,4.748566016446675,0.65,schema_only,Jen,Pork | Breakfast,,0.0,2026-08-18T22:39:54.145145+00:00,579,0.9842677031669267,0.9574271077563381,578,581,0.0,0.0,36,0.0,0.0,0.0,0.0,0.0,0.0,,,1,2026-08-18T22:39:54.145145+00:00,False,,,,,,,0.0,0.0,0.0,C,,,Raw 5.000; source/category adjustment -0.031; posterior 4.779; uncertainty -0.000 (empirical_history); evidence -0.030; final 4.749.
cbe3f3a875f7fa128214b01f,Air Fryer Frozen Cod,airfryingfoodie.com,airfryingfoodie.com,https://airfryingfoodie.com/air-fryer-frozen-cod/,5.0,1,0.031006913164291352,4.84381915932519,4.968993086835709,4.778566016446676,0.0,empirical_history,0.030000000000000006,4.748566016446675,0.65,schema_only,Becky,Seafood,,0.0,2026-08-18T21:44:52.082063+00:00,580,0.9842935118297583,0.9574271077563381,579,582,0.0,0.0,36,,,,,,,,,0,,False,,,,,,,,,,C,,,Raw 5.000; source/category adjustment -0.031; posterior 4.779; uncertainty -0.000 (empirical_history); evidence -0.030; final 4.749.
d0b1ae2d12f18dab1551baf7,Air Fryer Chimichangas,airfryingfoodie.com,airfryingfoodie.com,https://airfryingfoodie.com/air-fryer-chimichangas/,5.0,1,0.031006913164291352,4.803035731606181,4.968993086835709,4.778566016446676,0.0,empirical_history,0.030000000000000006,4.748566016446675,0.65,schema_only,Jen,Chicken,,0.0,2026-08-18T22:11:58.441699+00:00,581,0.9843192359536107,0.9574271077563381,580,583,0.0,0.0,36,0.0,0.0,0.0,0.0,0.0,0.0,,,1,2026-08-18T22:11:58.441699+00:00,False,,,,,,,0.0,0.0,0.0,C,,,Raw 5.000; source/category adjustment -0.031; posterior 4.779; uncertainty -0.000 (empirical_history); evidence -0.030; final 4.749.
d7e5aa19b38d1fa96efd0c79,Air Fryer French Toast Bites,airfryingfoodie.com,airfryingfoodie.com,https://airfryingfoodie.com/air-fryer-french-toast-bites/,5.0,1,0.031006913164291352,4.732647456353257,4.968993086835709,4.778566016446676,0.0,empirical_history,0.030000000000000006,4.748566016446675,0.65,schema_only,Becky,Desserts | Breakfast | Snacks,,0.0,2026-08-18T21:44:52.082063+00:00,582,0.9843448759531789,0.9574271077563381,581,584,0.0,0.0,36,,,,,,,,,0,,False,,,,,,,,,,C,,,Raw 5.000; source/category adjustment -0.031; posterior 4.779; uncertainty -0.000 (empirical_history); evidence -0.030; final 4.749.
dcb657239b4acf54c8129449,Air Fried Peanut Butter Cups,airfryingfoodie.com,airfryingfoodie.com,https://airfryingfoodie.com/air-fried-peanut-butter-cups/,5.0,1,0.031006913164291352,4.774757475038895,4.968993086835709,4.778566016446676,0.0,empirical_history,0.030000000000000006,4.748566016446675,0.65,schema_only,Becky,,,0.0,2026-08-18T22:11:58.441699+00:00,583,0.9843704322404505,0.9574271077563381,582,585,0.0,0.0,36,0.0,0.0,0.0,0.0,0.0,0.0,,,1,2026-08-18T22:11:58.441699+00:00,False,,,,,,,0.0,0.0,0.0,C,,,Raw 5.000; source/category adjustment -0.031; posterior 4.779; uncertainty -0.000 (empirical_history); evidence -0.030; final 4.749.
e2c36087dcc91603b383f2ba,Air Fryer Boneless Chicken Thighs,airfryingfoodie.com,airfryingfoodie.com,https://airfryingfoodie.com/air-fryer-boneless-chicken-thighs/,5.0,1,0.031006913164291352,4.803035731606181,4.968993086835709,4.778566016446676,0.0,empirical_history,0.030000000000000006,4.748566016446675,0.65,schema_only,Jen,Chicken,,0.0,2026-08-18T22:11:58.441699+00:00,584,0.9843959052247271,0.9574271077563381,583,586,0.0,0.0,36,0.0,0.0,0.0,0.0,0.0,0.0,,,1,2026-08-18T22:11:58.441699+00:00,False,,,,,,,0.0,0.0,0.0,C,,,Raw 5.000; source/category adjustment -0.031; posterior 4.779; uncertainty -0.000 (empirical_history); evidence -0.030; final 4.749.
e59cf2fd015322291bbeed87,Air Fryer Mahi Mahi,airfryingfoodie.com,airfryingfoodie.com,https://airfryingfoodie.com/air-fryer-mahi-mahi/,5.0,1,0.031006913164291352,4.774757475038895,4.968993086835709,4.778566016446676,0.0,empirical_history,0.030000000000000006,4.748566016446675,0.65,schema_only,Jen,,,0.0,2026-08-18T23:34:22.619805+00:00,585,0.9844212953126457,0.9574271077563381,584,587,0.0,0.0,36,,,,,,,,,0,,False,,,,,,,,,,C,,,Raw 5.000; source/category adjustment -0.031; posterior 4.779; uncertainty -0.000 (empirical_history); evidence -0.030; final 4.749.
ea385a177f45a7a0c4ecf6fb,Air Fryer Impossible Burgers,airfryingfoodie.com,airfryingfoodie.com,https://airfryingfoodie.com/air-fryer-impossible-burgers/,5.0,1,0.031006913164291352,4.766667445400813,4.968993086835709,4.778566016446676,0.0,empirical_history,0.030000000000000006,4.748566016446675,0.65,schema_only,Becky,Beef,,0.0,2026-08-18T23:34:22.619805+00:00,586,0.984446602908202,0.9574271077563381,585,588,0.0,0.0,36,,,,,,,,,0,,False,,,,,,,,,,C,,,Raw 5.000; source/category adjustment -0.031; posterior 4.779; uncertainty -0.000 (empirical_history); evidence -0.030; final 4.749.
ed04ef429dc02c0dd8e820cc,Air Fryer Mexican Pizza,airfryingfoodie.com,airfryingfoodie.com,https://airfryingfoodie.com/air-fryer-mexican-pizza/,5.0,1,0.031006913164291352,4.766667445400813,4.968993086835709,4.778566016446676,0.0,empirical_history,0.030000000000000006,4.748566016446675,0.65,schema_only,Jen,Beef,,0.0,2026-08-18T23:34:22.619805+00:00,587,0.9844718284127705,0.9574271077563381,586,589,0.0,0.0,36,,,,,,,,,0,,False,,,,,,,,,,C,,,Raw 5.000; source/category adjustment -0.031; posterior 4.779; uncertainty -0.000 (empirical_history); evidence -0.030; final 4.749.
ed5928d30d8423efb3541e02,Air Fryer Calamari,airfryingfoodie.com,airfryingfoodie.com,https://airfryingfoodie.com/air-fryer-calamari/,5.0,1,0.031006913164291352,4.7227676693571965,4.968993086835709,4.778566016446676,0.0,empirical_history,0.030000000000000006,4.748566016446675,0.65,schema_only,Jen,Breakfast,,0.0,2026-08-18T22:11:58.441699+00:00,588,0.9844969722251254,0.9574271077563381,587,590,0.0,0.0,36,0.0,0.0,0.0,0.0,0.0,0.0,,,1,2026-08-18T22:11:58.441699+00:00,False,,,,,,,0.0,0.0,0.0,C,,,Raw 5.000; source/category adjustment -0.031; posterior 4.779; uncertainty -0.000 (empirical_history); evidence -0.030; final 4.749.
edf90d2100d9a8d4c54fd812,Air Fryer Broccoli and Cauliflower,airfryingfoodie.com,airfryingfoodie.com,https://airfryingfoodie.com/air-fryer-broccoli-and-cauliflower/,5.0,1,0.031006913164291352,4.783366520549657,4.968993086835709,4.778566016446676,0.0,empirical_history,0.030000000000000006,4.748566016446675,0.65,schema_only,Becky,Vegetables | Snacks,,0.0,2026-08-18T22:11:58.441699+00:00,589,0.984522034741463,0.9574271077563381,588,591,0.0,0.0,36,0.0,0.0,0.0,0.0,0.0,0.0,,,1,2026-08-18T22:11:58.441699+00:00,False,,,,,,,0.0,0.0,0.0,C,,,Raw 5.000; source/category adjustment -0.031; posterior 4.779; uncertainty -0.000 (empirical_history); evidence -0.030; final 4.749.
ef56550d99bc5066ad8687e6,Chicken Jalapeno Poppers,airfryingfoodie.com,airfryingfoodie.com,https://airfryingfoodie.com/air-fryer-chicken-jalapeno-poppers/,5.0,1,0.031006913164291352,4.775063282157987,4.968993086835709,4.778566016446676,0.0,empirical_history,0.030000000000000006,4.748566016446675,0.65,schema_only,Becky,Chicken | Pork | Breakfast,,0.0,2026-08-18T22:11:58.441699+00:00,590,0.9845470163554212,0.9574271077563381,589,592,0.0,0.0,36,0.0,0.0,0.0,0.0,0.0,0.0,,,1,2026-08-18T22:11:58.441699+00:00,False,,,,,,,0.0,0.0,0.0,C,,,Raw 5.000; source/category adjustment -0.031; posterior 4.779; uncertainty -0.000 (empirical_history); evidence -0.030; final 4.749.
f1c9adb9cb17d973b5594fd6,Air Fryer Boneless Wings,airfryingfoodie.com,airfryingfoodie.com,https://airfryingfoodie.com/air-fryer-boneless-wings/,5.0,1,0.031006913164291352,4.762901700481689,4.968993086835709,4.778566016446676,0.0,empirical_history,0.030000000000000006,4.748566016446675,0.65,schema_only,Jen,Chicken | Breakfast,,0.0,2026-08-18T22:11:58.441699+00:00,591,0.984571917458101,0.9574271077563381,590,593,0.0,0.0,36,0.0,0.0,0.0,0.0,0.0,0.0,,,1,2026-08-18T22:11:58.441699+00:00,False,,,,,,,0.0,0.0,0.0,C,,,Raw 5.000; source/category adjustment -0.031; posterior 4.779; uncertainty -0.000 (empirical_history); evidence -0.030; final 4.749.
f48bd48faa1ef4e093829fcd,Air Fryer Jalapeno Popper Egg Rolls,airfryingfoodie.com,airfryingfoodie.com,https://airfryingfoodie.com/air-fryer-jalapeno-popper-egg-rolls/,5.0,1,0.031006913164291352,4.761077057433891,4.968993086835709,4.778566016446676,0.0,empirical_history,0.030000000000000006,4.748566016446675,0.65,schema_only,Becky,Pork | Breakfast,,0.0,2026-08-18T23:34:22.619805+00:00,592,0.9845967384380866,0.9574271077563381,591,594,0.0,0.0,36,,,,,,,,,0,,False,,,,,,,,,,C,,,Raw 5.000; source/category adjustment -0.031; posterior 4.779; uncertainty -0.000 (empirical_history); evidence -0.030; final 4.749.
f5e205337598c8c0c24b76cc,Air Fryer Irish Soda Bread,airfryingfoodie.com,airfryingfoodie.com,https://airfryingfoodie.com/air-fryer-irish-soda-bread/,5.0,1,0.031006913164291352,4.7227676693571965,4.968993086835709,4.778566016446676,0.0,empirical_history,0.030000000000000006,4.748566016446675,0.65,schema_only,Becky,Breakfast,,0.0,2026-08-18T23:34:22.619805+00:00,593,0.9846214796814652,0.9574271077563381,592,595,0.0,0.0,36,,,,,,,,,0,,False,,,,,,,,,,C,,,Raw 5.000; source/category adjustment -0.031; posterior 4.779; uncertainty -0.000 (empirical_history); evidence -0.030; final 4.749.
fadf62f020421a8f04b5039c,Air Fryer Frozen Dinner Rolls,airfryingfoodie.com,airfryingfoodie.com,https://airfryingfoodie.com/air-fryer-frozen-dinner-rolls/,5.0,1,0.031006913164291352,4.774757475038895,4.968993086835709,4.778566016446676,0.0,empirical_history,0.030000000000000006,4.748566016446675,0.65,schema_only,Becky,,,0.0,2026-08-18T21:44:52.082063+00:00,594,0.9846461415718473,0.9574271077563381,593,596,0.0,0.0,36,,,,,,,,,0,,False,,,,,,,,,,C,,,Raw 5.000; source/category adjustment -0.031; posterior 4.779; uncertainty -0.000 (empirical_history); evidence -0.030; final 4.749.
fb2be445c2612b7a5f7c0051,Air Fryer Frozen Burger,airfryingfoodie.com,airfryingfoodie.com,https://airfryingfoodie.com/air-fryer-frozen-burger/,5.0,1,0.031006913164291352,4.766667445400813,4.968993086835709,4.778566016446676,0.0,empirical_history,0.030000000000000006,4.748566016446675,0.65,schema_only,Jen,Beef,,0.0,2026-08-18T21:44:52.082063+00:00,595,0.9846707244903875,0.9574271077563381,594,597,0.0,0.0,36,,,,,,,,,0,,False,,,,,,,,,,C,,,Raw 5.000; source/category adjustment -0.031; posterior 4.779; uncertainty -0.000 (empirical_history); evidence -0.030; final 4.749.
fbdad558af00a732d6e78aad,Air Fryer Chicken Kabobs,airfryingfoodie.com,airfryingfoodie.com,https://airfryingfoodie.com/air-fryer-chicken-kabobs/,5.0,1,0.031006913164291352,4.803035731606181,4.968993086835709,4.778566016446676,0.0,empirical_history,0.030000000000000006,4.748566016446675,0.65,schema_only,Jen,Chicken,,0.0,2026-08-18T22:11:58.441699+00:00,596,0.9846952288158023,0.9574271077563381,595,598,0.0,0.0,36,0.0,0.0,0.0,0.0,0.0,0.0,,,1,2026-08-18T22:11:58.441699+00:00,False,,,,,,,0.0,0.0,0.0,C,,,Raw 5.000; source/category adjustment -0.031; posterior 4.779; uncertainty -0.000 (empirical_history); evidence -0.030; final 4.749.
fe0241e6ab519f2703593a43,Air Fryer Frozen Shrimp Tempura,airfryingfoodie.com,airfryingfoodie.com,https://airfryingfoodie.com/air-fryer-frozen-shrimp-tempura/,5.0,1,0.031006913164291352,4.84381915932519,4.968993086835709,4.778566016446676,0.0,empirical_history,0.030000000000000006,4.748566016446675,0.65,schema_only,,Seafood,,0.0,2026-08-18T21:44:52.082063+00:00,597,0.9847196549243911,0.9574271077563381,596,599,0.0,0.0,36,,,,,,,,,0,,False,,,,,,,,,,C,,,Raw 5.000; source/category adjustment -0.031; posterior 4.779; uncertainty -0.000 (empirical_history); evidence -0.030; final 4.749.
fe91f6d7d04e42c3c52dfe11,Air Fryer Chicken Parmesan Meatballs,airfryingfoodie.com,airfryingfoodie.com,https://airfryingfoodie.com/air-fryer-chicken-parmesan-meatballs/,5.0,1,0.031006913164291352,4.764156948788064,4.968993086835709,4.778566016446676,0.0,empirical_history,0.030000000000000006,4.748566016446675,0.65,schema_only,,Chicken | Beef | Breakfast,,0.0,2026-08-18T22:11:58.441699+00:00,598,0.9847440031900541,0.9574271077563381,597,600,0.0,0.0,36,0.0,0.0,0.0,0.0,0.0,0.0,,,1,2026-08-18T22:11:58.441699+00:00,False,,,,,,,0.0,0.0,0.0,C,,,Raw 5.000; source/category adjustment -0.031; posterior 4.779; uncertainty -0.000 (empirical_history); evidence -0.030; final 4.749.
fece6ffe3631c6430e99809f,Air Fryer Avocado Fries,airfryingfoodie.com,airfryingfoodie.com,https://airfryingfoodie.com/air-fryer-avocado-fries/,5.0,1,0.031006913164291352,4.76717145714504,4.968993086835709,4.778566016446676,0.0,empirical_history,0.030000000000000006,4.748566016446675,0.65,schema_only,Jen,Potatoes | Breakfast | Snacks,,0.0,2026-08-18T22:11:58.441699+00:00,599,0.9847682739843134,0.9574271077563381,598,601,0.0,0.0,36,0.0,0.0,0.0,0.0,0.0,0.0,,,1,2026-08-18T22:11:58.441699+00:00,False,,,,,,,0.0,0.0,0.0,C,,,Raw 5.000; source/category adjustment -0.031; posterior 4.779; uncertainty -0.000 (empirical_history); evidence -0.030; final 4.749.
fed0f886cc99c6e1e96ab19c,Air Fryer Bacon Wrapped Scallops,airfryingfoodie.com,airfryingfoodie.com,https://airfryingfoodie.com/air-fryer-bacon-wrapped-scallops/,5.0,1,0.031006913164291352,4.788657758064324,4.968993086835709,4.778566016446676,0.0,empirical_history,0.030000000000000006,4.748566016446675,0.65,schema_only,,Pork | Seafood | Breakfast,,0.0,2026-08-18T22:39:54.145145+00:00,600,0.9847924676763294,0.9574271077563381,599,602,0.0,0.0,36,0.0,0.0,0.0,0.0,0.0,0.0,,,1,2026-08-18T22:39:54.145145+00:00,False,,,,,,,0.0,0.0,0.0,C,,,Raw 5.000; source/category adjustment -0.031; posterior 4.779; uncertainty -0.000 (empirical_history); evidence -0.030; final 4.749.
e3e0e69f2321fdc788716063,Air Fryer Okra,airfryingfoodie.com,airfryingfoodie.com,https://airfryingfoodie.com/air-fryer-okra/,5.0,1,0.031006913164291352,4.774757475038895,4.968993086835709,4.778566016446676,0.0,empirical_history,0.030000000000000006,4.748566016446675,0.65,schema_only,Becky,,,0.0,2026-08-19T00:34:06.688272+00:00,601,0.9848165846329215,0.9574271077563381,600,603,0.0,0.0,36,,,,,,,,,0,,False,,,,,,,,,,C,,,Raw 5.000; source/category adjustment -0.031; posterior 4.779; uncertainty -0.000 (empirical_history); evidence -0.030; final 4.749.
0cf7c447e3113848085d147a,Air Fryer Pancakes,airfryingfoodie.com,airfryingfoodie.com,https://airfryingfoodie.com/air-fryer-pancakes/,5.0,1,0.031006913164291352,4.707118877174226,4.968993086835709,4.778566016446676,0.0,empirical_history,0.030000000000000006,4.748566016446675,0.65,schema_only,Jen,Desserts | Breakfast,,0.0,2026-08-19T00:34:06.688272+00:00,602,0.9848406252185857,0.9574271077563381,601,604,0.0,0.0,36,,,,,,,,,0,,False,,,,,,,,,,C,,,Raw 5.000; source/category adjustment -0.031; posterior 4.779; uncertainty -0.000 (empirical_history); evidence -0.030; final 4.749.
123a23ce647ec123f2b2e42a,Air Fryer Peanut Butter Blossoms,airfryingfoodie.com,airfryingfoodie.com,https://airfryingfoodie.com/air-fryer-peanut-butter-blossoms/,5.0,1,0.031006913164291352,4.7227676693571965,4.968993086835709,4.778566016446676,0.0,empirical_history,0.030000000000000006,4.748566016446675,0.65,schema_only,Becky,Breakfast,,0.0,2026-08-19T00:34:06.688272+00:00,603,0.9848645897955128,0.9574271077563381,602,605,0.0,0.0,36,,,,,,,,,0,,False,,,,,,,,,,C,,,Raw 5.000; source/category adjustment -0.031; posterior 4.779; uncertainty -0.000 (empirical_history); evidence -0.030; final 4.749.
92404f774ef67665e985b478,Air Fryer Pickle Poppers,airfryingfoodie.com,airfryingfoodie.com,https://airfryingfoodie.com/air-fryer-pickle-poppers/,5.0,1,0.031006913164291352,4.761077057433891,4.968993086835709,4.778566016446676,0.0,empirical_history,0.030000000000000006,4.748566016446675,0.65,schema_only,Becky,Pork | Breakfast,,0.0,2026-08-19T00:34:06.688272+00:00,604,0.9848884787236076,0.9574271077563381,603,606,0.0,0.0,36,,,,,,,,,0,,False,,,,,,,,,,C,,,Raw 5.000; source/category adjustment -0.031; posterior 4.779; uncertainty -0.000 (empirical_history); evidence -0.030; final 4.749.
9a038ed358afc4abc00eda71,Air Fryer Pita Chips,airfryingfoodie.com,airfryingfoodie.com,https://airfryingfoodie.com/air-fryer-pita-chips/,5.0,1,0.031006913164291352,4.783704614711317,4.968993086835709,4.778566016446676,0.0,empirical_history,0.030000000000000006,4.748566016446675,0.65,schema_only,Becky,Snacks,,0.0,2026-08-19T00:34:06.688272+00:00,605,0.9849122923605058,0.9574271077563381,604,607,0.0,0.0,36,,,,,,,,,0,,False,,,,,,,,,,C,,,Raw 5.000; source/category adjustment -0.031; posterior 4.779; uncertainty -0.000 (empirical_history); evidence -0.030; final 4.749.
6d1e62422f4af81968784cb9,Air Fryer Pita Pizza,airfryingfoodie.com,airfryingfoodie.com,https://airfryingfoodie.com/air-fryer-pita-pizza/,5.0,1,0.031006913164291352,4.774757475038895,4.968993086835709,4.778566016446676,0.0,empirical_history,0.030000000000000006,4.748566016446675,0.65,schema_only,Becky,,,0.0,2026-08-19T00:34:06.688272+00:00,606,0.9849360310615926,0.9574271077563381,605,608,0.0,0.0,36,,,,,,,,,0,,False,,,,,,,,,,C,,,Raw 5.000; source/category adjustment -0.031; posterior 4.779; uncertainty -0.000 (empirical_history); evidence -0.030; final 4.749.
357bdac9c4b5b4d0abef79ca,Air Fryer Pizza Crescent Rolls,airfryingfoodie.com,airfryingfoodie.com,https://airfryingfoodie.com/air-fryer-pizza-crescent-rolls/,5.0,1,0.031006913164291352,4.774757475038895,4.968993086835709,4.778566016446676,0.0,empirical_history,0.030000000000000006,4.748566016446675,0.65,schema_only,Becky,,,0.0,2026-08-19T00:34:06.688272+00:00,607,0.9849596951800196,0.9574271077563381,606,609,0.0,0.0,36,,,,,,,,,0,,False,,,,,,,,,,C,,,Raw 5.000; source/category adjustment -0.031; posterior 4.779; uncertainty -0.000 (empirical_history); evidence -0.030; final 4.749.
2bed821bab4f87d01f83eb8f,Air Fryer Pizza Egg Rolls,airfryingfoodie.com,airfryingfoodie.com,https://airfryingfoodie.com/air-fryer-pizza-egg-rolls/,5.0,1,0.031006913164291352,4.7227676693571965,4.968993086835709,4.778566016446676,0.0,empirical_history,0.030000000000000006,4.748566016446675,0.65,schema_only,Becky,Breakfast,,0.0,2026-08-19T00:34:06.688272+00:00,608,0.9849832850667234,0.9574271077563381,607,610,0.0,0.0,36,,,,,,,,,0,,False,,,,,,,,,,C,,,Raw 5.000; source/category adjustment -0.031; posterior 4.779; uncertainty -0.000 (empirical_history); evidence -0.030; final 4.749.
9ff6b2eeabaa16c17ce5e47b,Air Fryer Pizza Pasta Casserole,airfryingfoodie.com,airfryingfoodie.com,https://airfryingfoodie.com/air-fryer-pizza-pasta-casserole/,5.0,1,0.031006913164291352,4.774757475038895,4.968993086835709,4.778566016446676,0.0,empirical_history,0.030000000000000006,4.748566016446675,0.65,schema_only,Jen,,,0.0,2026-08-19T00:34:06.688272+00:00,609,0.9850068010704419,0.9574271077563381,608,611,0.0,0.0,36,,,,,,,,,0,,False,,,,,,,,,,C,,,Raw 5.000; source/category adjustment -0.031; posterior 4.779; uncertainty -0.000 (empirical_history); evidence -0.030; final 4.749.
98d506efce904559b7deb279,Air Fryer Plantains,airfryingfoodie.com,airfryingfoodie.com,https://airfryingfoodie.com/air-fryer-plantains/,5.0,1,0.031006913164291352,4.774757475038895,4.968993086835709,4.778566016446676,0.0,empirical_history,0.030000000000000006,4.748566016446675,0.65,schema_only,Becky,,,0.0,2026-08-19T00:34:06.688272+00:00,610,0.9850302435377324,0.9574271077563381,609,612,0.0,0.0,36,,,,,,,,,0,,False,,,,,,,,,,C,,,Raw 5.000; source/category adjustment -0.031; posterior 4.779; uncertainty -0.000 (empirical_history); evidence -0.030; final 4.749.
ef5e15e605bf7a6f19f0ee34,Air Fryer Pop Tarts,airfryingfoodie.com,airfryingfoodie.com,https://airfryingfoodie.com/air-fryer-pop-tarts/,5.0,1,0.031006913164291352,4.774757475038895,4.968993086835709,4.778566016446676,0.0,empirical_history,0.030000000000000006,4.748566016446675,0.65,schema_only,Becky,,,0.0,2026-08-19T00:34:06.688272+00:00,611,0.9850536128129879,0.9574271077563381,610,613,0.0,0.0,36,,,,,,,,,0,,False,,,,,,,,,,C,,,Raw 5.000; source/category adjustment -0.031; posterior 4.779; uncertainty -0.000 (empirical_history); evidence -0.030; final 4.749.
3ff449a8b8af3098bd7e66c6,Air Fryer Popcorn Chicken,airfryingfoodie.com,airfryingfoodie.com,https://airfryingfoodie.com/air-fryer-popcorn-chicken/,5.0,1,0.031006913164291352,4.762901700481689,4.968993086835709,4.778566016446676,0.0,empirical_history,0.030000000000000006,4.748566016446675,0.65,schema_only,Jen,Chicken | Breakfast,,0.0,2026-08-19T00:34:06.688272+00:00,612,0.9850769092384538,0.9574271077563381,611,614,0.0,0.0,36,,,,,,,,,0,,False,,,,,,,,,,C,,,Raw 5.000; source/category adjustment -0.031; posterior 4.779; uncertainty -0.000 (empirical_history); evidence -0.030; final 4.749.
ddaf826d3057f44800b26d81,Air Fryer Pork Chop Bites,airfryingfoodie.com,airfryingfoodie.com,https://airfryingfoodie.com/air-fryer-pork-chop-bites/,5.0,1,0.031006913164291352,4.79154553011095,4.968993086835709,4.778566016446676,0.0,empirical_history,0.030000000000000006,4.748566016446675,0.65,schema_only,,Pork | Snacks,,0.0,2026-08-19T00:34:06.688272+00:00,613,0.9851001331542456,0.9574271077563381,612,615,0.0,0.0,36,,,,,,,,,0,,False,,,,,,,,,,C,,,Raw 5.000; source/category adjustment -0.031; posterior 4.779; uncertainty -0.000 (empirical_history); evidence -0.030; final 4.749.
1e566607b57cd1ad5aa307a5,Air Fryer Pork Steak Recipe,airfryingfoodie.com,airfryingfoodie.com,https://airfryingfoodie.com/air-fryer-pork-steaks/,5.0,1,0.031006913164291352,4.783026945455699,4.968993086835709,4.778566016446676,0.0,empirical_history,0.030000000000000006,4.748566016446675,0.65,schema_only,Jen,Beef | Pork,,0.0,2026-08-19T00:34:06.688272+00:00,614,0.985123284898365,0.9574271077563381,613,616,0.0,0.0,36,,,,,,,,,0,,False,,,,,,,,,,C,,,Raw 5.000; source/category adjustment -0.031; posterior 4.779; uncertainty -0.000 (empirical_history); evidence -0.030; final 4.749.
3b17d7dfc0670674c618da22,Air Fryer Potato Skins,airfryingfoodie.com,airfryingfoodie.com,https://airfryingfoodie.com/air-fryer-potato-skins/,5.0,1,0.031006913164291352,4.77239873407813,4.968993086835709,4.778566016446676,0.0,empirical_history,0.030000000000000006,4.748566016446675,0.65,schema_only,Becky,Potatoes | Pork | Breakfast,,0.0,2026-08-19T00:34:06.688272+00:00,615,0.9851463648067156,0.9574271077563381,614,617,0.0,0.0,36,,,,,,,,,0,,False,,,,,,,,,,C,,,Raw 5.000; source/category adjustment -0.031; posterior 4.779; uncertainty -0.000 (empirical_history); evidence -0.030; final 4.749.
3b9bc802dcc12bdd39ff5303,Perfect Turkey Breast Roast in the Air Fryer,allrecipes.com,allrecipes.com,https://www.allrecipes.com/recipe/276520/perfect-turkey-breast-roast-in-the-air-fryer/,4.7,12,-0.09393325178093598,4.774757475038895,4.7939332517809365,4.778468915698644,0.0,empirical_history,0.030000000000000006,4.748468915698644,0.65,schema_only,Amanda Jo Peterson Nuckoles,,,0.0,2026-08-18T22:11:58.441699+00:00,616,0.5023486744242368,63.00529078312921,498,626,0.0,0.0,36,,,,,,,,,0,,False,,,,,,,0.0,0.0,0.0,C,,,Raw 4.700; source/category adjustment +0.094; posterior 4.778; uncertainty -0.000 (empirical_history); evidence -0.030; final 4.748.
0c6c5fd84068c77a219b4b1e,Air Fryer Scallops,lecremedelacrumb.com,lecremedelacrumb.com,https://www.lecremedelacrumb.com/air-fryer-scallops/,5.0,1,0.036689044489208365,4.84381915932519,4.963310955510791,4.778454602106971,0.0,empirical_history,0.030000000000000006,4.748454602106971,0.65,schema_only,,Seafood,,0.0,2026-08-18T22:11:58.441699+00:00,617,0.93977082677272,4.08248290463863,615,625,0.0,0.0,36,,,,,,,,,0,,False,,,,,,,0.0,0.0,0.0,C,,,Raw 5.000; source/category adjustment -0.037; posterior 4.778; uncertainty -0.000 (empirical_history); evidence -0.030; final 4.748.
573d2abc940cd2b342c393cc,Air Fryer Butternut Squash,lecremedelacrumb.com,lecremedelacrumb.com,https://www.lecremedelacrumb.com/air-fryer-butternut-squash/,5.0,1,0.036689044489208365,4.783028426387997,4.963310955510791,4.778454602106971,0.0,empirical_history,0.030000000000000006,4.748454602106971,0.65,schema_only,,Vegetables,,0.0,2026-08-18T22:11:58.441699+00:00,618,0.9398595524212968,4.08248290463863,616,626,0.0,0.0,36,,,,,,,,,0,,False,,,,,,,0.0,0.0,0.0,C,,,Raw 5.000; source/category adjustment -0.037; posterior 4.778; uncertainty -0.000 (empirical_history); evidence -0.030; final 4.748.
03d9bdc000286d3cc67e6b45,Air Fryer BBQ Ribs,airfryingfoodie.com,airfryingfoodie.com,https://airfryingfoodie.com/air-fryer-bbq-ribs/,4.84,6,0.031006913164291352,4.774757475038895,4.8089930868357085,4.77842557630284,0.0,empirical_history,0.030000000000000006,4.748425576302839,0.65,schema_only,Jen,,,0.0,2026-08-18T22:11:58.441699+00:00,619,0.9852379727280018,0.9574271077563381,616,619,0.0,0.0,36,0.0,0.0,0.0,0.0,0.0,0.0,,,1,2026-08-18T22:11:58.441699+00:00,False,,,,,,,0.0,0.0,0.0,C,,,Raw 4.840; source/category adjustment -0.031; posterior 4.778; uncertainty -0.000 (empirical_history); evidence -0.030; final 4.748.
7af246eb5819c40b680d5805,Air Fryer Copycat Red Lobster Cheddar Bay Biscuits,airfryingfoodie.com,airfryingfoodie.com,https://airfryingfoodie.com/air-fryer-copycat-red-lobster-cheddar-bay-biscuits/,4.84,6,0.031006913164291352,4.774757475038895,4.8089930868357085,4.77842557630284,0.0,empirical_history,0.030000000000000006,4.748425576302839,0.65,schema_only,Becky,,,0.0,2026-08-18T22:11:58.441699+00:00,620,0.9852606984237834,0.9574271077563381,617,620,0.0,0.0,36,0.0,0.0,0.0,0.0,0.0,0.0,,,1,2026-08-18T22:11:58.441699+00:00,False,,,,,,,0.0,0.0,0.0,C,,,Raw 4.840; source/category adjustment -0.031; posterior 4.778; uncertainty -0.000 (empirical_history); evidence -0.030; final 4.748.
867d5a0bee0df11021c7e781,Air Fryer Chicken Cordon Bleu,airfryingfoodie.com,airfryingfoodie.com,https://airfryingfoodie.com/air-fryer-chicken-cordon-bleu/,4.84,6,0.031006913164291352,4.775063282157987,4.8089930868357085,4.77842557630284,0.0,empirical_history,0.030000000000000006,4.748425576302839,0.65,schema_only,Becky,Chicken | Pork | Breakfast,,0.0,2026-08-18T22:11:58.441699+00:00,621,0.9852833542560709,0.9574271077563381,618,621,0.0,0.0,36,0.0,0.0,0.0,0.0,0.0,0.0,,,1,2026-08-18T22:11:58.441699+00:00,False,,,,,,,0.0,0.0,0.0,C,,,Raw 4.840; source/category adjustment -0.031; posterior 4.778; uncertainty -0.000 (empirical_history); evidence -0.030; final 4.748.
a5fd00cbb0afcd995cd2ef90,Air Fryer Apple Crisp,airfryingfoodie.com,airfryingfoodie.com,https://airfryingfoodie.com/air-fryer-apple-crisp/,4.84,6,0.031006913164291352,4.6914700849912565,4.8089930868357085,4.77842557630284,0.0,empirical_history,0.030000000000000006,4.748425576302839,0.65,schema_only,Becky,Desserts,,0.0,2026-08-18T22:11:58.441699+00:00,622,0.9853059405465326,0.9574271077563381,619,622,0.0,0.0,36,0.0,0.0,0.0,0.0,0.0,0.0,,,1,2026-08-18T22:11:58.441699+00:00,False,,,,,,,0.0,0.0,0.0,C,,,Raw 4.840; source/category adjustment -0.031; posterior 4.778; uncertainty -0.000 (empirical_history); evidence -0.030; final 4.748.
c3df69f5c246b221edc2db2c,Air Fryer Ham and Potato Casserole,airfryingfoodie.com,airfryingfoodie.com,https://airfryingfoodie.com/air-fryer-ham-and-potato-casserole/,4.84,6,0.031006913164291352,4.792485653088397,4.8089930868357085,4.77842557630284,0.0,empirical_history,0.030000000000000006,4.748425576302839,0.65,schema_only,Becky,Potatoes | Vegetables | Pork,,0.0,2026-08-18T23:34:22.619805+00:00,623,0.9853284576148644,0.9574271077563381,620,623,0.0,0.0,36,,,,,,,,,0,,False,,,,,,,,,,C,,,Raw 4.840; source/category adjustment -0.031; posterior 4.778; uncertainty -0.000 (empirical_history); evidence -0.030; final 4.748.
eef1e95828684e89d2ee74bb,Air Fryer Breakfast Potatoes,airfryingfoodie.com,airfryingfoodie.com,https://airfryingfoodie.com/air-fryer-breakfast-potatoes/,4.84,6,0.031006913164291352,4.7589048783619035,4.8089930868357085,4.77842557630284,0.0,empirical_history,0.030000000000000006,4.748425576302839,0.65,schema_only,Becky,Potatoes | Breakfast,,0.0,2026-08-18T22:11:58.441699+00:00,624,0.9853509057788061,0.9574271077563381,621,624,0.0,0.0,36,0.0,0.0,0.0,0.0,0.0,0.0,,,1,2026-08-18T22:11:58.441699+00:00,False,,,,,,,0.0,0.0,0.0,C,,,Raw 4.840; source/category adjustment -0.031; posterior 4.778; uncertainty -0.000 (empirical_history); evidence -0.030; final 4.748.
b05b57ef8d21833bfee7f0d2,Air Fryer Peach Glazed Chicken,airfryingfoodie.com,airfryingfoodie.com,https://airfryingfoodie.com/air-fryer-peach-glazed-chicken/,4.84,6,0.031006913164291352,4.803035731606181,4.8089930868357085,4.77842557630284,0.0,empirical_history,0.030000000000000006,4.748425576302839,0.65,schema_only,Becky,Chicken,,0.0,2026-08-19T00:34:06.688272+00:00,625,0.9853732853541552,0.9574271077563381,622,625,0.0,0.0,36,,,,,,,,,0,,False,,,,,,,,,,C,,,Raw 4.840; source/category adjustment -0.031; posterior 4.778; uncertainty -0.000 (empirical_history); evidence -0.030; final 4.748.
ac8baf86094bd6358c238c98,Air Fryer Artichokes with Feta Yogurt Dip,therealfooddietitians.com,therealfooddietitians.com,https://therealfooddietitians.com/air-fryer-artichokes/,5.0,1,0.05344443959910739,4.774757475038895,4.946555560400893,4.778126064947953,0.0,empirical_history,0.030000000000000006,4.748126064947953,0.65,schema_only,Jessica Beacom,,,0.0,2026-08-18T22:11:58.441699+00:00,626,0.9875184911512705,0.816496580927726,625,627,0.0,0.0,36,,,,,,,,,0,,False,,,,,,,0.0,0.0,0.0,C,,,Raw 5.000; source/category adjustment -0.053; posterior 4.778; uncertainty -0.000 (empirical_history); evidence -0.030; final 4.748.
bf46f4a695d778bfeaed75d6,Keto Air Fryer Salmon Cakes with Sriracha Mayo,allrecipes.com,allrecipes.com,https://www.allrecipes.com/recipe/277315/keto-air-fryer-salmon-cakes-with-sriracha-mayo/,4.7,10,-0.09393325178093598,4.752685637891214,4.7939332517809365,4.777953437829235,0.0,empirical_history,0.030000000000000006,4.747953437829235,0.65,schema_only,France Cevallos,Desserts | Seafood | Breakfast,,0.0,2026-08-18T22:11:58.441699+00:00,627,0.9875375420918735,0.816496580927726,626,628,0.0,0.0,36,0.0,0.0,0.0,0.0,0.0,0.0,,,1,2026-08-18T22:11:58.441699+00:00,False,,,,,,,0.0,0.0,0.0,C,,,Raw 4.700; source/category adjustment +0.094; posterior 4.778; uncertainty -0.000 (empirical_history); evidence -0.030; final 4.748.
18020ccd8a72a8c66b56c95d,Air Fryer Turkey Burgers,kristineskitchenblog.com,kristineskitchenblog.com,https://kristineskitchenblog.com/air-fryer-turkey-burgers/,5.0,1,0.07454650890542386,4.766667445400813,4.925453491094576,4.777712298883124,0.0,empirical_history,0.030000000000000006,4.7477122988831235,0.65,schema_only,,Beef,,0.0,2026-08-18T22:11:58.441699+00:00,628,0.9875565349649428,0.816496580927726,627,629,0.0,0.0,36,,,,,,,,,0,,False,,,,,,,0.0,0.0,0.0,C,,,Raw 5.000; source/category adjustment -0.075; posterior 4.778; uncertainty -0.000 (empirical_history); evidence -0.030; final 4.748.
8821a24972f657236f1f2193,How to Reheat Pizza in an Air Fryer,kristineskitchenblog.com,kristineskitchenblog.com,https://kristineskitchenblog.com/how-to-reheat-pizza-in-an-air-fryer/,5.0,1,0.07454650890542386,4.774757475038895,4.925453491094576,4.777712298883124,0.0,empirical_history,0.030000000000000006,4.7477122988831235,0.65,schema_only,,,,0.0,2026-08-18T22:11:58.441699+00:00,629,0.9875754700355606,0.816496580927726,628,630,0.0,0.0,36,,,,,,,,,0,,False,,,,,,,0.0,0.0,0.0,C,,,Raw 5.000; source/category adjustment -0.075; posterior 4.778; uncertainty -0.000 (empirical_history); evidence -0.030; final 4.748.
14548f4093c2c660b4b77ec6,Air Fryer Poached Eggs,airfryingfoodie.com,airfryingfoodie.com,https://airfryingfoodie.com/air-fryer-poached-eggs/,4.82,11,0.031006913164291352,4.7227676693571965,4.788993086835709,4.777324552576025,0.0,empirical_history,0.030000000000000006,4.747324552576025,0.65,schema_only,Becky,Breakfast,,0.0,2026-08-19T00:34:06.688272+00:00,630,0.9875943475671974,0.816496580927726,629,631,0.0,0.0,36,,,,,,,,,0,,False,,,,,,,,,,C,,,Raw 4.820; source/category adjustment -0.031; posterior 4.777; uncertainty -0.000 (empirical_history); evidence -0.030; final 4.747.
e9185fe2df708c42986c88e7,Air Fryer Chicken Tenders,pinchofyum.com,pinchofyum.com,https://pinchofyum.com/air-fryer-chicken-tenders,4.8,12,0.01228737174583198,4.762901700481689,4.787712628254168,4.7772649240483025,0.0,empirical_history,0.030000000000000006,4.747264924048302,0.65,schema_only,Lindsay Ostrom,Chicken | Breakfast,,0.0,2026-08-18T22:11:58.441699+00:00,631,0.9876131678217259,0.816496580927726,630,632,0.0,0.0,36,,,,,,,,,0,,False,,,,,,,0.0,0.0,0.0,C,,,Raw 4.800; source/category adjustment -0.012; posterior 4.777; uncertainty -0.000 (empirical_history); evidence -0.030; final 4.747.
7673538f215ad02e488523ab,Air Fryer Jalapeno Popper Pinwheels,allrecipes.com,allrecipes.com,https://www.allrecipes.com/air-fryer-jalapeno-popper-pinwheels-recipe-11860329,4.7,6,-0.09393325178093598,4.774757475038895,4.7939332517809365,4.776812022546971,0.0,empirical_history,0.030000000000000006,4.746812022546971,0.65,schema_only,Nicole McLaughlin,,,0.0,2026-08-18T22:11:58.441699+00:00,632,0.9876319310594314,0.816496580927726,631,633,0.0,0.0,36,,,,,,,,,0,,False,,,,,,,0.0,0.0,0.0,C,,,Raw 4.700; source/category adjustment +0.094; posterior 4.777; uncertainty -0.000 (empirical_history); evidence -0.030; final 4.747.
cdb7e9f7eafc85c3f8acefbc,Air Fryer Kielbasa Bites,allrecipes.com,allrecipes.com,https://www.allrecipes.com/air-fryer-kielbasa-bites-recipe-11882494,4.7,3,-0.09393325178093598,4.758187048404386,4.7939332517809365,4.7758428963639155,0.0,empirical_history,0.030000000000000006,4.745842896363915,0.65,schema_only,Pat Bernitt,Desserts | Pork | Snacks,,0.0,2026-08-18T22:11:58.441699+00:00,633,0.9876506375390244,0.816496580927726,632,634,0.0,0.0,36,,,,,,,,,0,,False,,,,,,,0.0,0.0,0.0,C,,,Raw 4.700; source/category adjustment +0.094; posterior 4.776; uncertainty -0.000 (empirical_history); evidence -0.030; final 4.746.
3ea9592df5e050f6093e0f8b,Crispy Air Fryer Chicken Wings,budgetbytes.com,budgetbytes.com,https://www.budgetbytes.com/crispy-air-fryer-chicken-wings/,4.75,8,-0.02946317703434832,4.803035731606181,4.779463177034349,4.775406537383095,0.0,empirical_history,0.030000000000000006,4.7454065373830945,0.65,schema_only,,Chicken,,0.0,2026-08-18T22:11:58.441699+00:00,634,0.987669287517653,0.816496580927726,633,635,0.0,0.0,36,,,,,,,,,0,,False,,,,,,,0.0,0.0,0.0,C,,,Raw 4.750; source/category adjustment +0.029; posterior 4.775; uncertainty -0.000 (empirical_history); evidence -0.030; final 4.745.
7567ca3c9b9b203049d345e2,Air Fryer Grilled Cheese,budgetbytes.com,budgetbytes.com,https://www.budgetbytes.com/air-fryer-grilled-cheese/,4.75,4,-0.02946317703434832,4.774757475038895,4.779463177034349,4.775106045557076,0.0,empirical_history,0.030000000000000006,4.745106045557076,0.65,schema_only,,,,0.0,2026-08-18T22:11:58.441699+00:00,635,0.9876878812509142,0.816496580927726,634,636,0.0,0.0,36,,,,,,,,,0,,False,,,,,,,0.0,0.0,0.0,C,,,Raw 4.750; source/category adjustment +0.029; posterior 4.775; uncertainty -0.000 (empirical_history); evidence -0.030; final 4.745.
987ec639eff9bc296781cc9f,Air Fryer Bacon,budgetbytes.com,budgetbytes.com,https://www.budgetbytes.com/air-fryer-bacon/,4.75,4,-0.02946317703434832,4.761077057433891,4.779463177034349,4.775106045557076,0.0,empirical_history,0.030000000000000006,4.745106045557076,0.65,schema_only,,Pork | Breakfast,,0.0,2026-08-18T22:11:58.441699+00:00,636,0.9877064189928652,0.816496580927726,635,637,0.0,0.0,36,,,,,,,,,0,,False,,,,,,,0.0,0.0,0.0,C,,,Raw 4.750; source/category adjustment +0.029; posterior 4.775; uncertainty -0.000 (empirical_history); evidence -0.030; final 4.745.
425baa13ee3298f149039a31,Air Fryer Hand Pies,therecipecritic.com,therecipecritic.com,https://therecipecritic.com/air-fryer-hand-pies/,4.75,4,-0.022842017616082927,4.707118877174226,4.772842017616083,4.774615589303872,0.0,empirical_history,0.030000000000000006,4.744615589303872,0.65,schema_only,,Desserts | Breakfast,,0.0,2026-08-18T22:11:58.441699+00:00,637,0.9877249009960359,0.816496580927726,636,638,0.0,0.0,36,,,,,,,,,0,,False,,,,,,,0.0,0.0,0.0,C,,,Raw 4.750; source/category adjustment +0.023; posterior 4.775; uncertainty -0.000 (empirical_history); evidence -0.030; final 4.745.
20d8bcf26aadebf1bdee5033,Air Fryer Blueberry Crisp,airfryingfoodie.com,airfryingfoodie.com,https://airfryingfoodie.com/air-fryer-blueberry-crisp/,4.8,5,0.031006913164291352,4.774757475038895,4.768993086835708,4.774233439747696,0.0,empirical_history,0.030000000000000006,4.7442334397476955,0.65,schema_only,Becky,,,0.0,2026-08-18T22:11:58.441699+00:00,638,0.9877433275114398,0.816496580927726,637,639,0.0,0.0,36,0.0,0.0,0.0,0.0,0.0,0.0,,,1,2026-08-18T22:11:58.441699+00:00,False,,,,,,,0.0,0.0,0.0,C,,,Raw 4.800; source/category adjustment -0.031; posterior 4.774; uncertainty -0.000 (empirical_history); evidence -0.030; final 4.744.
32d2ba42dc3777e174dc1fb8,Easy Air Fryer Latkes,airfryingfoodie.com,airfryingfoodie.com,https://airfryingfoodie.com/air-fryer-latkes/,4.8,5,0.031006913164291352,4.7589048783619035,4.768993086835708,4.774233439747696,0.0,empirical_history,0.030000000000000006,4.7442334397476955,0.65,schema_only,Jen,Potatoes | Breakfast,,0.0,2026-08-18T23:34:22.619805+00:00,639,0.987761698788585,0.816496580927726,638,640,0.0,0.0,36,,,,,,,,,0,,False,,,,,,,,,,C,,,Raw 4.800; source/category adjustment -0.031; posterior 4.774; uncertainty -0.000 (empirical_history); evidence -0.030; final 4.744.
652ec1675efa5be74ea1994e,Air Fryer Meatballs,airfryingfoodie.com,airfryingfoodie.com,https://airfryingfoodie.com/air-fryer-meatballs/,4.8,5,0.031006913164291352,4.744717557379005,4.768993086835708,4.774233439747696,0.0,empirical_history,0.030000000000000006,4.7442334397476955,0.65,schema_only,Becky,Beef | Breakfast,,0.0,2026-08-18T23:34:22.619805+00:00,640,0.9877800150754867,0.816496580927726,639,641,0.0,0.0,36,,,,,,,,,0,,False,,,,,,,,,,C,,,Raw 4.800; source/category adjustment -0.031; posterior 4.774; uncertainty -0.000 (empirical_history); evidence -0.030; final 4.744.
879a2bdbcde6b65dd5c654e0,Air Fryer Grilled Cheese Roll Ups,airfryingfoodie.com,airfryingfoodie.com,https://airfryingfoodie.com/air-fryer-grilled-cheese-roll-ups/,4.8,5,0.031006913164291352,4.774757475038895,4.768993086835708,4.774233439747696,0.0,empirical_history,0.030000000000000006,4.7442334397476955,0.65,schema_only,Jen,,,0.0,2026-08-18T21:44:52.082063+00:00,641,0.9877982766186769,0.816496580927726,640,642,0.0,0.0,36,,,,,,,,,0,,False,,,,,,,,,,C,,,Raw 4.800; source/category adjustment -0.031; posterior 4.774; uncertainty -0.000 (empirical_history); evidence -0.030; final 4.744.
cee38a3acf319dcb773c910d,Air Fryer Frozen French Fries,airfryingfoodie.com,airfryingfoodie.com,https://airfryingfoodie.com/air-fryer-frozen-french-fries/,4.8,5,0.031006913164291352,4.789373351038963,4.768993086835708,4.774233439747696,0.0,empirical_history,0.030000000000000006,4.7442334397476955,0.65,schema_only,Jen,Potatoes | Snacks,,0.0,2026-08-18T21:44:52.082063+00:00,642,0.9878164836632165,0.816496580927726,641,643,0.0,0.0,36,,,,,,,,,0,,False,,,,,,,,,,C,,,Raw 4.800; source/category adjustment -0.031; posterior 4.774; uncertainty -0.000 (empirical_history); evidence -0.030; final 4.744.
e4817a0be6e62fc1926bca29,Air Fryer Apple Hand Pies,airfryingfoodie.com,airfryingfoodie.com,https://airfryingfoodie.com/air-fryer-apple-hand-pies/,4.8,5,0.031006913164291352,4.707118877174226,4.768993086835708,4.774233439747696,0.0,empirical_history,0.030000000000000006,4.7442334397476955,0.65,schema_only,Becky,Desserts | Breakfast,,0.0,2026-08-18T22:11:58.441699+00:00,643,0.9878346364527055,0.816496580927726,642,644,0.0,0.0,36,0.0,0.0,0.0,0.0,0.0,0.0,,,1,2026-08-18T22:11:58.441699+00:00,False,,,,,,,0.0,0.0,0.0,C,,,Raw 4.800; source/category adjustment -0.031; posterior 4.774; uncertainty -0.000 (empirical_history); evidence -0.030; final 4.744.
5794d51b6dae28974f53cd23,Air Fryer Pistachio Crusted Chicken,airfryingfoodie.com,airfryingfoodie.com,https://airfryingfoodie.com/air-fryer-pistachio-crusted-chicken/,4.8,5,0.031006913164291352,4.803035731606181,4.768993086835708,4.774233439747696,0.0,empirical_history,0.030000000000000006,4.7442334397476955,0.65,schema_only,Becky,Chicken,,0.0,2026-08-19T00:34:06.688272+00:00,644,0.9878527352292948,0.816496580927726,643,645,0.0,0.0,36,,,,,,,,,0,,False,,,,,,,,,,C,,,Raw 4.800; source/category adjustment -0.031; posterior 4.774; uncertainty -0.000 (empirical_history); evidence -0.030; final 4.744.
b4c8ec0722f26cd909e77b79,Air-Fryer Scallops,eatingwell.com,eatingwell.com,https://www.eatingwell.com/recipe/270221/air-fryer-scallops/,4.7,3,-0.05839540647617436,4.84381915932519,4.758395406476175,4.7738313202145894,0.0,empirical_history,0.030000000000000006,4.743831320214589,0.65,schema_only,Adam Hickman,Seafood,,0.0,2026-08-18T22:11:58.441699+00:00,645,0.987870780233696,0.816496580927726,644,646,0.0,0.0,36,,,,,,,,,0,,False,,,,,,,0.0,0.0,0.0,C,,,Raw 4.700; source/category adjustment +0.058; posterior 4.774; uncertainty -0.000 (empirical_history); evidence -0.030; final 4.744.
d7bb8b1810e04ecf452cf6a5,Air Fryer Bacon Wrapped Pork Tenderloin,skinnytaste.com,skinnytaste.com,https://www.skinnytaste.com/air-fryer-bacon-wrapped-pork-tenderloin/,4.83,47,0.057660045864427495,4.775063282157987,4.772339954135573,4.7735860989311,0.0,empirical_history,0.030000000000000006,4.743586098931099,0.65,schema_only,,Chicken | Pork | Breakfast,,0.0,2026-08-18T22:11:58.441699+00:00,646,0.9860413113555636,0.9428090415820634,645,648,0.0,0.0,36,,,,,,,,,0,,False,,,,,,,0.0,0.0,0.0,C,,,Raw 4.830; source/category adjustment -0.058; posterior 4.774; uncertainty -0.000 (empirical_history); evidence -0.030; final 4.744.
6e58d7f6029f9da47d3f56ac,Air Fryer Chicken Drumsticks Recipe,budgetbytes.com,budgetbytes.com,https://www.budgetbytes.com/air-fryer-chicken-drumsticks/,4.74,15,-0.02946317703434832,4.803035731606181,4.769463177034349,4.773535713960923,0.0,empirical_history,0.030000000000000006,4.743535713960923,0.65,schema_only,,Chicken,,0.0,2026-08-18T22:11:58.441699+00:00,647,0.9889487425556355,0.7453559924999299,646,648,0.0,0.0,36,,,,,,,,,0,,False,,,,,,,0.0,0.0,0.0,C,,,Raw 4.740; source/category adjustment +0.029; posterior 4.774; uncertainty -0.000 (empirical_history); evidence -0.030; final 4.744.
5033d06c32ff4ffb32a87fd9,Air-Fryer Salmon Cakes,eatingwell.com,eatingwell.com,https://www.eatingwell.com/recipe/270219/air-fryer-salmon-cakes/,4.7,6,-0.05839540647617436,4.752685637891214,4.758395406476175,4.773004396264318,0.0,empirical_history,0.030000000000000006,4.743004396264317,0.65,schema_only,Adam Hickman,Desserts | Seafood | Breakfast,,0.0,2026-08-18T22:11:58.441699+00:00,648,0.9929924977165397,0.4714045207910317,648,649,0.0,0.0,36,,,,,,,,,0,,False,,,,,,,0.0,0.0,0.0,C,,,Raw 4.700; source/category adjustment +0.058; posterior 4.773; uncertainty -0.000 (empirical_history); evidence -0.030; final 4.743.
e10a4a1eba077446f253309b,Air-Fryer Buffalo Wings,eatingwell.com,eatingwell.com,https://www.eatingwell.com/recipe/274220/air-fryer-buffalo-wings/,4.7,6,-0.05839540647617436,4.793032078997089,4.758395406476175,4.773004396264318,0.0,empirical_history,0.030000000000000006,4.743004396264317,0.65,schema_only,Robin Bashinsky,Chicken | Vegetables,,0.0,2026-08-18T22:11:58.441699+00:00,649,0.9930028990171111,0.4714045207910317,649,650,0.0,0.0,36,,,,,,,,,0,,False,,,,,,,0.0,0.0,0.0,C,,,Raw 4.700; source/category adjustment +0.058; posterior 4.773; uncertainty -0.000 (empirical_history); evidence -0.030; final 4.743.
e232f4264d6a79e33e7698d1,Air-Fryer Pork Tenderloin,eatingwell.com,eatingwell.com,https://www.eatingwell.com/recipe/7965890/air-fryer-pork-tenderloin/,4.7,6,-0.05839540647617436,4.801211088558382,4.758395406476175,4.773004396264318,0.0,empirical_history,0.030000000000000006,4.743004396264317,0.65,schema_only,Laura Kanya,Chicken | Pork,,0.0,2026-08-18T22:11:58.441699+00:00,650,0.9930132694859528,0.4714045207910317,650,651,0.0,0.0,36,,,,,,,,,0,,False,,,,,,,0.0,0.0,0.0,C,,,Raw 4.700; source/category adjustment +0.058; posterior 4.773; uncertainty -0.000 (empirical_history); evidence -0.030; final 4.743.
8a07a8ad7b6427581c2e48cc,Air Fryer Cod,airfryingfoodie.com,airfryingfoodie.com,https://airfryingfoodie.com/air-fryer-cod/,4.8,24,0.031006913164291352,4.84381915932519,4.768993086835708,4.772887943729753,0.0,empirical_history,0.030000000000000006,4.742887943729753,0.65,schema_only,Becky,Seafood,,0.0,2026-08-18T22:11:58.441699+00:00,651,0.9898626225837956,0.6871842709362768,651,653,0.0,0.0,36,0.0,0.0,0.0,0.0,0.0,0.0,,,1,2026-08-18T22:11:58.441699+00:00,False,,,,,,,0.0,0.0,0.0,C,,,Raw 4.800; source/category adjustment -0.031; posterior 4.773; uncertainty -0.000 (empirical_history); evidence -0.030; final 4.743.
cd8d03bb214ea390928a7171,Air Fryer Egg in a Basket,airfryingfoodie.com,airfryingfoodie.com,https://airfryingfoodie.com/air-fryer-eggs-in-a-basket/,4.8,29,0.031006913164291352,4.7227676693571965,4.768993086835708,4.77264143379975,0.0,empirical_history,0.030000000000000006,4.74264143379975,0.65,schema_only,Jen,Breakfast,,0.0,2026-08-18T21:44:52.082063+00:00,652,0.9879956095657436,0.816496580927726,652,654,0.0,0.0,36,,,,,,,,,0,,False,,,,,,,,,,C,,,Raw 4.800; source/category adjustment -0.031; posterior 4.773; uncertainty -0.000 (empirical_history); evidence -0.030; final 4.743.
89c0379123dce2b3a6d073f9,Air Fryer Chicken Drumsticks,thepioneerwoman.com,thepioneerwoman.com,https://www.thepioneerwoman.com/food-cooking/recipes/a63324932/air-fryer-chicken-drumsticks-recipe/,4.6,5,-0.15,4.793032078997089,4.75,4.772506795489904,0.0,empirical_history,0.030000000000000006,4.742506795489904,0.65,schema_only,Leah Perez,Chicken | Vegetables,,0.0,2026-08-18T22:11:58.441699+00:00,653,0.8986929025037008,7.586537784494028,652,670,0.0,0.0,36,,,,,,,,,0,,False,,,,,,,0.0,0.0,0.0,C,,,Raw 4.600; source/category adjustment +0.150; posterior 4.773; uncertainty -0.000 (empirical_history); evidence -0.030; final 4.743.
b599385ec532f8f1cf7a81ae,Air Fryer Meatloaf,airfryingfoodie.com,airfryingfoodie.com,https://airfryingfoodie.com/air-fryer-meatloaf/,4.8,34,0.031006913164291352,4.744717557379005,4.768993086835708,4.772424270289986,0.0,empirical_history,0.030000000000000006,4.742424270289986,0.65,schema_only,Becky,Beef | Breakfast,,0.0,2026-08-18T23:34:22.619805+00:00,654,0.989907289039861,0.6871842709362768,653,655,0.0,0.0,36,,,,,,,,,0,,False,,,,,,,,,,C,,,Raw 4.800; source/category adjustment -0.031; posterior 4.772; uncertainty -0.000 (empirical_history); evidence -0.030; final 4.742.
834e9e7a7de6df8a2ac72131,Air Fryer Zucchini Chips,spendwithpennies.com,spendwithpennies.com,https://www.spendwithpennies.com/air-fryer-zucchini-chips/,4.87,23,0.10301067989460772,4.763166903485503,4.766989320105393,4.772309974169435,0.0,empirical_history,0.030000000000000006,4.742309974169435,0.65,schema_only,,Vegetables | Breakfast | Snacks,,0.0,2026-08-18T22:11:58.441699+00:00,655,0.9499145107927213,3.559026084010437,648,656,0.0,0.0,36,,,,,,,,,0,,False,,,,,,,0.0,0.0,0.0,C,,,Raw 4.870; source/category adjustment -0.103; posterior 4.772; uncertainty -0.000 (empirical_history); evidence -0.030; final 4.742.
426d366479cee7f173435e9a,Air-Fryer Zucchini,eatingwell.com,eatingwell.com,https://www.eatingwell.com/recipe/7964531/air-fryer-zucchini/,4.7,13,-0.05839540647617436,4.783028426387997,4.758395406476175,4.771381175176746,0.0,empirical_history,0.030000000000000006,4.741381175176746,0.65,schema_only,Laura Kanya,Vegetables,,0.0,2026-08-18T22:11:58.441699+00:00,656,0.9744608940037773,1.7716909687891083,655,660,0.0,0.0,36,,,,,,,,,0,,False,,,,,,,0.0,0.0,0.0,C,,,Raw 4.700; source/category adjustment +0.058; posterior 4.771; uncertainty -0.000 (empirical_history); evidence -0.030; final 4.741.
db2238b7d1aa56bae2df7956,Air Fryer Butternut Squash,airfryingfoodie.com,airfryingfoodie.com,https://airfryingfoodie.com/air-fryer-butternut-squash/,4.8,80,0.031006913164291352,4.783028426387997,4.768993086835708,4.77121015922155,0.0,empirical_history,0.030000000000000006,4.741210159221549,0.65,schema_only,Becky,Vegetables,,0.0,2026-08-18T22:11:58.441699+00:00,657,0.9744976558928865,1.7716909687891083,655,660,0.0,0.0,36,0.0,0.0,0.0,0.0,0.0,0.0,,,1,2026-08-18T22:11:58.441699+00:00,False,,,,,,,0.0,0.0,0.0,B,,,Raw 4.800; source/category adjustment -0.031; posterior 4.771; uncertainty -0.000 (empirical_history); evidence -0.030; final 4.741.
875db806b9b879e399f34a8c,Air Fryer Cod Recipe,therealfooddietitians.com,therealfooddietitians.com,https://therealfooddietitians.com/air-fryer-cod/,4.8,8,0.05344443959910739,4.84381915932519,4.746555560400893,4.77086755577848,0.0,empirical_history,0.030000000000000006,4.74086755577848,0.65,schema_only,Stacie Hassing,Seafood,,0.0,2026-08-18T22:11:58.441699+00:00,658,0.9755441559126357,1.699673171197595,657,661,0.0,0.0,36,,,,,,,,,0,,False,,,,,,,0.0,0.0,0.0,C,,,Raw 4.800; source/category adjustment -0.053; posterior 4.771; uncertainty -0.000 (empirical_history); evidence -0.030; final 4.741.
3beecb40a352563319ce2402,Air Fryer Candied Bacon,airfryingfoodie.com,airfryingfoodie.com,https://airfryingfoodie.com/air-fryer-candied-bacon/,4.78,9,0.031006913164291352,4.761077057433891,4.748993086835709,4.770827314126544,0.0,empirical_history,0.030000000000000006,4.740827314126544,0.65,schema_only,Becky,Pork | Breakfast,,0.0,2026-08-18T22:11:58.441699+00:00,659,0.9755792937846586,1.699673171197595,658,662,0.0,0.0,36,0.0,0.0,0.0,0.0,0.0,0.0,,,1,2026-08-18T22:11:58.441699+00:00,False,,,,,,,0.0,0.0,0.0,C,,,Raw 4.780; source/category adjustment -0.031; posterior 4.771; uncertainty -0.000 (empirical_history); evidence -0.030; final 4.741.
858edcfee65a617926011d2d,Air Fryer Pork Tenderloin,airfryingfoodie.com,airfryingfoodie.com,https://airfryingfoodie.com/air-fryer-pork-tenderloin/,4.78,9,0.031006913164291352,4.801211088558382,4.748993086835709,4.770827314126544,0.0,empirical_history,0.030000000000000006,4.740827314126544,0.65,schema_only,Becky,Chicken | Pork,,0.0,2026-08-19T00:34:06.688272+00:00,660,0.9756143308301773,1.699673171197595,659,663,0.0,0.0,36,,,,,,,,,0,,False,,,,,,,,,,C,,,Raw 4.780; source/category adjustment -0.031; posterior 4.771; uncertainty -0.000 (empirical_history); evidence -0.030; final 4.741.
0a51c719f3fe355eb7e597cc,Air Fryer General Tso’s Chicken,airfryingfoodie.com,airfryingfoodie.com,https://airfryingfoodie.com/air-fryer-general-tsos-chicken/,4.75,4,0.031006913164291352,4.803035731606181,4.718993086835709,4.770626779616436,0.0,empirical_history,0.030000000000000006,4.740626779616436,0.65,schema_only,Becky,Chicken,,0.0,2026-08-18T21:44:52.082063+00:00,661,0.9756492674825452,1.699673171197595,660,664,0.0,0.0,36,,,,,,,,,0,,False,,,,,,,,,,C,,,Raw 4.750; source/category adjustment -0.031; posterior 4.771; uncertainty -0.000 (empirical_history); evidence -0.030; final 4.741.
53768aca2896540fb04a8b03,Air Fryer Blackened Salmon Bites,airfryingfoodie.com,airfryingfoodie.com,https://airfryingfoodie.com/air-fryer-blackened-salmon-bites/,4.75,4,0.031006913164291352,4.813761887018254,4.718993086835709,4.770626779616436,0.0,empirical_history,0.030000000000000006,4.740626779616436,0.65,schema_only,Jen,Seafood | Snacks,,0.0,2026-08-18T22:11:58.441699+00:00,662,0.9756841041726366,1.699673171197595,661,665,0.0,0.0,36,0.0,0.0,0.0,0.0,0.0,0.0,,,1,2026-08-18T22:11:58.441699+00:00,False,,,,,,,0.0,0.0,0.0,C,,,Raw 4.750; source/category adjustment -0.031; posterior 4.771; uncertainty -0.000 (empirical_history); evidence -0.030; final 4.741.
7c5be1b7f82055881ee4e698,Air Fryer Croutons,airfryingfoodie.com,airfryingfoodie.com,https://airfryingfoodie.com/air-fryer-croutons/,4.75,4,0.031006913164291352,4.774757475038895,4.718993086835709,4.770626779616436,0.0,empirical_history,0.030000000000000006,4.740626779616436,0.65,schema_only,Becky,,,0.0,2026-08-18T21:44:52.082063+00:00,663,0.9757188413288628,1.699673171197595,662,666,0.0,0.0,36,,,,,,,,,0,,False,,,,,,,,,,C,,,Raw 4.750; source/category adjustment -0.031; posterior 4.771; uncertainty -0.000 (empirical_history); evidence -0.030; final 4.741.
b035045a999ad2623769412a,Air Fryer Brownie Baked Alaska,airfryingfoodie.com,airfryingfoodie.com,https://airfryingfoodie.com/air-fryer-brownie-baked-alaska/,4.75,4,0.031006913164291352,4.707118877174226,4.718993086835709,4.770626779616436,0.0,empirical_history,0.030000000000000006,4.740626779616436,0.65,schema_only,Becky,Desserts | Breakfast,,0.0,2026-08-18T22:11:58.441699+00:00,664,0.9757534793771914,1.699673171197595,663,667,0.0,0.0,36,0.0,0.0,0.0,0.0,0.0,0.0,,,1,2026-08-18T22:11:58.441699+00:00,False,,,,,,,0.0,0.0,0.0,C,,,Raw 4.750; source/category adjustment -0.031; posterior 4.771; uncertainty -0.000 (empirical_history); evidence -0.030; final 4.741.
b31b3e13900b53cfea0ddf21,Air Fryer Broccoli and Carrots,airfryingfoodie.com,airfryingfoodie.com,https://airfryingfoodie.com/air-fryer-broccoli-and-carrots/,4.75,4,0.031006913164291352,4.783028426387997,4.718993086835709,4.770626779616436,0.0,empirical_history,0.030000000000000006,4.740626779616436,0.65,schema_only,Jen,Vegetables,,0.0,2026-08-18T22:11:58.441699+00:00,665,0.975788018741162,1.699673171197595,664,668,0.0,0.0,36,0.0,0.0,0.0,0.0,0.0,0.0,,,1,2026-08-18T22:11:58.441699+00:00,False,,,,,,,0.0,0.0,0.0,C,,,Raw 4.750; source/category adjustment -0.031; posterior 4.771; uncertainty -0.000 (empirical_history); evidence -0.030; final 4.741.
cc092f5685afae907e940a3d,Air Fryer Granola,airfryingfoodie.com,airfryingfoodie.com,https://airfryingfoodie.com/air-fryer-granola/,4.75,4,0.031006913164291352,4.737249255689626,4.718993086835709,4.770626779616436,0.0,empirical_history,0.030000000000000006,4.740626779616436,0.65,schema_only,Becky,Vegetables | Desserts,,0.0,2026-08-18T21:44:52.082063+00:00,666,0.9758224598419049,1.699673171197595,665,669,0.0,0.0,36,,,,,,,,,0,,False,,,,,,,,,,C,,,Raw 4.750; source/category adjustment -0.031; posterior 4.771; uncertainty -0.000 (empirical_history); evidence -0.030; final 4.741.
6801eb09a17c60f674cc4e67,Air Fryer French Fries,delish.com,delish.com,https://www.delish.com/cooking/recipe-ideas/a39980404/air-fryer-french-fries-recipe/,4.5,2,-0.15,4.789373351038963,4.65,4.769959110614321,0.0,empirical_history,0.030000000000000006,4.739959110614321,0.65,schema_only,Laura Rege,Potatoes | Snacks,,0.0,2026-08-18T22:11:58.441699+00:00,667,0.932157394843962,5.0,657,669,0.0,0.0,36,,,,,,,,,0,,False,,,,,,,0.0,0.0,0.0,C,,,Raw 4.500; source/category adjustment +0.150; posterior 4.770; uncertainty -0.000 (empirical_history); evidence -0.030; final 4.740.
92922544a21f5cf63f45b978,Air Fryer Salmon,thepioneerwoman.com,thepioneerwoman.com,https://www.thepioneerwoman.com/food-cooking/recipes/a44775880/air-fryer-salmon-recipe/,4.5,2,-0.15,4.84381915932519,4.65,4.769959110614321,0.0,empirical_history,0.030000000000000006,4.739959110614321,0.65,schema_only,Erin Merhar,Seafood,,0.0,2026-08-18T22:11:58.441699+00:00,668,0.9856733524355301,1.0,668,670,0.0,0.0,36,,,,,,,,,0,,False,,,,,,,0.0,0.0,0.0,C,,,Raw 4.500; source/category adjustment +0.150; posterior 4.770; uncertainty -0.000 (empirical_history); evidence -0.030; final 4.740.
e591e7d130edcff6ec5d5b8e,Air Fryer BBQ Chicken Drumsticks,delish.com,delish.com,https://www.delish.com/cooking/recipe-ideas/a39818077/air-fryer-bbq-chicken-recipe/,4.5,2,-0.15,4.803035731606181,4.65,4.769959110614321,0.0,empirical_history,0.030000000000000006,4.739959110614321,0.65,schema_only,Laura Rege,Chicken,,0.0,2026-08-18T22:11:58.441699+00:00,669,0.9264852988878743,5.467073155618908,658,671,0.0,0.0,36,,,,,,,,,0,,False,,,,,,,0.0,0.0,0.0,C,,,Raw 4.500; source/category adjustment +0.150; posterior 4.770; uncertainty -0.000 (empirical_history); evidence -0.030; final 4.740.
f0eea3fa966ce1e1b7498011,Air Fryer Pork Chops,thepioneerwoman.com,thepioneerwoman.com,https://www.thepioneerwoman.com/food-cooking/recipes/a37939747/air-fryer-pork-chops-recipe/,4.571429,7,-0.15,4.77239873407813,4.7214290000000005,4.7682083640692055,0.0,empirical_history,0.030000000000000006,4.738208364069205,0.65,schema_only,"Georgia Goode, Erin Merhar",Potatoes | Pork | Breakfast,,0.0,2026-08-18T22:11:58.441699+00:00,670,0.7405351532346951,24.1758603202083,671,724,0.0,0.0,36,,,,,,,,,0,,False,,,,,,,0.0,0.0,0.0,C,,,Raw 4.571; source/category adjustment +0.150; posterior 4.768; uncertainty -0.000 (empirical_history); evidence -0.030; final 4.738.
36f47d2d616ea903b6fd7845,Air Fryer Asparagus,downshiftology.com,downshiftology.com,https://downshiftology.com/recipes/air-fryer-asparagus/,4.75,4,0.06416115956762575,4.783028426387997,4.685838840432374,4.768170909512486,0.0,empirical_history,0.030000000000000006,4.738170909512486,0.65,schema_only,Lisa Bryan,Vegetables,,0.0,2026-08-18T22:11:58.441699+00:00,671,0.9586381094352329,2.9814239699997196,666,674,0.0,0.0,36,,,,,,,,,0,,False,,,,,,,0.0,0.0,0.0,C,,,Raw 4.750; source/category adjustment -0.064; posterior 4.768; uncertainty -0.000 (empirical_history); evidence -0.030; final 4.738.
25a717f3a5745d6a53ea52b2,Air Fryer Puff Pastry Churros,allrecipes.com,allrecipes.com,https://www.allrecipes.com/air-fryer-puff-pastry-churros-recipe-11959195,4.5,2,-0.09393325178093598,4.6914700849912565,4.593933251780936,4.76780269722128,0.0,empirical_history,0.030000000000000006,4.73780269722128,0.65,schema_only,Natalie Gravois,Desserts,,0.0,2026-08-18T22:11:58.441699+00:00,672,0.975914856723003,1.707825127659933,671,676,0.0,0.0,36,0.0,0.0,0.0,0.0,0.0,0.0,,,1,2026-08-18T22:11:58.441699+00:00,False,,,,,,,0.0,0.0,0.0,C,,,Raw 4.500; source/category adjustment +0.094; posterior 4.768; uncertainty -0.000 (empirical_history); evidence -0.030; final 4.738.
408b6c80535c6a4f7b0a7478,Crispy Air Fryer Crab Rangoon Rolls,allrecipes.com,allrecipes.com,https://www.allrecipes.com/crispy-air-fryer-crab-rangoon-rolls-recipe-12018314,4.5,2,-0.09393325178093598,4.7227676693571965,4.593933251780936,4.76780269722128,0.0,empirical_history,0.030000000000000006,4.73780269722128,0.65,schema_only,Diana Moutsopoulos,Breakfast,,0.0,2026-08-18T22:11:58.441699+00:00,673,0.975948775721696,1.707825127659933,672,677,0.0,0.0,36,0.0,0.0,0.0,0.0,0.0,0.0,,,1,2026-08-18T22:11:58.441699+00:00,False,,,,,,,0.0,0.0,0.0,C,,,Raw 4.500; source/category adjustment +0.094; posterior 4.768; uncertainty -0.000 (empirical_history); evidence -0.030; final 4.738.
72265cbc305d42094fc30401,Air Fryer Banana Peppers,allrecipes.com,allrecipes.com,https://www.allrecipes.com/air-fryer-banana-peppers-recipe-11967461,4.5,2,-0.09393325178093598,4.774757475038895,4.593933251780936,4.76780269722128,0.0,empirical_history,0.030000000000000006,4.73780269722128,0.65,schema_only,Nicole Russell,,,0.0,2026-08-18T22:11:58.441699+00:00,674,0.9759825993187969,1.707825127659933,673,678,0.0,0.0,36,0.0,0.0,0.0,0.0,0.0,0.0,,,1,2026-08-18T22:11:58.441699+00:00,False,,,,,,,0.0,0.0,0.0,C,,,Raw 4.500; source/category adjustment +0.094; posterior 4.768; uncertainty -0.000 (empirical_history); evidence -0.030; final 4.738.
2b28fee1a6b105ddc0d7ab53,Air Fryer Chicken Wings,natashaskitchen.com,natashaskitchen.com,https://natashaskitchen.com/air-fryer-chicken-wings/,4.99,1028,0.06611594762002528,4.803035731606181,4.923884052379975,4.9169672352491265,0.1492405014489273,theoretical_max_variance,0.030000000000000006,4.737726733800199,0.65,schema_only,,Chicken,,0.0,2026-08-18T22:11:58.441699+00:00,675,0.8378592399729007,13.449494001221343,666,697,0.0,0.0,36,,,,,,,,,0,,False,,,,,,,0.0,0.0,0.0,B,,,Raw 4.990; source/category adjustment -0.066; posterior 4.917; uncertainty -0.149 (theoretical_max_variance); evidence -0.030; final 4.738.
cfb8ca0f93c1859ea49724af,Air Fryer Salmon,delish.com,delish.com,https://www.delish.com/cooking/recipe-ideas/a28141940/air-fryer-salmon-recipe/,4.6,20,-0.15,4.84381915932519,4.75,4.767683910742067,0.0,empirical_history,0.030000000000000006,4.737683910742067,0.65,schema_only,Lauren Miyashiro,Seafood,,0.0,2026-08-18T22:11:58.441699+00:00,676,0.2839385929991677,175.52342357139182,332,777,0.0,0.0,36,,,,,,,,,0,,False,,,,,,,0.0,0.0,0.0,C,,,Raw 4.600; source/category adjustment +0.150; posterior 4.768; uncertainty -0.000 (empirical_history); evidence -0.030; final 4.738.
3d6d08e98b10afdd5abcfb7f,Air Fryer Cauliflower,wellplated.com,wellplated.com,https://www.wellplated.com/air-fryer-cauliflower/,4.73,11,-0.005312738771879698,4.783366520549657,4.7353127387718805,4.767644489810417,0.0,empirical_history,0.030000000000000006,4.737644489810417,0.65,schema_only,,Vegetables | Snacks,,0.0,2026-08-18T22:11:58.441699+00:00,677,0.9789325842696629,1.5,672,677,0.0,0.0,36,,,,,,,,,0,,False,,,,,,,0.0,0.0,0.0,C,,,Raw 4.730; source/category adjustment +0.005; posterior 4.768; uncertainty -0.000 (empirical_history); evidence -0.030; final 4.738.
df5757d66d58254a72bf6cfa,Air Fryer 2-Ingredient Mozzarella Sticks,allrecipes.com,allrecipes.com,https://www.allrecipes.com/air-fryer-2-ingredient-mozzarella-sticks-recipe-11944408,4.6,5,-0.09393325178093598,4.774757475038895,4.693933251780936,4.76740981837908,0.0,empirical_history,0.030000000000000006,4.73740981837908,0.65,schema_only,Nicole McLaughlin,,,0.0,2026-08-18T22:11:58.441699+00:00,678,0.9811127416351423,1.3437096247164249,675,679,0.0,0.0,36,0.0,0.0,0.0,0.0,0.0,0.0,,,1,2026-08-18T22:11:58.441699+00:00,False,,,,,,,0.0,0.0,0.0,C,,,Raw 4.600; source/category adjustment +0.094; posterior 4.767; uncertainty -0.000 (empirical_history); evidence -0.030; final 4.737.
04bb100134bd03b5d3290473,Air Fryer Fish and Chips,airfryingfoodie.com,airfryingfoodie.com,https://airfryingfoodie.com/air-fryer-fish-and-chips/,4.67,3,0.031006913164291352,4.7834304811312345,4.6389930868357085,4.767072698348148,0.0,empirical_history,0.030000000000000006,4.737072698348148,0.65,schema_only,Jen,Seafood | Breakfast | Snacks,,0.0,2026-08-18T21:44:52.082063+00:00,679,0.9728495191234434,1.9507833184532708,676,682,0.0,0.0,36,,,,,,,,,0,,False,,,,,,,,,,C,,,Raw 4.670; source/category adjustment -0.031; posterior 4.767; uncertainty -0.000 (empirical_history); evidence -0.030; final 4.737.
06b4e7102e710cd5fcd876e4,Air Fryer Kielbasa,airfryingfoodie.com,airfryingfoodie.com,https://airfryingfoodie.com/air-fryer-kielbasa/,4.67,3,0.031006913164291352,4.774757475038895,4.6389930868357085,4.767072698348148,0.0,empirical_history,0.030000000000000006,4.737072698348148,0.65,schema_only,Becky,,,0.0,2026-08-18T23:34:22.619805+00:00,680,0.9728872539188472,1.9507833184532708,677,683,0.0,0.0,36,,,,,,,,,0,,False,,,,,,,,,,C,,,Raw 4.670; source/category adjustment -0.031; posterior 4.767; uncertainty -0.000 (empirical_history); evidence -0.030; final 4.737.
20978f36e87b19bf97192330,Air Fryer Breakfast Pizza,airfryingfoodie.com,airfryingfoodie.com,https://airfryingfoodie.com/air-fryer-breakfast-pizza/,4.67,3,0.031006913164291352,4.761077057433891,4.6389930868357085,4.767072698348148,0.0,empirical_history,0.030000000000000006,4.737072698348148,0.65,schema_only,Jen,Pork | Breakfast,,0.0,2026-08-18T22:11:58.441699+00:00,681,0.9729248839692539,1.9507833184532708,678,684,0.0,0.0,36,0.0,0.0,0.0,0.0,0.0,0.0,,,1,2026-08-18T22:11:58.441699+00:00,False,,,,,,,0.0,0.0,0.0,C,,,Raw 4.670; source/category adjustment -0.031; posterior 4.767; uncertainty -0.000 (empirical_history); evidence -0.030; final 4.737.
40a06e1a64c29365caec81ab,Air Fryer Frog Legs,airfryingfoodie.com,airfryingfoodie.com,https://airfryingfoodie.com/air-fryer-frog-legs/,4.67,3,0.031006913164291352,4.774757475038895,4.6389930868357085,4.767072698348148,0.0,empirical_history,0.030000000000000006,4.737072698348148,0.65,schema_only,Becky,,,0.0,2026-08-18T21:44:52.082063+00:00,682,0.972962409710189,1.9507833184532708,679,685,0.0,0.0,36,,,,,,,,,0,,False,,,,,,,,,,C,,,Raw 4.670; source/category adjustment -0.031; posterior 4.767; uncertainty -0.000 (empirical_history); evidence -0.030; final 4.737.
6da4be3b1a7ad0c55cbf11c1,Air Fryer Nachos,airfryingfoodie.com,airfryingfoodie.com,https://airfryingfoodie.com/air-fryer-nachos/,4.67,3,0.031006913164291352,4.783252835207571,4.6389930868357085,4.767072698348148,0.0,empirical_history,0.030000000000000006,4.737072698348148,0.65,schema_only,Becky,Beef | Pork | Snacks,,0.0,2026-08-18T23:34:22.619805+00:00,683,0.9729998315747668,1.9507833184532708,680,686,0.0,0.0,36,,,,,,,,,0,,False,,,,,,,,,,C,,,Raw 4.670; source/category adjustment -0.031; posterior 4.767; uncertainty -0.000 (empirical_history); evidence -0.030; final 4.737.
9fb6b2fc93754884c89c60ec,Air Fryer BBQ Chicken Pizza Rolls,airfryingfoodie.com,airfryingfoodie.com,https://airfryingfoodie.com/air-fryer-bbq-chicken-pizza-rolls/,4.67,3,0.031006913164291352,4.775063282157987,4.6389930868357085,4.767072698348148,0.0,empirical_history,0.030000000000000006,4.737072698348148,0.65,schema_only,Becky,Chicken | Pork | Breakfast,,0.0,2026-08-18T22:11:58.441699+00:00,684,0.9730371499937067,1.9507833184532708,681,687,0.0,0.0,36,0.0,0.0,0.0,0.0,0.0,0.0,,,1,2026-08-18T22:11:58.441699+00:00,False,,,,,,,0.0,0.0,0.0,C,,,Raw 4.670; source/category adjustment -0.031; posterior 4.767; uncertainty -0.000 (empirical_history); evidence -0.030; final 4.737.
adbef249bd34b12db7c30c46,Air Fried Cadbury Eggs,airfryingfoodie.com,airfryingfoodie.com,https://airfryingfoodie.com/air-fried-cadbury-eggs/,4.67,3,0.031006913164291352,4.7227676693571965,4.6389930868357085,4.767072698348148,0.0,empirical_history,0.030000000000000006,4.737072698348148,0.65,schema_only,Becky,Breakfast,,0.0,2026-08-18T22:11:58.441699+00:00,685,0.9730743653953511,1.9507833184532708,682,688,0.0,0.0,36,0.0,0.0,0.0,0.0,0.0,0.0,,,1,2026-08-18T22:11:58.441699+00:00,False,,,,,,,0.0,0.0,0.0,C,,,Raw 4.670; source/category adjustment -0.031; posterior 4.767; uncertainty -0.000 (empirical_history); evidence -0.030; final 4.737.
b4ca8469b4043eb4447f234e,Air Fryer Bacon Wrapped Chicken Bites,airfryingfoodie.com,airfryingfoodie.com,https://airfryingfoodie.com/air-fryer-bacon-wrapped-chicken-bites/,4.67,3,0.031006913164291352,4.77722361529632,4.6389930868357085,4.767072698348148,0.0,empirical_history,0.030000000000000006,4.737072698348148,0.65,schema_only,Jen,Chicken | Pork | Breakfast | Snacks,,0.0,2026-08-18T22:11:58.441699+00:00,686,0.9731114782056792,1.9507833184532708,683,689,0.0,0.0,36,0.0,0.0,0.0,0.0,0.0,0.0,,,1,2026-08-18T22:11:58.441699+00:00,False,,,,,,,0.0,0.0,0.0,C,,,Raw 4.670; source/category adjustment -0.031; posterior 4.767; uncertainty -0.000 (empirical_history); evidence -0.030; final 4.737.
b55f24dc2342d25e37882914,Mushrooms in Air Fryer,airfryingfoodie.com,airfryingfoodie.com,https://airfryingfoodie.com/air-fryer-fried-mushrooms/,4.67,3,0.031006913164291352,4.752898047872597,4.6389930868357085,4.767072698348148,0.0,empirical_history,0.030000000000000006,4.737072698348148,0.65,schema_only,Becky,Vegetables | Breakfast,,0.0,2026-08-18T21:44:52.082063+00:00,687,0.9731484888483264,1.9507833184532708,684,690,0.0,0.0,36,,,,,,,,,0,,False,,,,,,,,,,C,,,Raw 4.670; source/category adjustment -0.031; posterior 4.767; uncertainty -0.000 (empirical_history); evidence -0.030; final 4.737.
c01812784de080e273b35607,Air Fryer Blueberry Muffin Bites,airfryingfoodie.com,airfryingfoodie.com,https://airfryingfoodie.com/air-fryer-blueberry-muffin-bites/,4.67,3,0.031006913164291352,4.732647456353257,4.6389930868357085,4.767072698348148,0.0,empirical_history,0.030000000000000006,4.737072698348148,0.65,schema_only,Becky,Desserts | Breakfast | Snacks,,0.0,2026-08-18T22:11:58.441699+00:00,688,0.9731853977445978,1.9507833184532708,685,691,0.0,0.0,36,0.0,0.0,0.0,0.0,0.0,0.0,,,1,2026-08-18T22:11:58.441699+00:00,False,,,,,,,0.0,0.0,0.0,C,,,Raw 4.670; source/category adjustment -0.031; posterior 4.767; uncertainty -0.000 (empirical_history); evidence -0.030; final 4.737.
0701bfc3193e2eb8d4b89112,Air Fryer Pears,airfryingfoodie.com,airfryingfoodie.com,https://airfryingfoodie.com/air-fryer-pears/,4.67,3,0.031006913164291352,4.6914700849912565,4.6389930868357085,4.767072698348148,0.0,empirical_history,0.030000000000000006,4.737072698348148,0.65,schema_only,Becky,Desserts,,0.0,2026-08-19T00:34:06.688272+00:00,689,0.9732222053134859,1.9507833184532708,686,692,0.0,0.0,36,,,,,,,,,0,,False,,,,,,,,,,C,,,Raw 4.670; source/category adjustment -0.031; posterior 4.767; uncertainty -0.000 (empirical_history); evidence -0.030; final 4.737.
55acef288e7a3b090b2dd0e5,Air Fryer Pizookie,airfryingfoodie.com,airfryingfoodie.com,https://airfryingfoodie.com/air-fryer-pizookie/,4.67,3,0.031006913164291352,4.753236142034257,4.6389930868357085,4.767072698348148,0.0,empirical_history,0.030000000000000006,4.737072698348148,0.65,schema_only,Becky,Breakfast | Snacks,,0.0,2026-08-19T00:34:06.688272+00:00,690,0.9732589119716853,1.9507833184532708,687,693,0.0,0.0,36,,,,,,,,,0,,False,,,,,,,,,,C,,,Raw 4.670; source/category adjustment -0.031; posterior 4.767; uncertainty -0.000 (empirical_history); evidence -0.030; final 4.737.
ea3e2ba4b8cb6deb9bb90f74,Air Fryer Popcorn,airfryingfoodie.com,airfryingfoodie.com,https://airfryingfoodie.com/air-fryer-popcorn/,4.67,3,0.031006913164291352,4.774757475038895,4.6389930868357085,4.767072698348148,0.0,empirical_history,0.030000000000000006,4.737072698348148,0.65,schema_only,Becky,,,0.0,2026-08-19T00:34:06.688272+00:00,691,0.9732955181336094,1.9507833184532708,688,694,0.0,0.0,36,,,,,,,,,0,,False,,,,,,,,,,C,,,Raw 4.670; source/category adjustment -0.031; posterior 4.767; uncertainty -0.000 (empirical_history); evidence -0.030; final 4.737.
85220704daaf3fc08930f0ee,Air Fryer Chocolate Cheesecake,airfryingfoodie.com,airfryingfoodie.com,https://airfryingfoodie.com/air-fryer-chocolate-cheesecake/,4.75,8,0.031006913164291352,4.732647456353257,4.718993086835709,4.767065835286731,0.0,empirical_history,0.030000000000000006,4.737065835286731,0.65,schema_only,Becky,Desserts | Breakfast | Snacks,,0.0,2026-08-18T22:11:58.441699+00:00,692,0.9207500741935954,6.128258770283412,677,692,0.0,0.0,36,0.0,0.0,0.0,0.0,0.0,0.0,,,1,2026-08-18T22:11:58.441699+00:00,False,,,,,,,0.0,0.0,0.0,C,,,Raw 4.750; source/category adjustment -0.031; posterior 4.767; uncertainty -0.000 (empirical_history); evidence -0.030; final 4.737.
4a2b782a5bfd1faf1e86f192,Air Fryer Onion Rings,airfryingfoodie.com,airfryingfoodie.com,https://airfryingfoodie.com/air-fryer-onion-rings/,4.75,8,0.031006913164291352,4.7227676693571965,4.718993086835709,4.767065835286731,0.0,empirical_history,0.030000000000000006,4.737065835286731,0.65,schema_only,Becky,Breakfast,,0.0,2026-08-19T00:34:06.688272+00:00,693,0.9208524269096,6.128258770283412,678,693,0.0,0.0,36,,,,,,,,,0,,False,,,,,,,,,,C,,,Raw 4.750; source/category adjustment -0.031; posterior 4.767; uncertainty -0.000 (empirical_history); evidence -0.030; final 4.737.
c5a9a8c6fd2b87bc58900325,Air Fryer Bacon Wrapped Chicken Bites,skinnytaste.com,skinnytaste.com,https://www.skinnytaste.com/air-fryer-bacon-wrapped-chicken-bites/,4.78,9,0.057660045864427495,4.77722361529632,4.722339954135573,4.766761582019743,0.0,empirical_history,0.030000000000000006,4.736761582019743,0.65,schema_only,,Chicken | Pork | Breakfast | Snacks,,0.0,2026-08-18T22:11:58.441699+00:00,694,0.9815281674298906,1.3437096247164249,691,695,0.0,0.0,36,,,,,,,,,0,,False,,,,,,,0.0,0.0,0.0,C,,,Raw 4.780; source/category adjustment -0.058; posterior 4.767; uncertainty -0.000 (empirical_history); evidence -0.030; final 4.737.
61388b46397c130e2819b217,Air Fryer Salmon,budgetbytes.com,budgetbytes.com,https://www.budgetbytes.com/air-fryer-salmon/,4.67,6,-0.02946317703434832,4.84381915932519,4.699463177034349,4.766690228824122,0.0,empirical_history,0.030000000000000006,4.736690228824122,0.65,schema_only,,Seafood,,0.0,2026-08-18T22:11:58.441699+00:00,695,0.9815535256010561,1.3437096247164249,692,696,0.0,0.0,36,,,,,,,,,0,,False,,,,,,,0.0,0.0,0.0,C,,,Raw 4.670; source/category adjustment +0.029; posterior 4.767; uncertainty -0.000 (empirical_history); evidence -0.030; final 4.737.
9178365f70ded7dba9e36665,Air-Fryer Eggplant,eatingwell.com,eatingwell.com,https://www.eatingwell.com/recipe/7963313/air-fryer-eggplant/,4.5,2,-0.05839540647617436,4.752898047872597,4.5583954064761745,4.766435857017251,0.0,empirical_history,0.030000000000000006,4.736435857017251,0.65,schema_only,Hilary Meyer,Vegetables | Breakfast,,0.0,2026-08-18T22:11:58.441699+00:00,696,0.9815788142441672,1.3437096247164249,693,697,0.0,0.0,36,,,,,,,,,0,,False,,,,,,,0.0,0.0,0.0,C,,,Raw 4.500; source/category adjustment +0.058; posterior 4.766; uncertainty -0.000 (empirical_history); evidence -0.030; final 4.736.
d258d474c9a0c7c846daecbe,Air Fryer Pigs in a Blanket,airfryingfoodie.com,airfryingfoodie.com,https://airfryingfoodie.com/air-fryer-pigs-in-a-blanket/,4.77,17,0.031006913164291352,4.799386445510584,4.738993086835708,4.765682928778385,0.0,empirical_history,0.030000000000000006,4.735682928778385,0.65,schema_only,Jen,Pork,,0.0,2026-08-19T00:34:06.688272+00:00,697,0.9816040336447843,1.3437096247164249,695,698,0.0,0.0,36,,,,,,,,,0,,False,,,,,,,,,,C,,,Raw 4.770; source/category adjustment -0.031; posterior 4.766; uncertainty -0.000 (empirical_history); evidence -0.030; final 4.736.
6a8202d3261c2240a82514eb,Air Fryer Brussels Sprouts,delish.com,delish.com,https://www.delish.com/cooking/recipe-ideas/a35047084/air-fryer-brussels-sprouts-recipe/,4.5,4,-0.15,4.783028426387997,4.65,4.765516180591569,0.0,empirical_history,0.030000000000000006,4.735516180591569,0.65,schema_only,Makinze Gore,Vegetables,,0.0,2026-08-18T22:11:58.441699+00:00,698,0.7698646521521367,21.463146709340332,671,725,0.0,0.0,36,,,,,,,,,0,,False,,,,,,,0.0,0.0,0.0,C,,,Raw 4.500; source/category adjustment +0.150; posterior 4.766; uncertainty -0.000 (empirical_history); evidence -0.030; final 4.736.
866d89661259f3eb1776532a,Air Fryer Broccoli,loveandlemons.com,loveandlemons.com,https://www.loveandlemons.com/air-fryer-broccoli/,4.78,22,0.03562426953009911,4.783028426387997,4.744375730469901,4.765474164198369,0.0,empirical_history,0.030000000000000006,4.735474164198369,0.65,schema_only,"Jeanine Donofrio, Phoebe Moore",Vegetables,,0.0,2026-08-18T22:11:58.441699+00:00,699,0.9796880021370478,1.4907119849998598,696,700,0.0,0.0,36,,,,,,,,,0,,False,,,,,,,0.0,0.0,0.0,C,,,Raw 4.780; source/category adjustment -0.036; posterior 4.765; uncertainty -0.000 (empirical_history); evidence -0.030; final 4.735.
e78627f49362f4f740e83b63,Air Fryer Zucchini Chips,loveandlemons.com,loveandlemons.com,https://www.loveandlemons.com/air-fryer-zucchini-chips/,4.78,22,0.03562426953009911,4.763166903485503,4.744375730469901,4.765474164198369,0.0,empirical_history,0.030000000000000006,4.735474164198369,0.65,schema_only,"Jeanine Donofrio, Phoebe Moore",Vegetables | Breakfast | Snacks,,0.0,2026-08-18T22:11:58.441699+00:00,700,0.9797156410009454,1.4907119849998598,697,701,0.0,0.0,36,,,,,,,,,0,,False,,,,,,,0.0,0.0,0.0,C,,,Raw 4.780; source/category adjustment -0.036; posterior 4.765; uncertainty -0.000 (empirical_history); evidence -0.030; final 4.735.
3d13c95aac0e377a1413168a,Air Fryer Garlic Butter Hasselback Potatoes,therecipecritic.com,therecipecritic.com,https://therecipecritic.com/air-fryer-hasselback-potatoes/,4.5,2,-0.022842017616082927,4.7950420873666095,4.522842017616083,4.765068418984171,0.0,empirical_history,0.030000000000000006,4.735068418984171,0.65,schema_only,,Potatoes,,0.0,2026-08-18T22:11:58.441699+00:00,701,0.9722018655945298,2.0615528128088303,696,702,0.0,0.0,36,,,,,,,,,0,,False,,,,,,,0.0,0.0,0.0,C,,,Raw 4.500; source/category adjustment +0.023; posterior 4.765; uncertainty -0.000 (empirical_history); evidence -0.030; final 4.735.
b5300e023a527025105f98f8,Air Fryer Broccoli,feelgoodfoodie.net,feelgoodfoodie.net,https://feelgoodfoodie.net/recipe/air-fryer-broccoli/,4.8,10,0.08453302126560262,4.783028426387997,4.715466978734397,4.764875725654812,0.0,empirical_history,0.030000000000000006,4.7348757256548115,0.65,schema_only,,Vegetables,,0.0,2026-08-18T22:11:58.441699+00:00,702,0.9671867851846906,2.449489742783178,698,705,0.0,0.0,36,,,,,,,,,0,,False,,,,,,,0.0,0.0,0.0,C,,,Raw 4.800; source/category adjustment -0.085; posterior 4.765; uncertainty -0.000 (empirical_history); evidence -0.030; final 4.735.
03a5e60bce56c8de056f67b7,Air Fryer Calamari,allrecipes.com,allrecipes.com,https://www.allrecipes.com/recipe/280571/air-fryer-calamari/,4.6,7,-0.09393325178093598,4.7227676693571965,4.693933251780936,4.764831693235285,0.0,empirical_history,0.030000000000000006,4.734831693235285,0.65,schema_only,Soup Loving Nicole,Breakfast,,0.0,2026-08-18T22:11:58.441699+00:00,703,0.9796747967479675,1.5,699,703,0.0,0.0,36,,,,,,,,,0,,False,,,,,,,0.0,0.0,0.0,C,,,Raw 4.600; source/category adjustment +0.094; posterior 4.765; uncertainty -0.000 (empirical_history); evidence -0.030; final 4.735.
824ad7a2664a509f6358f5d8,Lumpia in the Air Fryer,allrecipes.com,allrecipes.com,https://www.allrecipes.com/recipe/270708/lumpia-in-the-air-fryer/,4.6,7,-0.09393325178093598,4.791207435949291,4.693933251780936,4.764831693235285,0.0,empirical_history,0.030000000000000006,4.734831693235285,0.65,schema_only,Yoly,Vegetables | Pork,,0.0,2026-08-18T22:11:58.441699+00:00,704,0.979702300405954,1.5,700,704,0.0,0.0,36,0.0,0.0,0.0,0.0,0.0,0.0,,,1,2026-08-18T22:11:58.441699+00:00,False,,,,,,,0.0,0.0,0.0,C,,,Raw 4.600; source/category adjustment +0.094; posterior 4.765; uncertainty -0.000 (empirical_history); evidence -0.030; final 4.735.
9f8304075d3c57870dce386c,Air Fryer Burgers,allrecipes.com,allrecipes.com,https://www.allrecipes.com/recipe/275251/air-fryer-burgers/,4.6,7,-0.09393325178093598,4.766667445400813,4.693933251780936,4.764831693235285,0.0,empirical_history,0.030000000000000006,4.734831693235285,0.65,schema_only,Louis Benson,Beef,,0.0,2026-08-18T22:11:58.441699+00:00,705,0.9797297297297297,1.5,701,705,0.0,0.0,36,,,,,,,,,0,,False,,,,,,,0.0,0.0,0.0,C,,,Raw 4.600; source/category adjustment +0.094; posterior 4.765; uncertainty -0.000 (empirical_history); evidence -0.030; final 4.735.
20f5fefc9f88217bae032c16,Air Fryer French Fries,airfryingfoodie.com,airfryingfoodie.com,https://airfryingfoodie.com/air-fryer-french-fries/,4.72,7,0.031006913164291352,4.789373351038963,4.688993086835708,4.764225006312187,0.0,empirical_history,0.030000000000000006,4.734225006312187,0.65,schema_only,Becky,Potatoes | Snacks,,0.0,2026-08-18T21:44:52.082063+00:00,706,0.9797570850202428,1.5,703,707,0.0,0.0,36,,,,,,,,,0,,False,,,,,,,,,,C,,,Raw 4.720; source/category adjustment -0.031; posterior 4.764; uncertainty -0.000 (empirical_history); evidence -0.030; final 4.734.
4c234fef3e969c6b294087d8,Air Fryer Cornish Hen Recipe,airfryingfoodie.com,airfryingfoodie.com,https://airfryingfoodie.com/air-fryer-cornish-game-hen/,4.72,7,0.031006913164291352,4.774757475038895,4.688993086835708,4.764225006312187,0.0,empirical_history,0.030000000000000006,4.734225006312187,0.65,schema_only,Becky,,,0.0,2026-08-18T22:11:58.441699+00:00,707,0.9797843665768193,1.5,704,708,0.0,0.0,36,0.0,0.0,0.0,0.0,0.0,0.0,,,1,2026-08-18T22:11:58.441699+00:00,False,,,,,,,0.0,0.0,0.0,C,,,Raw 4.720; source/category adjustment -0.031; posterior 4.764; uncertainty -0.000 (empirical_history); evidence -0.030; final 4.734.
6e2fc3e866bb03a8f98eae8c,Air Fried Oreos,airfryingfoodie.com,airfryingfoodie.com,https://airfryingfoodie.com/air-fried-oreos/,4.72,7,0.031006913164291352,4.774757475038895,4.688993086835708,4.764225006312187,0.0,empirical_history,0.030000000000000006,4.734225006312187,0.65,schema_only,Jen,,,0.0,2026-08-18T22:11:58.441699+00:00,708,0.9798115746971737,1.5,705,709,0.0,0.0,36,0.0,0.0,0.0,0.0,0.0,0.0,,,1,2026-08-18T22:11:58.441699+00:00,False,,,,,,,0.0,0.0,0.0,C,,,Raw 4.720; source/category adjustment -0.031; posterior 4.764; uncertainty -0.000 (empirical_history); evidence -0.030; final 4.734.
18ad206e90bf2be4b122d179,Air Fryer Stuffed Peppers,therecipecritic.com,therecipecritic.com,https://therecipecritic.com/air-fryer-stuffed-peppers/,4.71,17,-0.022842017616082927,4.766667445400813,4.732842017616083,4.764122209722659,0.0,empirical_history,0.030000000000000006,4.734122209722659,0.65,schema_only,,Beef,,0.0,2026-08-18T22:11:58.441699+00:00,709,0.9674916213614069,2.449489742783178,703,710,0.0,0.0,36,,,,,,,,,0,,False,,,,,,,0.0,0.0,0.0,C,,,Raw 4.710; source/category adjustment +0.023; posterior 4.764; uncertainty -0.000 (empirical_history); evidence -0.030; final 4.734.
0abed4a1cdd8766d7b1af426,Air Fryer Onion Rings,wellplated.com,wellplated.com,https://www.wellplated.com/air-fryer-onion-rings/,4.67,6,-0.005312738771879698,4.7227676693571965,4.67531273877188,4.7641026818674295,0.0,empirical_history,0.030000000000000006,4.734102681867429,0.65,schema_only,,Breakfast,,0.0,2026-08-18T22:11:58.441699+00:00,710,0.9798657718120805,1.5,706,710,0.0,0.0,36,,,,,,,,,0,,False,,,,,,,0.0,0.0,0.0,C,,,Raw 4.670; source/category adjustment +0.005; posterior 4.764; uncertainty -0.000 (empirical_history); evidence -0.030; final 4.734.
a0e27810153ea341aeeed136,Air Fryer Scrambled Eggs On The Go,allrecipes.com,allrecipes.com,https://www.allrecipes.com/recipe/8499615/air-fryer-scrambled-eggs-on-the-go/,4.6,8,-0.09393325178093598,4.7227676693571965,4.693933251780936,4.763609306313659,0.0,empirical_history,0.030000000000000006,4.733609306313658,0.65,schema_only,Soup Loving Nicole,Breakfast,,0.0,2026-08-18T22:11:58.441699+00:00,711,0.9647379703531235,2.6718699236468995,708,716,0.0,0.0,36,,,,,,,,,0,,False,,,,,,,0.0,0.0,0.0,C,,,Raw 4.600; source/category adjustment +0.094; posterior 4.764; uncertainty -0.000 (empirical_history); evidence -0.030; final 4.734.
01a8888b5fa3ff40a7ea642f,Air Fryer Grilled Tomato and Cheese,airfryingfoodie.com,airfryingfoodie.com,https://airfryingfoodie.com/air-fryer-grilled-tomato-and-cheese/,4.5,2,0.031006913164291352,4.774757475038895,4.468993086835709,4.762997306261849,0.0,empirical_history,0.030000000000000006,4.732997306261849,0.65,schema_only,Jen,,,0.0,2026-08-18T23:34:22.619805+00:00,712,0.9568648508819336,3.2998316455372216,709,717,0.0,0.0,36,,,,,,,,,0,,False,,,,,,,,,,C,,,Raw 4.500; source/category adjustment -0.031; posterior 4.763; uncertainty -0.000 (empirical_history); evidence -0.030; final 4.733.
188a262da8e046d018abc54e,Air Fryer Chicken Fries,airfryingfoodie.com,airfryingfoodie.com,https://airfryingfoodie.com/air-fryer-frozen-chicken-fries/,4.5,2,0.031006913164291352,4.7939274778947025,4.468993086835709,4.762997306261849,0.0,empirical_history,0.030000000000000006,4.732997306261849,0.65,schema_only,,Chicken | Potatoes | Snacks,,0.0,2026-08-18T21:44:52.082063+00:00,713,0.9569211632108139,3.2998316455372216,710,718,0.0,0.0,36,,,,,,,,,0,,False,,,,,,,,,,C,,,Raw 4.500; source/category adjustment -0.031; posterior 4.763; uncertainty -0.000 (empirical_history); evidence -0.030; final 4.733.
483ba0da2739c479aecf2fe8,Air Fryer Eggplant Parmesan,airfryingfoodie.com,airfryingfoodie.com,https://airfryingfoodie.com/air-fryer-eggplant-parmesan/,4.5,2,0.031006913164291352,4.752898047872597,4.468993086835709,4.762997306261849,0.0,empirical_history,0.030000000000000006,4.732997306261849,0.65,schema_only,Becky,Vegetables | Breakfast,,0.0,2026-08-18T21:44:52.082063+00:00,714,0.9569773287014871,3.2998316455372216,711,719,0.0,0.0,36,,,,,,,,,0,,False,,,,,,,,,,C,,,Raw 4.500; source/category adjustment -0.031; posterior 4.763; uncertainty -0.000 (empirical_history); evidence -0.030; final 4.733.
54ff3557bba51be370693100,Air Fryer Mini Pizzas,airfryingfoodie.com,airfryingfoodie.com,https://airfryingfoodie.com/air-fryer-mini-pizzas/,4.5,2,0.031006913164291352,4.774757475038895,4.468993086835709,4.762997306261849,0.0,empirical_history,0.030000000000000006,4.732997306261849,0.65,schema_only,Jen,,,0.0,2026-08-18T23:34:22.619805+00:00,715,0.957033347927541,3.2998316455372216,712,720,0.0,0.0,36,,,,,,,,,0,,False,,,,,,,,,,C,,,Raw 4.500; source/category adjustment -0.031; posterior 4.763; uncertainty -0.000 (empirical_history); evidence -0.030; final 4.733.
69320d8948a50cc6bc3fd207,Air Fryer Lemon Poppy Seed Muffins,airfryingfoodie.com,airfryingfoodie.com,https://airfryingfoodie.com/air-fryer-lemon-poppy-seed-muffins/,4.5,2,0.031006913164291352,4.6914700849912565,4.468993086835709,4.762997306261849,0.0,empirical_history,0.030000000000000006,4.732997306261849,0.65,schema_only,,Desserts,,0.0,2026-08-18T23:34:22.619805+00:00,716,0.95708922145958,3.2998316455372216,713,721,0.0,0.0,36,,,,,,,,,0,,False,,,,,,,,,,C,,,Raw 4.500; source/category adjustment -0.031; posterior 4.763; uncertainty -0.000 (empirical_history); evidence -0.030; final 4.733.
82e65e66e82b2b4a3f817873,Air Fryer Black Bean Burger,airfryingfoodie.com,airfryingfoodie.com,https://airfryingfoodie.com/air-fryer-black-bean-burger/,4.5,2,0.031006913164291352,4.744717557379005,4.468993086835709,4.762997306261849,0.0,empirical_history,0.030000000000000006,4.732997306261849,0.65,schema_only,Jen,Beef | Breakfast,,0.0,2026-08-18T22:11:58.441699+00:00,717,0.9571449498652446,3.2998316455372216,714,722,0.0,0.0,36,0.0,0.0,0.0,0.0,0.0,0.0,,,1,2026-08-18T22:11:58.441699+00:00,False,,,,,,,0.0,0.0,0.0,C,,,Raw 4.500; source/category adjustment -0.031; posterior 4.763; uncertainty -0.000 (empirical_history); evidence -0.030; final 4.733.
988ce31125760ebae6beb974,Air Fryer Edamame,airfryingfoodie.com,airfryingfoodie.com,https://airfryingfoodie.com/air-fryer-edamame/,4.5,2,0.031006913164291352,4.774757475038895,4.468993086835709,4.762997306261849,0.0,empirical_history,0.030000000000000006,4.732997306261849,0.65,schema_only,Becky,,,0.0,2026-08-18T21:44:52.082063+00:00,718,0.95720053370923,3.2998316455372216,715,723,0.0,0.0,36,,,,,,,,,0,,False,,,,,,,,,,C,,,Raw 4.500; source/category adjustment -0.031; posterior 4.763; uncertainty -0.000 (empirical_history); evidence -0.030; final 4.733.
9fbeed402f7a7212610688ac,Air Fryer Maple Glazed Pork Chops,airfryingfoodie.com,airfryingfoodie.com,https://airfryingfoodie.com/air-fryer-maple-glazed-pork-chops/,4.5,2,0.031006913164291352,4.74542826525092,4.468993086835709,4.762997306261849,0.0,empirical_history,0.030000000000000006,4.732997306261849,0.65,schema_only,Becky,Desserts | Pork,,0.0,2026-08-18T23:34:22.619805+00:00,719,0.9572559735533053,3.2998316455372216,716,724,0.0,0.0,36,,,,,,,,,0,,False,,,,,,,,,,C,,,Raw 4.500; source/category adjustment -0.031; posterior 4.763; uncertainty -0.000 (empirical_history); evidence -0.030; final 4.733.
a59bbcc7ab7ac5cc10acd84b,Air Fryer Fried Rice,airfryingfoodie.com,airfryingfoodie.com,https://airfryingfoodie.com/air-fryer-fried-rice/,4.5,2,0.031006913164291352,4.752898047872597,4.468993086835709,4.762997306261849,0.0,empirical_history,0.030000000000000006,4.732997306261849,0.65,schema_only,Jen,Vegetables | Breakfast,,0.0,2026-08-18T21:44:52.082063+00:00,720,0.9573112699563333,3.2998316455372216,717,725,0.0,0.0,36,,,,,,,,,0,,False,,,,,,,,,,C,,,Raw 4.500; source/category adjustment -0.031; posterior 4.763; uncertainty -0.000 (empirical_history); evidence -0.030; final 4.733.
da24f06fcf17bcaff3756c1a,Air Fryer Blueberry Cheesecake Wontons,airfryingfoodie.com,airfryingfoodie.com,https://airfryingfoodie.com/air-fryer-blueberry-cheesecake-wontons/,4.5,2,0.031006913164291352,4.6914700849912565,4.468993086835709,4.762997306261849,0.0,empirical_history,0.030000000000000006,4.732997306261849,0.65,schema_only,Becky,Desserts,,0.0,2026-08-18T22:11:58.441699+00:00,721,0.9573664234742881,3.2998316455372216,718,726,0.0,0.0,36,0.0,0.0,0.0,0.0,0.0,0.0,,,1,2026-08-18T22:11:58.441699+00:00,False,,,,,,,0.0,0.0,0.0,C,,,Raw 4.500; source/category adjustment -0.031; posterior 4.763; uncertainty -0.000 (empirical_history); evidence -0.030; final 4.733.
e430c07119daed4c6440f14a,Air Fryer Buffalo Cauliflower,airfryingfoodie.com,airfryingfoodie.com,https://airfryingfoodie.com/air-fryer-buffalo-cauliflower/,4.5,2,0.031006913164291352,4.783028426387997,4.468993086835709,4.762997306261849,0.0,empirical_history,0.030000000000000006,4.732997306261849,0.65,schema_only,Jen,Vegetables,,0.0,2026-08-18T22:11:58.441699+00:00,722,0.9574214346602745,3.2998316455372216,719,727,0.0,0.0,36,0.0,0.0,0.0,0.0,0.0,0.0,,,1,2026-08-18T22:11:58.441699+00:00,False,,,,,,,0.0,0.0,0.0,C,,,Raw 4.500; source/category adjustment -0.031; posterior 4.763; uncertainty -0.000 (empirical_history); evidence -0.030; final 4.733.
e9a64150ad0c9c1017b87ed9,Air Fryer Chex Mix,airfryingfoodie.com,airfryingfoodie.com,https://airfryingfoodie.com/air-fryer-chex-mix/,4.5,2,0.031006913164291352,4.774757475038895,4.468993086835709,4.762997306261849,0.0,empirical_history,0.030000000000000006,4.732997306261849,0.65,schema_only,Becky,,,0.0,2026-08-18T22:11:58.441699+00:00,723,0.9574763040645464,3.2998316455372216,720,728,0.0,0.0,36,0.0,0.0,0.0,0.0,0.0,0.0,,,1,2026-08-18T22:11:58.441699+00:00,False,,,,,,,0.0,0.0,0.0,C,,,Raw 4.500; source/category adjustment -0.031; posterior 4.763; uncertainty -0.000 (empirical_history); evidence -0.030; final 4.733.
5c42413f70787dec0b2c0b6a,Air Fryer Omelette,airfryingfoodie.com,airfryingfoodie.com,https://airfryingfoodie.com/air-fryer-omelette/,4.5,2,0.031006913164291352,4.761077057433891,4.468993086835709,4.762997306261849,0.0,empirical_history,0.030000000000000006,4.732997306261849,0.65,schema_only,Becky,Pork | Breakfast,,0.0,2026-08-19T00:34:06.688272+00:00,724,0.9575310322345241,3.2998316455372216,721,729,0.0,0.0,36,,,,,,,,,0,,False,,,,,,,,,,C,,,Raw 4.500; source/category adjustment -0.031; posterior 4.763; uncertainty -0.000 (empirical_history); evidence -0.030; final 4.733.
1e32da8a121df6f02fda700b,Air Fryer Cauliflower,delish.com,delish.com,https://www.delish.com/cooking/recipe-ideas/a37246428/cauliflower-air-fryer-recipe/,4.0,1,-0.15,4.783028426387997,4.15,4.762507328469504,0.0,empirical_history,0.030000000000000006,4.732507328469504,0.65,schema_only,Justin Sullivan,Vegetables,,0.0,2026-08-18T22:11:58.441699+00:00,725,0.9080458692739269,7.544313531837517,711,732,0.0,0.0,36,,,,,,,,,0,,False,,,,,,,0.0,0.0,0.0,C,,,Raw 4.000; source/category adjustment +0.150; posterior 4.763; uncertainty -0.000 (empirical_history); evidence -0.030; final 4.733.
5485f38694ff8b0c21ac2393,Air Fryer Tandoori Turkey Breast,delish.com,delish.com,https://www.delish.com/cooking/recipe-ideas/a39818213/air-fryer-tandoori-turkey-breast-recipe/,4.0,1,-0.15,4.774757475038895,4.15,4.762507328469504,0.0,empirical_history,0.030000000000000006,4.732507328469504,0.65,schema_only,Laura Rege,,,0.0,2026-08-18T22:11:58.441699+00:00,726,0.9081578114483422,7.544313531837517,712,733,0.0,0.0,36,,,,,,,,,0,,False,,,,,,,0.0,0.0,0.0,C,,,Raw 4.000; source/category adjustment +0.150; posterior 4.763; uncertainty -0.000 (empirical_history); evidence -0.030; final 4.733.
66e1b750ac162257786e3dda,Air Fryer Drumsticks,delish.com,delish.com,https://www.delish.com/cooking/recipe-ideas/a38964679/air-fryer-drumsticks-recipe/,4.0,1,-0.15,4.739091161984878,4.15,4.762507328469504,0.0,empirical_history,0.030000000000000006,4.732507328469504,0.65,schema_only,Justin Sullivan,Chicken | Desserts | Breakfast,,0.0,2026-08-18T22:11:58.441699+00:00,727,0.908269481404121,7.544313531837517,713,734,0.0,0.0,36,,,,,,,,,0,,False,,,,,,,0.0,0.0,0.0,C,,,Raw 4.000; source/category adjustment +0.150; posterior 4.763; uncertainty -0.000 (empirical_history); evidence -0.030; final 4.733.
85ce23148ff0ccd52a29287f,Air Fryer Banana Blueberry Muffins,delish.com,delish.com,https://www.delish.com/cooking/recipe-ideas/a39665492/air-fryer-muffins-recipe/,4.0,1,-0.15,4.763166903485503,4.15,4.762507328469504,0.0,empirical_history,0.030000000000000006,4.732507328469504,0.65,schema_only,Laura Rege,Vegetables | Breakfast | Snacks,,0.0,2026-08-18T22:11:58.441699+00:00,728,0.9083808801330211,7.544313531837517,714,735,0.0,0.0,36,,,,,,,,,0,,False,,,,,,,0.0,0.0,0.0,C,,,Raw 4.000; source/category adjustment +0.150; posterior 4.763; uncertainty -0.000 (empirical_history); evidence -0.030; final 4.733.
89e3f20dda868fc8bd5f3953,"Air Fryer Acorn Squash with Black Beans, Corn, and Cheese",delish.com,delish.com,https://www.delish.com/cooking/recipe-ideas/a39801194/air-fryer-acorn-squash-recipe/,4.0,1,-0.15,4.783028426387997,4.15,4.762507328469504,0.0,empirical_history,0.030000000000000006,4.732507328469504,0.65,schema_only,Laura Rege,Vegetables,,0.0,2026-08-18T22:11:58.441699+00:00,729,0.9084920086219879,7.544313531837517,715,736,0.0,0.0,36,,,,,,,,,0,,False,,,,,,,0.0,0.0,0.0,C,,,Raw 4.000; source/category adjustment +0.150; posterior 4.763; uncertainty -0.000 (empirical_history); evidence -0.030; final 4.733.
c86b1c5b9de8c931e15ae457,Air Fryer Sweet Plantains,skinnytaste.com,skinnytaste.com,https://www.skinnytaste.com/air-fryer-sweet-plantains/,4.77,13,0.057660045864427495,4.774757475038895,4.712339954135572,4.761877669138209,0.0,empirical_history,0.030000000000000006,4.731877669138209,0.65,schema_only,,,,0.0,2026-08-18T22:11:58.441699+00:00,730,0.9624054575917765,2.9297326385411577,722,730,0.0,0.0,36,,,,,,,,,0,,False,,,,,,,0.0,0.0,0.0,C,,,Raw 4.770; source/category adjustment -0.058; posterior 4.762; uncertainty -0.000 (empirical_history); evidence -0.030; final 4.732.
4e56010de951b0f13d037de5,Air Fryer Stuffed Apples,allrecipes.com,allrecipes.com,https://www.allrecipes.com/recipe/280445/air-fryer-stuffed-apples/,4.0,1,-0.09393325178093598,4.6914700849912565,4.093933251780936,4.76140798046521,0.0,empirical_history,0.030000000000000006,4.731407980465209,0.65,schema_only,Yoly,Desserts,,0.0,2026-08-18T22:11:58.441699+00:00,731,0.9550867183218084,3.531603350069515,730,738,0.0,0.0,36,,,,,,,,,0,,False,,,,,,,0.0,0.0,0.0,C,,,Raw 4.000; source/category adjustment +0.094; posterior 4.761; uncertainty -0.000 (empirical_history); evidence -0.030; final 4.731.
8767d0f9048c3188883082e9,Air Fryer Hoisin Salmon,allrecipes.com,allrecipes.com,https://www.allrecipes.com/air-fryer-hoisin-salmon-recipe-11834713,4.0,1,-0.09393325178093598,4.84381915932519,4.093933251780936,4.76140798046521,0.0,empirical_history,0.030000000000000006,4.731407980465209,0.65,schema_only,France Cevallos,Seafood,,0.0,2026-08-18T22:11:58.441699+00:00,732,0.9551437643868788,3.531603350069515,731,739,0.0,0.0,36,,,,,,,,,0,,False,,,,,,,0.0,0.0,0.0,C,,,Raw 4.000; source/category adjustment +0.094; posterior 4.761; uncertainty -0.000 (empirical_history); evidence -0.030; final 4.731.
3cf5d09caeda3977102c941a,Air Fryer Duck,airfryingfoodie.com,airfryingfoodie.com,https://airfryingfoodie.com/air-fryer-duck/,4.77,30,0.031006913164291352,4.774757475038895,4.738993086835708,4.7613458294627,0.0,empirical_history,0.030000000000000006,4.7313458294626995,0.65,schema_only,Becky,,,0.0,2026-08-18T21:44:52.082063+00:00,733,0.8906486978794841,9.24511883223911,723,747,0.0,0.0,36,,,,,,,,,0,,False,,,,,,,,,,C,,,Raw 4.770; source/category adjustment -0.031; posterior 4.761; uncertainty -0.000 (empirical_history); evidence -0.030; final 4.731.
8607c4d73b20ab9d1aa7317b,Easy Air Fryer French Toast Sticks,allrecipes.com,allrecipes.com,https://www.allrecipes.com/recipe/267409/easy-air-fryer-french-toast-sticks/,4.6,10,-0.09393325178093598,4.707118877174226,4.693933251780936,4.761286771162569,0.0,empirical_history,0.030000000000000006,4.731286771162568,0.65,schema_only,bdweld,Desserts | Breakfast,,0.0,2026-08-18T22:11:58.441699+00:00,734,0.9723904047173806,2.140872096444188,728,734,0.0,0.0,36,0.0,0.0,0.0,0.0,0.0,0.0,,,1,2026-08-18T22:11:58.441699+00:00,False,,,,,,,0.0,0.0,0.0,C,,,Raw 4.600; source/category adjustment +0.094; posterior 4.761; uncertainty -0.000 (empirical_history); evidence -0.030; final 4.731.
1200bcdfae2bb742812c2dcd,Air Fryer Apple Fritters,airfryingfoodie.com,airfryingfoodie.com,https://airfryingfoodie.com/air-fryer-apple-fritters/,4.75,16,0.031006913164291352,4.707118877174226,4.718993086835709,4.761238835474486,0.0,empirical_history,0.030000000000000006,4.731238835474485,0.65,schema_only,Jen,Desserts | Breakfast,,0.0,2026-08-18T22:11:58.441699+00:00,735,0.943640894437161,4.509249752822894,726,739,0.0,0.0,36,0.0,0.0,0.0,0.0,0.0,0.0,,,1,2026-08-18T22:11:58.441699+00:00,False,,,,,,,0.0,0.0,0.0,C,,,Raw 4.750; source/category adjustment -0.031; posterior 4.761; uncertainty -0.000 (empirical_history); evidence -0.030; final 4.731.
7fa75d2e3064c99b89119289,Air Fryer Bananas,airfryingfoodie.com,airfryingfoodie.com,https://airfryingfoodie.com/air-fryer-bananas/,4.75,16,0.031006913164291352,4.6914700849912565,4.718993086835709,4.761238835474486,0.0,empirical_history,0.030000000000000006,4.731238835474485,0.65,schema_only,,Desserts,,0.0,2026-08-18T22:11:58.441699+00:00,736,0.9437112472437803,4.509249752822894,727,740,0.0,0.0,36,0.0,0.0,0.0,0.0,0.0,0.0,,,1,2026-08-18T22:11:58.441699+00:00,False,,,,,,,0.0,0.0,0.0,C,,,Raw 4.750; source/category adjustment -0.031; posterior 4.761; uncertainty -0.000 (empirical_history); evidence -0.030; final 4.731.
654fb4ba45b0000d4c64351f,Air Fryer Baked Apples,airfryingfoodie.com,airfryingfoodie.com,https://airfryingfoodie.com/air-fryer-baked-apples/,4.73,11,0.031006913164291352,4.6914700849912565,4.698993086835709,4.761095044379304,0.0,empirical_history,0.030000000000000006,4.731095044379304,0.65,schema_only,Becky,Desserts,,0.0,2026-08-18T22:39:54.145145+00:00,737,0.970395861974557,2.309401076758503,729,736,0.0,0.0,36,0.0,0.0,0.0,0.0,0.0,0.0,,,1,2026-08-18T22:39:54.145145+00:00,False,,,,,,,0.0,0.0,0.0,C,,,Raw 4.730; source/category adjustment -0.031; posterior 4.761; uncertainty -0.000 (empirical_history); evidence -0.030; final 4.731.
6605b35a2ddaf7d7304375e2,Air Fryer Avocado Eggs,airfryingfoodie.com,airfryingfoodie.com,https://airfryingfoodie.com/air-fryer-avocado-eggs/,4.73,11,0.031006913164291352,4.761077057433891,4.698993086835709,4.761095044379304,0.0,empirical_history,0.030000000000000006,4.731095044379304,0.65,schema_only,Becky,Pork | Breakfast,,0.0,2026-08-18T22:11:58.441699+00:00,738,0.9704337628387517,2.309401076758503,730,737,0.0,0.0,36,0.0,0.0,0.0,0.0,0.0,0.0,,,1,2026-08-18T22:11:58.441699+00:00,False,,,,,,,0.0,0.0,0.0,C,,,Raw 4.730; source/category adjustment -0.031; posterior 4.761; uncertainty -0.000 (empirical_history); evidence -0.030; final 4.731.
eec881f79d8ab8259e681c16,Air Fryer Cake Mix Cookies,airfryingfoodie.com,airfryingfoodie.com,https://airfryingfoodie.com/air-fryer-cake-mix-cookies/,4.73,11,0.031006913164291352,4.745242698861942,4.698993086835709,4.761095044379304,0.0,empirical_history,0.030000000000000006,4.731095044379304,0.65,schema_only,Becky,Vegetables | Desserts | Breakfast | Snacks,,0.0,2026-08-18T22:11:58.441699+00:00,739,0.9704715667814418,2.309401076758503,731,738,0.0,0.0,36,0.0,0.0,0.0,0.0,0.0,0.0,,,1,2026-08-18T22:11:58.441699+00:00,False,,,,,,,0.0,0.0,0.0,C,,,Raw 4.730; source/category adjustment -0.031; posterior 4.761; uncertainty -0.000 (empirical_history); evidence -0.030; final 4.731.
717106456f2a61b3eee4ef5a,Air-Fryer Almond Chicken,tasteofhome.com,tasteofhome.com,https://www.tasteofhome.com/recipes/air-fryer-almond-chicken/,4.0,1,-0.06891312352872844,4.762901700481689,4.068913123528729,4.760917389715166,0.0,empirical_history,0.030000000000000006,4.730917389715166,0.65,schema_only,Taste of Home Editorial Team,Chicken | Breakfast,,0.0,2026-08-18T22:11:58.441699+00:00,740,0.9606982595505665,3.109126351029605,733,741,0.0,0.0,36,,,,,,,,,0,,False,,,,,,,0.0,0.0,0.0,C,,,Raw 4.000; source/category adjustment +0.069; posterior 4.761; uncertainty -0.000 (empirical_history); evidence -0.030; final 4.731.
2f77687037ffcb76edf8d0a4,Air-Fryer Portobello Parmesan,eatingwell.com,eatingwell.com,https://www.eatingwell.com/recipe/8030257/air-fryer-portobello-parmesan/,4.0,1,-0.05839540647617436,4.752898047872597,4.0583954064761745,4.760711159969038,0.0,empirical_history,0.030000000000000006,4.7307111599690375,0.65,schema_only,"Natalie Rizzo, M.S., RD",Vegetables | Breakfast,,0.0,2026-08-18T22:11:58.441699+00:00,741,0.9780507278688501,1.707825127659933,739,744,0.0,0.0,36,,,,,,,,,0,,False,,,,,,,0.0,0.0,0.0,C,,,Raw 4.000; source/category adjustment +0.058; posterior 4.761; uncertainty -0.000 (empirical_history); evidence -0.030; final 4.731.
407f9082832ff57d032bd674,Air-Fryer Tofu,eatingwell.com,eatingwell.com,https://www.eatingwell.com/recipe/7964854/air-fryer-tofu/,4.0,1,-0.05839540647617436,4.7227676693571965,4.0583954064761745,4.760711159969038,0.0,empirical_history,0.030000000000000006,4.7307111599690375,0.65,schema_only,Laura Kanya,Breakfast,,0.0,2026-08-18T22:11:58.441699+00:00,742,0.9780789012546367,1.707825127659933,740,745,0.0,0.0,36,,,,,,,,,0,,False,,,,,,,0.0,0.0,0.0,C,,,Raw 4.000; source/category adjustment +0.058; posterior 4.761; uncertainty -0.000 (empirical_history); evidence -0.030; final 4.731.
8995fb4cac8c79bbf9f6befc,Air-Fryer Tilapia,eatingwell.com,eatingwell.com,https://www.eatingwell.com/recipe/7965128/air-fryer-tilapia/,4.0,1,-0.05839540647617436,4.84381915932519,4.0583954064761745,4.760711159969038,0.0,empirical_history,0.030000000000000006,4.7307111599690375,0.65,schema_only,Laura Kanya,Seafood,,0.0,2026-08-18T22:11:58.441699+00:00,743,0.9781070024082189,1.707825127659933,741,746,0.0,0.0,36,,,,,,,,,0,,False,,,,,,,0.0,0.0,0.0,C,,,Raw 4.000; source/category adjustment +0.058; posterior 4.761; uncertainty -0.000 (empirical_history); evidence -0.030; final 4.731.
9b768ec1de19f054fa456220,Air-Fryer Buffalo Cauliflower,eatingwell.com,eatingwell.com,https://www.eatingwell.com/recipe/7960986/air-fryer-buffalo-cauliflower/,4.0,1,-0.05839540647617436,4.783028426387997,4.0583954064761745,4.760711159969038,0.0,empirical_history,0.030000000000000006,4.7307111599690375,0.65,schema_only,Adam Dolge,Vegetables,,0.0,2026-08-18T22:11:58.441699+00:00,744,0.9781350316070297,1.707825127659933,742,747,0.0,0.0,36,,,,,,,,,0,,False,,,,,,,0.0,0.0,0.0,C,,,Raw 4.000; source/category adjustment +0.058; posterior 4.761; uncertainty -0.000 (empirical_history); evidence -0.030; final 4.731.
b9051918705385f32660cfa1,Air-Fryer Spaghetti Squash,eatingwell.com,eatingwell.com,https://www.eatingwell.com/recipe/7966052/air-fryer-spaghetti-squash/,4.0,1,-0.05839540647617436,4.783028426387997,4.0583954064761745,4.760711159969038,0.0,empirical_history,0.030000000000000006,4.7307111599690375,0.65,schema_only,Laura Kanya,Vegetables,,0.0,2026-08-18T22:11:58.441699+00:00,745,0.9781629891270825,1.707825127659933,743,748,0.0,0.0,36,,,,,,,,,0,,False,,,,,,,0.0,0.0,0.0,C,,,Raw 4.000; source/category adjustment +0.058; posterior 4.761; uncertainty -0.000 (empirical_history); evidence -0.030; final 4.731.
d41b555a4f8e207cc0e2179d,Air-Fryer Mini Dark Chocolate Cake,eatingwell.com,eatingwell.com,https://www.eatingwell.com/recipe/8013735/air-fryer-mini-dark-chocolate-cake/,4.0,1,-0.05839540647617436,4.707118877174226,4.0583954064761745,4.760711159969038,0.0,empirical_history,0.030000000000000006,4.7307111599690375,0.65,schema_only,Alex Loh,Desserts | Breakfast,,0.0,2026-08-18T22:11:58.441699+00:00,746,0.9781908752429813,1.707825127659933,744,749,0.0,0.0,36,,,,,,,,,0,,False,,,,,,,0.0,0.0,0.0,C,,,Raw 4.000; source/category adjustment +0.058; posterior 4.761; uncertainty -0.000 (empirical_history); evidence -0.030; final 4.731.
3465f0172f307cb96f9ed618,Air Fryer Bacon Wrapped Smokies,airfryingfoodie.com,airfryingfoodie.com,https://airfryingfoodie.com/air-fryer-bacon-wrapped-smokies/,4.67,6,0.031006913164291352,4.761077057433891,4.6389930868357085,4.760211290588553,0.0,empirical_history,0.030000000000000006,4.730211290588553,0.65,schema_only,,Pork | Breakfast,,0.0,2026-08-18T22:39:54.145145+00:00,747,0.9876711456532312,0.9574271077563381,747,750,0.0,0.0,36,0.0,0.0,0.0,0.0,0.0,0.0,,,1,2026-08-18T22:39:54.145145+00:00,False,,,,,,,0.0,0.0,0.0,C,,,Raw 4.670; source/category adjustment -0.031; posterior 4.760; uncertainty -0.000 (empirical_history); evidence -0.030; final 4.730.
714a83577d6bae46d0ade3ce,Air Fryer Apple Pie,airfryingfoodie.com,airfryingfoodie.com,https://airfryingfoodie.com/air-fryer-apple-pie/,4.67,6,0.031006913164291352,4.6914700849912565,4.6389930868357085,4.760211290588553,0.0,empirical_history,0.030000000000000006,4.730211290588553,0.65,schema_only,,Desserts,,0.0,2026-08-18T22:11:58.441699+00:00,748,0.9876870011860148,0.9574271077563381,748,751,0.0,0.0,36,0.0,0.0,0.0,0.0,0.0,0.0,,,1,2026-08-18T22:11:58.441699+00:00,False,,,,,,,0.0,0.0,0.0,C,,,Raw 4.670; source/category adjustment -0.031; posterior 4.760; uncertainty -0.000 (empirical_history); evidence -0.030; final 4.730.
e22e7ea5467a37c0f3e9f94c,Air Fryer Cherry Pie Taquitos,airfryingfoodie.com,airfryingfoodie.com,https://airfryingfoodie.com/air-fryer-cherry-pie-taquitos/,4.67,6,0.031006913164291352,4.783704614711317,4.6389930868357085,4.760211290588553,0.0,empirical_history,0.030000000000000006,4.730211290588553,0.65,schema_only,Jen,Snacks,,0.0,2026-08-18T22:11:58.441699+00:00,749,0.9877028159891383,0.9574271077563381,749,752,0.0,0.0,36,0.0,0.0,0.0,0.0,0.0,0.0,,,1,2026-08-18T22:11:58.441699+00:00,False,,,,,,,0.0,0.0,0.0,C,,,Raw 4.670; source/category adjustment -0.031; posterior 4.760; uncertainty -0.000 (empirical_history); evidence -0.030; final 4.730.
d95068e49c5f8a3f3a7df384,Air Fryer Chicken Breast,budgetbytes.com,budgetbytes.com,https://www.budgetbytes.com/air-fryer-chicken-breast/,4.67,12,-0.02946317703434832,4.784851588503497,4.699463177034349,4.760184385102531,0.0,empirical_history,0.030000000000000006,4.730184385102531,0.65,schema_only,,Chicken | Beef,,0.0,2026-08-18T22:11:58.441699+00:00,750,0.9326519234521866,5.560275772537426,740,753,0.0,0.0,36,,,,,,,,,0,,False,,,,,,,0.0,0.0,0.0,C,,,Raw 4.670; source/category adjustment +0.029; posterior 4.760; uncertainty -0.000 (empirical_history); evidence -0.030; final 4.730.
2d615254ccdd9a379bdbc592,Air Fryer Chicken Piccata,allrecipes.com,allrecipes.com,https://www.allrecipes.com/recipe/284597/air-fryer-chicken-piccata/,4.6,11,-0.09393325178093598,4.762901700481689,4.693933251780936,4.760182615107132,0.0,empirical_history,0.030000000000000006,4.730182615107132,0.65,schema_only,Rebekah Rose Hills,Chicken | Breakfast,,0.0,2026-08-18T22:11:58.441699+00:00,751,0.9440029423632708,4.573474244670748,741,752,0.0,0.0,36,0.0,0.0,0.0,0.0,0.0,0.0,,,1,2026-08-18T22:11:58.441699+00:00,False,,,,,,,0.0,0.0,0.0,C,,,Raw 4.600; source/category adjustment +0.094; posterior 4.760; uncertainty -0.000 (empirical_history); evidence -0.030; final 4.730.
7916c87ce8b3ceb8253df687,Air Fryer Sweet Potato Chips,therecipecritic.com,therecipecritic.com,https://therecipecritic.com/air-fryer-sweet-potato-chips/,4.0,1,-0.022842017616082927,4.789373351038963,4.022842017616083,4.760014034697271,0.0,empirical_history,0.030000000000000006,4.7300140346972706,0.65,schema_only,,Potatoes | Snacks,,0.0,2026-08-18T22:11:58.441699+00:00,752,0.9612855164500274,3.109126351029605,746,754,0.0,0.0,36,,,,,,,,,0,,False,,,,,,,0.0,0.0,0.0,C,,,Raw 4.000; source/category adjustment +0.023; posterior 4.760; uncertainty -0.000 (empirical_history); evidence -0.030; final 4.730.
6df7c8076675eb1797b014e2,Air Fryer Banana Muffins,airfryingfoodie.com,airfryingfoodie.com,https://airfryingfoodie.com/air-fryer-banana-muffins/,4.74,15,0.031006913164291352,4.7227676693571965,4.708993086835709,4.759581077761236,0.0,empirical_history,0.030000000000000006,4.729581077761236,0.65,schema_only,Jen,Breakfast,,0.0,2026-08-18T22:11:58.441699+00:00,753,0.9783841015127243,1.707825127659933,751,756,0.0,0.0,36,0.0,0.0,0.0,0.0,0.0,0.0,,,1,2026-08-18T22:11:58.441699+00:00,False,,,,,,,0.0,0.0,0.0,C,,,Raw 4.740; source/category adjustment -0.031; posterior 4.760; uncertainty -0.000 (empirical_history); evidence -0.030; final 4.730.
6d08acf2ca32b1d97eec96fa,Air-Fryer Mini Chimichangas,tasteofhome.com,tasteofhome.com,https://www.tasteofhome.com/recipes/air-fryer-mini-chimichangas/,4.5,4,-0.06891312352872844,4.744717557379005,4.568913123528729,4.759509745297401,0.0,empirical_history,0.030000000000000006,4.729509745297401,0.65,schema_only,Taste of Home Editorial Team,Beef | Breakfast,,0.0,2026-08-18T22:11:58.441699+00:00,754,0.9728476596836241,2.160246899469287,752,758,0.0,0.0,36,,,,,,,,,0,,False,,,,,,,0.0,0.0,0.0,C,,,Raw 4.500; source/category adjustment +0.069; posterior 4.760; uncertainty -0.000 (empirical_history); evidence -0.030; final 4.730.
85bc952d51ec744d9fd41100,Air-Fryer Oatmeal Cookies,tasteofhome.com,tasteofhome.com,https://www.tasteofhome.com/recipes/air-fryer-chocolate-chip-oatmeal-cookies/,4.5,4,-0.06891312352872844,4.732647456353257,4.568913123528729,4.759509745297401,0.0,empirical_history,0.030000000000000006,4.729509745297401,0.65,schema_only,Christabel Lobo,Desserts | Breakfast | Snacks,,0.0,2026-08-18T22:11:58.441699+00:00,755,0.9728817448658488,2.160246899469287,753,759,0.0,0.0,36,,,,,,,,,0,,False,,,,,,,0.0,0.0,0.0,C,,,Raw 4.500; source/category adjustment +0.069; posterior 4.760; uncertainty -0.000 (empirical_history); evidence -0.030; final 4.730.
2a62b422360341ac20c547f8,Panko-Crusted Air Fryer Mahi Mahi,allrecipes.com,allrecipes.com,https://www.allrecipes.com/recipe/285029/panko-crusted-air-fryer-mahi-mahi/,4.6,12,-0.09393325178093598,4.774757475038895,4.693933251780936,4.759114076988967,0.0,empirical_history,0.030000000000000006,4.729114076988966,0.65,schema_only,thedailygourmet,,,0.0,2026-08-18T22:11:58.441699+00:00,756,0.9784658685960573,1.707825127659933,753,758,0.0,0.0,36,0.0,0.0,0.0,0.0,0.0,0.0,,,1,2026-08-18T22:11:58.441699+00:00,False,,,,,,,0.0,0.0,0.0,C,,,Raw 4.600; source/category adjustment +0.094; posterior 4.759; uncertainty -0.000 (empirical_history); evidence -0.030; final 4.729.
ddf8515e160d878f08bc22f1,Air Fryer Fried Green Tomatoes,allrecipes.com,allrecipes.com,https://www.allrecipes.com/recipe/275772/air-fryer-fried-green-tomatoes/,4.6,12,-0.09393325178093598,4.7227676693571965,4.693933251780936,4.759114076988967,0.0,empirical_history,0.030000000000000006,4.729114076988966,0.65,schema_only,lutzflcat,Breakfast,,0.0,2026-08-18T22:11:58.441699+00:00,757,0.9784929869957482,1.707825127659933,754,759,0.0,0.0,36,0.0,0.0,0.0,0.0,0.0,0.0,,,1,2026-08-18T22:11:58.441699+00:00,False,,,,,,,0.0,0.0,0.0,C,,,Raw 4.600; source/category adjustment +0.094; posterior 4.759; uncertainty -0.000 (empirical_history); evidence -0.030; final 4.729.
e8c3644d7ea919c53df89b38,Air Fryer Spicy Dill Pickle Fries,allrecipes.com,allrecipes.com,https://www.allrecipes.com/recipe/267108/air-fryer-spicy-dill-pickle-fries/,4.6,12,-0.09393325178093598,4.76717145714504,4.693933251780936,4.759114076988967,0.0,empirical_history,0.030000000000000006,4.729114076988966,0.65,schema_only,bdweld,Potatoes | Breakfast | Snacks,,0.0,2026-08-18T22:11:58.441699+00:00,758,0.9785200371797644,1.707825127659933,755,760,0.0,0.0,36,0.0,0.0,0.0,0.0,0.0,0.0,,,1,2026-08-18T22:11:58.441699+00:00,False,,,,,,,0.0,0.0,0.0,C,,,Raw 4.600; source/category adjustment +0.094; posterior 4.759; uncertainty -0.000 (empirical_history); evidence -0.030; final 4.729.
364ce7d44079023b0973b326,Air Fryer Carrots,airfryingfoodie.com,airfryingfoodie.com,https://airfryingfoodie.com/air-fryer-carrots/,4.0,1,0.031006913164291352,4.783028426387997,3.9689930868357086,4.758958173309421,0.0,empirical_history,0.030000000000000006,4.728958173309421,0.65,schema_only,Becky,Vegetables,,0.0,2026-08-18T22:11:58.441699+00:00,759,0.9730172341064364,2.160246899469287,755,761,0.0,0.0,36,0.0,0.0,0.0,0.0,0.0,0.0,,,1,2026-08-18T22:11:58.441699+00:00,False,,,,,,,0.0,0.0,0.0,C,,,Raw 4.000; source/category adjustment -0.031; posterior 4.759; uncertainty -0.000 (empirical_history); evidence -0.030; final 4.729.
785421fd85f9d4312c96fb00,Air Fryer Steak Bites,delish.com,delish.com,https://www.delish.com/cooking/recipe-ideas/a42115548/air-fryer-steak-bites-recipe/,4.3333335,3,-0.15,4.775186030056065,4.4833335000000005,4.758261778338579,0.0,empirical_history,0.030000000000000006,4.728261778338579,0.65,schema_only,Taylor Ann Spencer,Beef | Snacks,,0.0,2026-08-18T22:11:58.441699+00:00,760,0.8454771017212278,14.255603186895398,733,771,0.0,0.0,36,,,,,,,,,0,,False,,,,,,,0.0,0.0,0.0,C,,,Raw 4.333; source/category adjustment +0.150; posterior 4.758; uncertainty -0.000 (empirical_history); evidence -0.030; final 4.728.
2f2ee75658686aaadc428613,Air Fryer Crab Legs,airfryingfoodie.com,airfryingfoodie.com,https://airfryingfoodie.com/air-fryer-crab-legs/,4.77,47,0.031006913164291352,4.774757475038895,4.738993086835708,4.757428338486834,0.0,empirical_history,0.030000000000000006,4.727428338486834,0.65,schema_only,Becky,,,0.0,2026-08-18T22:11:58.441699+00:00,761,0.9482876356840921,4.258977446393546,758,768,0.0,0.0,36,0.0,0.0,0.0,0.0,0.0,0.0,,,1,2026-08-18T22:11:58.441699+00:00,False,,,,,,,0.0,0.0,0.0,C,,,Raw 4.770; source/category adjustment -0.031; posterior 4.757; uncertainty -0.000 (empirical_history); evidence -0.030; final 4.727.
5b2186f1b8d67bec985c8a8d,Air Fryer London Broil,airfryingfoodie.com,airfryingfoodie.com,https://airfryingfoodie.com/air-fryer-london-broil/,4.7,10,0.031006913164291352,4.774757475038895,4.668993086835709,4.75713007700503,0.0,empirical_history,0.030000000000000006,4.72713007700503,0.65,schema_only,Jen,,,0.0,2026-08-18T23:34:22.619805+00:00,762,0.97250275576754,2.2110831935702664,759,765,0.0,0.0,36,,,,,,,,,0,,False,,,,,,,,,,C,,,Raw 4.700; source/category adjustment -0.031; posterior 4.757; uncertainty -0.000 (empirical_history); evidence -0.030; final 4.727.
d8b1ea962b14b23f5acd0ae4,Air Fryer Kabobs,airfryingfoodie.com,airfryingfoodie.com,https://airfryingfoodie.com/air-fryer-kabobs/,4.7,10,0.031006913164291352,4.784851588503497,4.668993086835709,4.75713007700503,0.0,empirical_history,0.030000000000000006,4.72713007700503,0.65,schema_only,Becky,Chicken | Beef,,0.0,2026-08-18T23:34:22.619805+00:00,763,0.9725369091326939,2.2110831935702664,760,766,0.0,0.0,36,,,,,,,,,0,,False,,,,,,,,,,C,,,Raw 4.700; source/category adjustment -0.031; posterior 4.757; uncertainty -0.000 (empirical_history); evidence -0.030; final 4.727.
f087823240317c7438a5e323,Air Fryer Lobster Tails,airfryingfoodie.com,airfryingfoodie.com,https://airfryingfoodie.com/air-fryer-lobster-tails/,4.7,10,0.031006913164291352,4.774757475038895,4.668993086835709,4.75713007700503,0.0,empirical_history,0.030000000000000006,4.72713007700503,0.65,schema_only,Becky,,,0.0,2026-08-18T23:34:22.619805+00:00,764,0.9725709777616953,2.2110831935702664,761,767,0.0,0.0,36,,,,,,,,,0,,False,,,,,,,,,,C,,,Raw 4.700; source/category adjustment -0.031; posterior 4.757; uncertainty -0.000 (empirical_history); evidence -0.030; final 4.727.
4464d5e6e044a9550c5278d3,Air Fryer Tilapia with Fresh Lemon Pepper,allrecipes.com,allrecipes.com,https://www.allrecipes.com/recipe/280935/air-fryer-tilapia-with-fresh-lemon-pepper/,4.6,14,-0.09393325178093598,4.84381915932519,4.693933251780936,4.757077176201216,0.0,empirical_history,0.030000000000000006,4.727077176201216,0.65,schema_only,lutzflcat,Seafood,,0.0,2026-08-18T22:11:58.441699+00:00,765,0.977928819644799,1.7716909687891083,760,765,0.0,0.0,36,,,,,,,,,0,,False,,,,,,,0.0,0.0,0.0,C,,,Raw 4.600; source/category adjustment +0.094; posterior 4.757; uncertainty -0.000 (empirical_history); evidence -0.030; final 4.727.
4cdb602c860efbde3a9e75e6,Air Fryer Apple Crisp,allrecipes.com,allrecipes.com,https://www.allrecipes.com/recipe/281911/air-fryer-apple-crisp/,4.6,14,-0.09393325178093598,4.6914700849912565,4.693933251780936,4.757077176201216,0.0,empirical_history,0.030000000000000006,4.727077176201216,0.65,schema_only,Kim's Cooking Now,Desserts,,0.0,2026-08-18T22:11:58.441699+00:00,766,0.9779562810308781,1.7716909687891083,761,766,0.0,0.0,36,,,,,,,,,0,,False,,,,,,,0.0,0.0,0.0,C,,,Raw 4.600; source/category adjustment +0.094; posterior 4.757; uncertainty -0.000 (empirical_history); evidence -0.030; final 4.727.
706289305118b26da568f27f,Air Fryer Tater Tots,allrecipes.com,allrecipes.com,https://www.allrecipes.com/recipe/275434/air-fryer-tater-tots/,4.6,14,-0.09393325178093598,4.789373351038963,4.693933251780936,4.757077176201216,0.0,empirical_history,0.030000000000000006,4.727077176201216,0.65,schema_only,Soup Loving Nicole,Potatoes | Snacks,,0.0,2026-08-18T22:11:58.441699+00:00,767,0.9779836741659093,1.7716909687891083,762,767,0.0,0.0,36,,,,,,,,,0,,False,,,,,,,0.0,0.0,0.0,C,,,Raw 4.600; source/category adjustment +0.094; posterior 4.757; uncertainty -0.000 (empirical_history); evidence -0.030; final 4.727.
71f9d378ab2925c5ac3bbcf4,Air-Fryer Orange Chicken,eatingwell.com,eatingwell.com,https://www.eatingwell.com/recipe/8042344/air-fryer-orange-chicken/,4.6,9,-0.05839540647617436,4.762901700481689,4.658395406476174,4.757007328986954,0.0,empirical_history,0.030000000000000006,4.727007328986954,0.65,schema_only,"Breana Lai Killeen, M.P.H., RD",Chicken | Breakfast,,0.0,2026-08-18T22:11:58.441699+00:00,768,0.9727064111920706,2.2110831935702664,762,768,0.0,0.0,36,,,,,,,,,0,,False,,,,,,,0.0,0.0,0.0,C,,,Raw 4.600; source/category adjustment +0.058; posterior 4.757; uncertainty -0.000 (empirical_history); evidence -0.030; final 4.727.
c1c49f8aadbe77eba9655273,Air Fryer Artichoke,airfryingfoodie.com,airfryingfoodie.com,https://airfryingfoodie.com/air-fryer-artichoke/,4.6,5,0.031006913164291352,4.774757475038895,4.568993086835708,4.756051621565878,0.0,empirical_history,0.030000000000000006,4.726051621565878,0.65,schema_only,Jen,,,0.0,2026-08-18T22:11:58.441699+00:00,769,0.9904126720763973,0.7637626158259734,767,769,0.0,0.0,36,0.0,0.0,0.0,0.0,0.0,0.0,,,1,2026-08-18T22:11:58.441699+00:00,False,,,,,,,0.0,0.0,0.0,C,,,Raw 4.600; source/category adjustment -0.031; posterior 4.756; uncertainty -0.000 (empirical_history); evidence -0.030; final 4.726.
9e86b2eb6e9d69c75372aba6,Air Fryer Pretzel Bites,airfryingfoodie.com,airfryingfoodie.com,https://airfryingfoodie.com/air-fryer-pretzel-bites/,4.6,5,0.031006913164291352,4.737587349851287,4.568993086835708,4.756051621565878,0.0,empirical_history,0.030000000000000006,4.726051621565878,0.65,schema_only,,Desserts | Snacks,,0.0,2026-08-19T00:34:06.688272+00:00,770,0.9904246917299457,0.7637626158259734,768,770,0.0,0.0,36,,,,,,,,,0,,False,,,,,,,,,,C,,,Raw 4.600; source/category adjustment -0.031; posterior 4.756; uncertainty -0.000 (empirical_history); evidence -0.030; final 4.726.
980132b3cc1fad7691f1536c,Air Fryer Chickpeas,wellplated.com,wellplated.com,https://www.wellplated.com/air-fryer-chickpeas/,4.5,4,-0.005312738771879698,4.774757475038895,4.50531273877188,4.7547986056857825,0.0,empirical_history,0.030000000000000006,4.724798605685782,0.65,schema_only,,,,0.0,2026-08-18T22:11:58.441699+00:00,771,0.9856120509997163,1.1547005383792515,771,774,0.0,0.0,36,,,,,,,,,0,,False,,,,,,,0.0,0.0,0.0,C,,,Raw 4.500; source/category adjustment +0.005; posterior 4.755; uncertainty -0.000 (empirical_history); evidence -0.030; final 4.725.
5584d9a83ed3d1bc0ead1385,Air Fryer Roasted Butternut Squash,spendwithpennies.com,spendwithpennies.com,https://www.spendwithpennies.com/air-fryer-roasted-butternut-squash/,4.81,21,0.10301067989460772,4.737249255689626,4.706989320105392,4.7547133728754645,0.0,empirical_history,0.030000000000000006,4.724713372875464,0.65,schema_only,,Vegetables | Desserts,,0.0,2026-08-18T22:11:58.441699+00:00,772,0.9725420439243506,2.23606797749979,767,774,0.0,0.0,36,,,,,,,,,0,,False,,,,,,,0.0,0.0,0.0,C,,,Raw 4.810; source/category adjustment -0.103; posterior 4.755; uncertainty -0.000 (empirical_history); evidence -0.030; final 4.725.
1f71aa7159177eca07798eb9,Air Fryer Frozen Vegetables,airfryingfoodie.com,airfryingfoodie.com,https://airfryingfoodie.com/air-fryer-frozen-vegetables/,4.73,18,0.031006913164291352,4.783028426387997,4.698993086835709,4.7547021958086395,0.0,empirical_history,0.030000000000000006,4.724702195808639,0.65,schema_only,Jen,Vegetables,,0.0,2026-08-18T21:44:52.082063+00:00,773,0.9888085394126958,0.8975274678557507,770,773,0.0,0.0,36,,,,,,,,,0,,False,,,,,,,,,,C,,,Raw 4.730; source/category adjustment -0.031; posterior 4.755; uncertainty -0.000 (empirical_history); evidence -0.030; final 4.725.
698a3276b126d58b3fcc18eb,Air Fryer Chicken Burgers,airfryingfoodie.com,airfryingfoodie.com,https://airfryingfoodie.com/air-fryer-chicken-burgers/,4.67,9,0.031006913164291352,4.764156948788064,4.6389930868357085,4.754047653109595,0.0,empirical_history,0.030000000000000006,4.7240476531095945,0.65,schema_only,Jen,Chicken | Beef | Breakfast,,0.0,2026-08-18T22:11:58.441699+00:00,774,0.9914195476193604,0.6871842709362768,773,775,0.0,0.0,36,0.0,0.0,0.0,0.0,0.0,0.0,,,1,2026-08-18T22:11:58.441699+00:00,False,,,,,,,0.0,0.0,0.0,C,,,Raw 4.670; source/category adjustment -0.031; posterior 4.754; uncertainty -0.000 (empirical_history); evidence -0.030; final 4.724.
bf272a80c8ffa89a7c6498d5,Air Fryer Coconut Chicken,airfryingfoodie.com,airfryingfoodie.com,https://airfryingfoodie.com/air-fryer-coconut-chicken/,4.67,9,0.031006913164291352,4.762901700481689,4.6389930868357085,4.754047653109595,0.0,empirical_history,0.030000000000000006,4.7240476531095945,0.65,schema_only,Becky,Chicken | Breakfast,,0.0,2026-08-18T22:11:58.441699+00:00,775,0.9914302481477038,0.6871842709362768,774,776,0.0,0.0,36,0.0,0.0,0.0,0.0,0.0,0.0,,,1,2026-08-18T22:11:58.441699+00:00,False,,,,,,,0.0,0.0,0.0,C,,,Raw 4.670; source/category adjustment -0.031; posterior 4.754; uncertainty -0.000 (empirical_history); evidence -0.030; final 4.724.
9394b4b8d89f764bdce29763,Air Fryer Vegetables,loveandlemons.com,loveandlemons.com,https://www.loveandlemons.com/air-fryer-vegetables/,4.73,18,0.03562426953009911,4.783028426387997,4.694375730469901,4.75347995441769,0.0,empirical_history,0.030000000000000006,4.72347995441769,0.65,schema_only,"Jeanine Donofrio, Phoebe Moore",Vegetables,,0.0,2026-08-18T22:11:58.441699+00:00,776,0.9907230980149057,0.7453559924999299,776,778,0.0,0.0,36,,,,,,,,,0,,False,,,,,,,0.0,0.0,0.0,C,,,Raw 4.730; source/category adjustment -0.036; posterior 4.753; uncertainty -0.000 (empirical_history); evidence -0.030; final 4.723.
34822deb312ea941b33e93be,Air Fryer Oven Beef Jerky,allrecipes.com,allrecipes.com,https://www.allrecipes.com/recipe/279345/air-fryer-oven-beef-jerky/,4.3,3,-0.09393325178093598,4.766667445400813,4.393933251780936,4.753201386929953,0.0,empirical_history,0.030000000000000006,4.7232013869299525,0.65,schema_only,Soup Loving Nicole,Beef,,0.0,2026-08-18T22:11:58.441699+00:00,777,0.9834199393026474,1.3437096247164249,775,779,0.0,0.0,36,0.0,0.0,0.0,0.0,0.0,0.0,,,1,2026-08-18T22:11:58.441699+00:00,False,,,,,,,0.0,0.0,0.0,C,,,Raw 4.300; source/category adjustment +0.094; posterior 4.753; uncertainty -0.000 (empirical_history); evidence -0.030; final 4.723.
18891823ed1486e83851d28b,Air Fryer BBQ Chicken Thighs,airfryingfoodie.com,airfryingfoodie.com,https://airfryingfoodie.com/air-fryer-bbq-chicken-thighs/,4.5,4,0.031006913164291352,4.803035731606181,4.468993086835709,4.752108261097918,0.0,empirical_history,0.030000000000000006,4.722108261097918,0.65,schema_only,Jen,Chicken,,0.0,2026-08-18T22:11:58.441699+00:00,778,0.9914621901963537,0.6871842709362768,778,780,0.0,0.0,36,0.0,0.0,0.0,0.0,0.0,0.0,,,1,2026-08-18T22:11:58.441699+00:00,False,,,,,,,0.0,0.0,0.0,C,,,Raw 4.500; source/category adjustment -0.031; posterior 4.752; uncertainty -0.000 (empirical_history); evidence -0.030; final 4.722.
60271737ef0c2cccefa39a15,Air Fryer Breakfast Bowl,airfryingfoodie.com,airfryingfoodie.com,https://airfryingfoodie.com/air-fryer-breakfast-bowl/,4.5,4,0.031006913164291352,4.776137525760326,4.468993086835709,4.752108261097918,0.0,empirical_history,0.030000000000000006,4.722108261097918,0.65,schema_only,,Chicken | Potatoes | Breakfast | Snacks,,0.0,2026-08-18T22:11:58.441699+00:00,779,0.9914727846970562,0.6871842709362768,779,781,0.0,0.0,36,0.0,0.0,0.0,0.0,0.0,0.0,,,1,2026-08-18T22:11:58.441699+00:00,False,,,,,,,0.0,0.0,0.0,C,,,Raw 4.500; source/category adjustment -0.031; posterior 4.752; uncertainty -0.000 (empirical_history); evidence -0.030; final 4.722.
e8fff3781b7a7674dc567d07,Air Fryer Christmas Brownie Mix Cookies,airfryingfoodie.com,airfryingfoodie.com,https://airfryingfoodie.com/air-fryer-christmas-brownie-mix-cookies/,4.5,4,0.031006913164291352,4.732422060245483,4.468993086835709,4.752108261097918,0.0,empirical_history,0.030000000000000006,4.722108261097918,0.65,schema_only,Becky,Vegetables | Desserts | Breakfast,,0.0,2026-08-18T22:11:58.441699+00:00,780,0.9914833529370809,0.6871842709362768,780,782,0.0,0.0,36,0.0,0.0,0.0,0.0,0.0,0.0,,,1,2026-08-18T22:11:58.441699+00:00,False,,,,,,,0.0,0.0,0.0,C,,,Raw 4.500; source/category adjustment -0.031; posterior 4.752; uncertainty -0.000 (empirical_history); evidence -0.030; final 4.722.
9a8c4532228e01a5983f53e0,Air Fryer Potato Chips,wellplated.com,wellplated.com,https://www.wellplated.com/air-fryer-potato-chips/,4.73,69,-0.005312738771879698,4.789373351038963,4.7353127387718805,4.751886157371466,0.0,empirical_history,0.030000000000000006,4.721886157371466,0.65,schema_only,,Potatoes | Snacks,,0.0,2026-08-18T22:11:58.441699+00:00,781,0.9402720361125056,5.08811250749125,777,789,0.0,0.0,36,,,,,,,,,0,,False,,,,,,,0.0,0.0,0.0,B,,,Raw 4.730; source/category adjustment +0.005; posterior 4.752; uncertainty -0.000 (empirical_history); evidence -0.030; final 4.722.
0623f6370c5748fb9fd82c88,Air Fryer Baked Potatoes,budgetbytes.com,budgetbytes.com,https://www.budgetbytes.com/air-fryer-baked-potatoes/,4.34,3,-0.02946317703434832,4.7950420873666095,4.369463177034349,4.751816288359391,0.0,empirical_history,0.030000000000000006,4.721816288359391,0.65,schema_only,,Potatoes,,0.0,2026-08-18T22:11:58.441699+00:00,782,0.9864026292049342,1.1055415967851332,781,784,0.0,0.0,36,,,,,,,,,0,,False,,,,,,,0.0,0.0,0.0,C,,,Raw 4.340; source/category adjustment +0.029; posterior 4.752; uncertainty -0.000 (empirical_history); evidence -0.030; final 4.722.
fbf05cdd58ff287f2d18ff56,Air-Fryer Cauliflower,eatingwell.com,eatingwell.com,https://www.eatingwell.com/recipe/7870640/air-fryer-cauliflower/,4.3,3,-0.05839540647617436,4.783028426387997,4.358395406476174,4.751189810780627,0.0,empirical_history,0.030000000000000006,4.7211898107806265,0.65,schema_only,Karen Rankin,Vegetables,,0.0,2026-08-18T22:11:58.441699+00:00,783,0.9864193324545266,1.1055415967851332,782,785,0.0,0.0,36,,,,,,,,,0,,False,,,,,,,0.0,0.0,0.0,C,,,Raw 4.300; source/category adjustment +0.058; posterior 4.751; uncertainty -0.000 (empirical_history); evidence -0.030; final 4.721.
2c3f3f5fc048d107cf4fdf13,Air Fryer Catfish Nuggets,allrecipes.com,allrecipes.com,https://www.allrecipes.com/recipe/283229/air-fryer-catfish-nuggets/,4.6,21,-0.09393325178093598,4.813761887018254,4.693933251780936,4.750851718864006,0.0,empirical_history,0.030000000000000006,4.720851718864005,0.65,schema_only,Soup Loving Nicole,Seafood | Snacks,,0.0,2026-08-18T22:11:58.441699+00:00,784,0.9732350296341066,2.2110831935702664,782,788,0.0,0.0,36,,,,,,,,,0,,False,,,,,,,0.0,0.0,0.0,C,,,Raw 4.600; source/category adjustment +0.094; posterior 4.751; uncertainty -0.000 (empirical_history); evidence -0.030; final 4.721.
4d59cc4e285eeff57aa55bbf,Air Fryer Falafel,thepioneerwoman.com,thepioneerwoman.com,https://www.thepioneerwoman.com/food-cooking/recipes/a60661709/air-fryer-falafel-recipe/,4.0,2,-0.15,4.774757475038895,4.15,4.750728341383552,0.0,empirical_history,0.030000000000000006,4.720728341383552,0.65,schema_only,Leah Perez,,,0.0,2026-08-18T22:11:58.441699+00:00,785,0.9560928265175604,3.6968455021364726,783,794,0.0,0.0,36,,,,,,,,,0,,False,,,,,,,0.0,0.0,0.0,C,,,Raw 4.000; source/category adjustment +0.150; posterior 4.751; uncertainty -0.000 (empirical_history); evidence -0.030; final 4.721.
274df05f5f25a71b0b8870c0,Air Fryer Blueberry Scones,airfryingfoodie.com,airfryingfoodie.com,https://airfryingfoodie.com/air-fryer-blueberry-scones/,4.63,8,0.031006913164291352,4.7227676693571965,4.5989930868357085,4.7505141111488,0.0,empirical_history,0.030000000000000006,4.7205141111488,0.65,schema_only,Becky,Breakfast,,0.0,2026-08-18T22:11:58.441699+00:00,786,0.986932482833864,1.0671873729054748,783,786,0.0,0.0,36,0.0,0.0,0.0,0.0,0.0,0.0,,,1,2026-08-18T22:11:58.441699+00:00,False,,,,,,,0.0,0.0,0.0,C,,,Raw 4.630; source/category adjustment -0.031; posterior 4.751; uncertainty -0.000 (empirical_history); evidence -0.030; final 4.721.
db61bfb37098ed18cb2c3dd1,Air Fryer Corn on the Cob,airfryingfoodie.com,airfryingfoodie.com,https://airfryingfoodie.com/air-fryer-corn-on-the-cob/,4.63,8,0.031006913164291352,4.774757475038895,4.5989930868357085,4.7505141111488,0.0,empirical_history,0.030000000000000006,4.7205141111488,0.65,schema_only,Becky,,,0.0,2026-08-18T22:11:58.441699+00:00,787,0.9869484642043699,1.0671873729054748,784,787,0.0,0.0,36,0.0,0.0,0.0,0.0,0.0,0.0,,,1,2026-08-18T22:11:58.441699+00:00,False,,,,,,,0.0,0.0,0.0,C,,,Raw 4.630; source/category adjustment -0.031; posterior 4.751; uncertainty -0.000 (empirical_history); evidence -0.030; final 4.721.
a994caee7b8ea35041d525ac,Air Fryer Chickpeas,loveandlemons.com,loveandlemons.com,https://www.loveandlemons.com/air-fryer-chickpeas/,4.63,8,0.03562426953009911,4.774757475038895,4.594375730469901,4.749877234408689,0.0,empirical_history,0.030000000000000006,4.719877234408688,0.65,schema_only,"Jeanine Donofrio, Phoebe Moore",,,0.0,2026-08-18T22:11:58.441699+00:00,788,0.9836419656373528,1.3437096247164249,787,791,0.0,0.0,36,,,,,,,,,0,,False,,,,,,,0.0,0.0,0.0,C,,,Raw 4.630; source/category adjustment -0.036; posterior 4.750; uncertainty -0.000 (empirical_history); evidence -0.030; final 4.720.
f89a254737bdebb0fbf98bf5,Air Fryer Pizza,allrecipes.com,allrecipes.com,https://www.allrecipes.com/recipe/8514636/air-fryer-pizza/,4.5,8,-0.09393325178093598,4.774757475038895,4.593933251780936,4.749816202865383,0.0,empirical_history,0.030000000000000006,4.719816202865383,0.65,schema_only,lutzflcat,,,0.0,2026-08-18T22:11:58.441699+00:00,789,0.9836618553461675,1.3437096247164249,788,792,0.0,0.0,36,0.0,0.0,0.0,0.0,0.0,0.0,,,1,2026-08-18T22:11:58.441699+00:00,False,,,,,,,0.0,0.0,0.0,C,,,Raw 4.500; source/category adjustment +0.094; posterior 4.750; uncertainty -0.000 (empirical_history); evidence -0.030; final 4.720.
965fb2368e7f301f881a2c4c,Air Fryer Buttermilk Fried Chicken,allrecipes.com,allrecipes.com,https://www.allrecipes.com/recipe/272659/air-fryer-buttermilk-fried-chicken/,4.6,23,-0.09393325178093598,4.803035731606181,4.693933251780936,4.749292308806934,0.0,empirical_history,0.030000000000000006,4.719292308806934,0.65,schema_only,Soup Loving Nicole,Chicken,,0.0,2026-08-18T22:11:58.441699+00:00,790,0.9558463039058058,3.7416573867739413,787,796,0.0,0.0,36,,,,,,,,,0,,False,,,,,,,0.0,0.0,0.0,C,,,Raw 4.600; source/category adjustment +0.094; posterior 4.749; uncertainty -0.000 (empirical_history); evidence -0.030; final 4.719.
30687eec5c4008a053a549a1,Air Fryer Salmon,simplyrecipes.com,simplyrecipes.com,https://www.simplyrecipes.com/air-fryer-salmon-recipe-5409236,4.0,2,-0.11176739637550157,4.84381915932519,4.111767396375502,4.7492578566287635,0.0,empirical_history,0.030000000000000006,4.719257856628763,0.65,schema_only,Nick Evans,Seafood,,0.0,2026-08-18T22:11:58.441699+00:00,791,0.9717576480634781,2.3570226039551585,789,796,0.0,0.0,36,,,,,,,,,0,,False,,,,,,,0.0,0.0,0.0,C,,,Raw 4.000; source/category adjustment +0.112; posterior 4.749; uncertainty -0.000 (empirical_history); evidence -0.030; final 4.719.
a85dd960ebab82304a23bc1a,Air Fryer Salt and Vinegar Pumpkin Seeds,allrecipes.com,allrecipes.com,https://www.allrecipes.com/recipe/281925/air-fryer-salt-and-vinegar-pumpkin-seeds/,4.0,2,-0.09393325178093598,4.774757475038895,4.093933251780936,4.748571927990511,0.0,empirical_history,0.030000000000000006,4.718571927990511,0.65,schema_only,Soup Loving Nicole,,,0.0,2026-08-18T22:11:58.441699+00:00,792,0.9734917338450209,2.2110831935702664,791,797,0.0,0.0,36,,,,,,,,,0,,False,,,,,,,0.0,0.0,0.0,C,,,Raw 4.000; source/category adjustment +0.094; posterior 4.749; uncertainty -0.000 (empirical_history); evidence -0.030; final 4.719.
06d81eafb0ed9b031a2eefad,Air Fryer Egg Bites,airfryingfoodie.com,airfryingfoodie.com,https://airfryingfoodie.com/air-fryer-egg-bites/,4.67,12,0.031006913164291352,4.7686195765263655,4.6389930868357085,4.748480496676987,0.0,empirical_history,0.030000000000000006,4.718480496676987,0.65,schema_only,Becky,Pork | Breakfast | Snacks,,0.0,2026-08-18T21:44:52.082063+00:00,793,0.9759903961584635,2.0,791,797,0.0,0.0,36,,,,,,,,,0,,False,,,,,,,,,,C,,,Raw 4.670; source/category adjustment -0.031; posterior 4.748; uncertainty -0.000 (empirical_history); evidence -0.030; final 4.718.
665c70d45203e51325065566,Air Fryer Oreo Cheesecake,airfryingfoodie.com,airfryingfoodie.com,https://airfryingfoodie.com/air-fryer-oreo-cheesecake/,4.67,12,0.031006913164291352,4.707118877174226,4.6389930868357085,4.748480496676987,0.0,empirical_history,0.030000000000000006,4.718480496676987,0.65,schema_only,Becky,Desserts | Breakfast,,0.0,2026-08-19T00:34:06.688272+00:00,794,0.9760191846522781,2.0,792,798,0.0,0.0,36,,,,,,,,,0,,False,,,,,,,,,,C,,,Raw 4.670; source/category adjustment -0.031; posterior 4.748; uncertainty -0.000 (empirical_history); evidence -0.030; final 4.718.
0ba52f6b00abbdb9af0a83d7,Air Fryer Fish,airfryingfoodie.com,airfryingfoodie.com,https://airfryingfoodie.com/air-fryer-fish/,4.34,3,0.031006913164291352,4.783293414341193,4.3089930868357085,4.748393453065129,0.0,empirical_history,0.030000000000000006,4.718393453065128,0.65,schema_only,Jen,Seafood | Breakfast,,0.0,2026-08-18T21:44:52.082063+00:00,795,0.9735867329722943,2.2110831935702664,792,798,0.0,0.0,36,,,,,,,,,0,,False,,,,,,,,,,C,,,Raw 4.340; source/category adjustment -0.031; posterior 4.748; uncertainty -0.000 (empirical_history); evidence -0.030; final 4.718.
25ccc7af58b102844087157d,Air Fryer Mexican Street Corn,airfryingfoodie.com,airfryingfoodie.com,https://airfryingfoodie.com/air-fryer-mexican-street-corn/,4.34,3,0.031006913164291352,4.774757475038895,4.3089930868357085,4.748393453065129,0.0,empirical_history,0.030000000000000006,4.718393453065128,0.65,schema_only,Jen,,,0.0,2026-08-18T23:34:22.619805+00:00,796,0.9736182482158887,2.2110831935702664,793,799,0.0,0.0,36,,,,,,,,,0,,False,,,,,,,,,,C,,,Raw 4.340; source/category adjustment -0.031; posterior 4.748; uncertainty -0.000 (empirical_history); evidence -0.030; final 4.718.
230f448eaade12b864b988d8,Air Fryer Roasted Broccoli and Cauliflower,allrecipes.com,allrecipes.com,https://www.allrecipes.com/recipe/267105/air-fryer-roasted-broccoli-and-cauliflower/,4.6,25,-0.09393325178093598,4.783028426387997,4.693933251780936,4.747816067286242,0.0,empirical_history,0.030000000000000006,4.7178160672862415,0.65,schema_only,Soup Loving Nicole,Vegetables,,0.0,2026-08-18T22:11:58.441699+00:00,797,0.9410191340653676,5.120763831912406,790,802,0.0,0.0,36,,,,,,,,,0,,False,,,,,,,0.0,0.0,0.0,C,,,Raw 4.600; source/category adjustment +0.094; posterior 4.748; uncertainty -0.000 (empirical_history); evidence -0.030; final 4.718.
daa60fcb6328e8f2420181d6,Air Fryer Garlic Steak Bites,therecipecritic.com,therecipecritic.com,https://therecipecritic.com/air-fryer-steak-bites/,4.5,6,-0.022842017616082927,4.775186030056065,4.522842017616083,4.747766533172165,0.0,empirical_history,0.030000000000000006,4.717766533172164,0.65,schema_only,,Beef | Snacks,,0.0,2026-08-18T22:11:58.441699+00:00,798,0.9871217135908923,1.0671873729054748,797,800,0.0,0.0,36,,,,,,,,,0,,False,,,,,,,0.0,0.0,0.0,C,,,Raw 4.500; source/category adjustment +0.023; posterior 4.748; uncertainty -0.000 (empirical_history); evidence -0.030; final 4.718.
ffea046473ca593d872ce90f,Air Fryer Coconut Shrimp,delish.com,delish.com,https://www.delish.com/cooking/recipe-ideas/a27243773/air-fryer-shrimp-recipe/,4.4444447,9,-0.15,4.783293414341193,4.5944447,4.747252136473639,0.0,empirical_history,0.030000000000000006,4.717252136473639,0.65,schema_only,Makinze Gore,Seafood | Breakfast,,0.0,2026-08-18T22:11:58.441699+00:00,799,0.8257013649761664,17.28840330651992,772,817,0.0,0.0,36,,,,,,,,,0,,False,,,,,,,0.0,0.0,0.0,C,,,Raw 4.444; source/category adjustment +0.150; posterior 4.747; uncertainty -0.000 (empirical_history); evidence -0.030; final 4.717.
0125cbe248dd9d78edb29293,Air Fryer Potato Chips,eatingwell.com,eatingwell.com,https://www.eatingwell.com/recipe/8031394/air-fryer-potato-chips/,4.0,2,-0.05839540647617436,4.789373351038963,4.0583954064761745,4.747205087786482,0.0,empirical_history,0.030000000000000006,4.717205087786482,0.65,schema_only,Elizabeth Laseter,Potatoes | Snacks,,0.0,2026-08-18T22:11:58.441699+00:00,800,0.975475675337576,2.0615528128088303,798,803,0.0,0.0,36,,,,,,,,,0,,False,,,,,,,0.0,0.0,0.0,C,,,Raw 4.000; source/category adjustment +0.058; posterior 4.747; uncertainty -0.000 (empirical_history); evidence -0.030; final 4.717.
8b231566e85005d05c1e88e1,Air Fryer Hash Brown Patties,airfryingfoodie.com,airfryingfoodie.com,https://airfryingfoodie.com/air-fryer-hash-brown-patties/,4.58,7,0.031006913164291352,4.7227676693571965,4.548993086835709,4.747032023856047,0.0,empirical_history,0.030000000000000006,4.717032023856047,0.65,schema_only,Becky,Breakfast,,0.0,2026-08-18T23:34:22.619805+00:00,801,0.9886467106247578,0.9428090415820634,799,802,0.0,0.0,36,,,,,,,,,0,,False,,,,,,,,,,C,,,Raw 4.580; source/category adjustment -0.031; posterior 4.747; uncertainty -0.000 (empirical_history); evidence -0.030; final 4.717.
9b76179a586c65b0392ae14c,Air Fryer Tater Tots,delish.com,delish.com,https://www.delish.com/cooking/recipe-ideas/a28109245/air-fryer-tater-tots-recipe/,4.25,4,-0.15,4.7950420873666095,4.4,4.746997662073051,0.0,empirical_history,0.030000000000000006,4.716997662073051,0.65,schema_only,Makinze Gore,Potatoes,,0.0,2026-08-18T22:11:58.441699+00:00,802,0.9131391789366855,7.819136070493267,785,807,0.0,0.0,36,,,,,,,,,0,,False,,,,,,,0.0,0.0,0.0,C,,,Raw 4.250; source/category adjustment +0.150; posterior 4.747; uncertainty -0.000 (empirical_history); evidence -0.030; final 4.717.
a6aaaa451e33b6729db519d3,Air Fryer Pepperoni Chips,allrecipes.com,allrecipes.com,https://www.allrecipes.com/recipe/286373/air-fryer-pepperoni-chips/,4.3,4,-0.09393325178093598,4.783704614711317,4.393933251780936,4.746548273316083,0.0,empirical_history,0.030000000000000006,4.716548273316083,0.65,schema_only,Soup Loving Nicole,Snacks,,0.0,2026-08-18T22:11:58.441699+00:00,803,0.9871989519313887,1.0671873729054748,801,804,0.0,0.0,36,0.0,0.0,0.0,0.0,0.0,0.0,,,1,2026-08-18T22:11:58.441699+00:00,False,,,,,,,0.0,0.0,0.0,C,,,Raw 4.300; source/category adjustment +0.094; posterior 4.747; uncertainty -0.000 (empirical_history); evidence -0.030; final 4.717.
4426b7ca8375f3cab4dd0507,Air Fryer Brussels Sprouts,allrecipes.com,allrecipes.com,https://www.allrecipes.com/recipe/267255/air-fryer-brussels-sprouts/,4.6,28,-0.09393325178093598,4.768394180418593,4.693933251780936,4.745743651305268,0.0,empirical_history,0.030000000000000006,4.715743651305268,0.65,schema_only,Bren,Vegetables | Pork | Breakfast,,0.0,2026-08-18T22:11:58.441699+00:00,804,0.977628234495432,1.8856180831641267,799,804,0.0,0.0,36,,,,,,,,,0,,False,,,,,,,0.0,0.0,0.0,C,,,Raw 4.600; source/category adjustment +0.094; posterior 4.746; uncertainty -0.000 (empirical_history); evidence -0.030; final 4.716.
3e2dd888cf27d626a96dd926,Air-Fryer Salmon with Horseradish Rub,eatingwell.com,eatingwell.com,https://www.eatingwell.com/recipe/270220/air-fryer-salmon-with-horseradish-rub/,4.3,4,-0.05839540647617436,4.84381915932519,4.358395406476174,4.743915840330545,0.0,empirical_history,0.030000000000000006,4.713915840330545,0.65,schema_only,Adam Hickman,Seafood,,0.0,2026-08-18T22:11:58.441699+00:00,805,0.9836139625756296,1.3743685418725535,803,807,0.0,0.0,36,,,,,,,,,0,,False,,,,,,,0.0,0.0,0.0,C,,,Raw 4.300; source/category adjustment +0.058; posterior 4.744; uncertainty -0.000 (empirical_history); evidence -0.030; final 4.714.
08eeb252c73099efbd221607,Air Fryer Mozzarella Sticks,simplyrecipes.com,simplyrecipes.com,https://www.simplyrecipes.com/recipes/air_fryer_mozzarella_sticks/,4.4,7,-0.11176739637550157,4.7227676693571965,4.511767396375502,4.742460447834618,0.0,empirical_history,0.030000000000000006,4.7124604478346175,0.65,schema_only,Carrie Havranek,Breakfast,,0.0,2026-08-18T22:11:58.441699+00:00,806,0.9822725726800153,1.4907119849998598,807,811,0.0,0.0,36,,,,,,,,,0,,False,,,,,,,0.0,0.0,0.0,C,,,Raw 4.400; source/category adjustment +0.112; posterior 4.742; uncertainty -0.000 (empirical_history); evidence -0.030; final 4.712.
9919b515384478966cf48128,Air Fryer Crispy Cauliflower,simplyrecipes.com,simplyrecipes.com,https://www.simplyrecipes.com/recipes/air_fryer_crispy_cauliflower/,4.4,7,-0.11176739637550157,4.752898047872597,4.511767396375502,4.742460447834618,0.0,empirical_history,0.030000000000000006,4.7124604478346175,0.65,schema_only,Nick Evans,Vegetables | Breakfast,,0.0,2026-08-18T22:11:58.441699+00:00,807,0.9822936289543975,1.4907119849998598,808,812,0.0,0.0,36,,,,,,,,,0,,False,,,,,,,0.0,0.0,0.0,C,,,Raw 4.400; source/category adjustment +0.112; posterior 4.742; uncertainty -0.000 (empirical_history); evidence -0.030; final 4.712.
3816ac709666b19fa73e4fcd,Air Fryer Baked Potatoes,simplyrecipes.com,simplyrecipes.com,https://www.simplyrecipes.com/air-fryer-baked-potatoes-recipe-6281225,3.0,1,-0.11176739637550157,4.7950420873666095,3.1117673963755017,4.742149826437652,0.0,empirical_history,0.030000000000000006,4.712149826437652,0.65,schema_only,Kayla Hoang,Potatoes,,0.0,2026-08-18T22:11:58.441699+00:00,808,0.9665282200925449,2.8674417556808756,805,812,0.0,0.0,36,,,,,,,,,0,,False,,,,,,,0.0,-1.0,-14.359381168561216,C,,,Raw 3.000; source/category adjustment +0.112; posterior 4.742; uncertainty -0.000 (empirical_history); evidence -0.030; final 4.712.
3ab844b780627905d2b97e12,Air Fryer Old Bay® Chicken Wings,allrecipes.com,allrecipes.com,https://www.allrecipes.com/recipe/274731/air-fryer-old-bay-chicken-wings/,4.6,34,-0.09393325178093598,4.803035731606181,4.693933251780936,4.742042908482102,0.0,empirical_history,0.030000000000000006,4.712042908482101,0.65,schema_only,Yoly,Chicken,,0.0,2026-08-18T22:11:58.441699+00:00,809,0.9707892187273682,2.494438257849294,804,811,0.0,0.0,36,0.0,0.0,0.0,0.0,0.0,0.0,,,1,2026-08-18T22:11:58.441699+00:00,False,,,,,,,0.0,0.0,0.0,C,,,Raw 4.600; source/category adjustment +0.094; posterior 4.742; uncertainty -0.000 (empirical_history); evidence -0.030; final 4.712.
57871dc225031ebf595abfd6,Air Fryer Chickpeas,airfryingfoodie.com,airfryingfoodie.com,https://airfryingfoodie.com/air-fryer-chickpeas/,4.5,6,0.031006913164291352,4.774757475038895,4.468993086835709,4.741997004874268,0.0,empirical_history,0.030000000000000006,4.711997004874267,0.65,schema_only,Becky,,,0.0,2026-08-18T22:11:58.441699+00:00,810,0.9795584930252371,1.7320508075688772,806,811,0.0,0.0,36,0.0,0.0,0.0,0.0,0.0,0.0,,,1,2026-08-18T22:11:58.441699+00:00,False,,,,,,,0.0,0.0,0.0,C,,,Raw 4.500; source/category adjustment -0.031; posterior 4.742; uncertainty -0.000 (empirical_history); evidence -0.030; final 4.712.
f18ae2419fd93e1578076f5e,Air Fryer Apple Pie Taquitos,airfryingfoodie.com,airfryingfoodie.com,https://airfryingfoodie.com/air-fryer-apple-pie-taquitos/,4.73,40,0.031006913164291352,4.737587349851287,4.698993086835709,4.741084413615257,0.0,empirical_history,0.030000000000000006,4.711084413615256,0.65,schema_only,Becky,Desserts | Snacks,,0.0,2026-08-18T22:11:58.441699+00:00,811,0.9641354808373181,3.0912061651652345,806,814,0.0,0.0,36,0.0,0.0,0.0,0.0,0.0,0.0,,,1,2026-08-18T22:11:58.441699+00:00,False,,,,,,,0.0,0.0,0.0,C,,,Raw 4.730; source/category adjustment -0.031; posterior 4.741; uncertainty -0.000 (empirical_history); evidence -0.030; final 4.711.
4441e705d7c34d2463b13faf,Air Fryer Chicken Drumsticks,airfryingfoodie.com,airfryingfoodie.com,https://airfryingfoodie.com/air-fryer-chicken-drumsticks/,4.75,79,0.031006913164291352,4.803035731606181,4.718993086835709,4.740607190790431,0.0,empirical_history,0.030000000000000006,4.710607190790431,0.65,schema_only,Becky,Chicken,,0.0,2026-08-18T22:11:58.441699+00:00,812,0.9374618810853192,5.550275268448904,803,816,0.0,0.0,36,0.0,0.0,0.0,0.0,0.0,0.0,,,1,2026-08-18T22:11:58.441699+00:00,False,,,,,,,0.0,0.0,0.0,B,,,Raw 4.750; source/category adjustment -0.031; posterior 4.741; uncertainty -0.000 (empirical_history); evidence -0.030; final 4.711.
916ac89ba9f629e2bcc5e885,Air Fryer Frozen Fish Fillets,airfryingfoodie.com,airfryingfoodie.com,https://airfryingfoodie.com/air-fryer-frozen-fish-fillets/,4.6,10,0.031006913164291352,4.84381915932519,4.568993086835708,4.740463410338363,0.0,empirical_history,0.030000000000000006,4.710463410338363,0.65,schema_only,Jen,Seafood,,0.0,2026-08-18T21:44:52.082063+00:00,813,0.9824189236049395,1.4907119849998598,810,814,0.0,0.0,36,,,,,,,,,0,,False,,,,,,,,,,C,,,Raw 4.600; source/category adjustment -0.031; posterior 4.740; uncertainty -0.000 (empirical_history); evidence -0.030; final 4.710.
84304a9683ad3d027eaf8066,Air Fryer Fried Chicken,budgetbytes.com,budgetbytes.com,https://www.budgetbytes.com/air-fryer-fried-chicken/,4.55,11,-0.02946317703434832,4.762901700481689,4.579463177034349,4.739540470480698,0.0,empirical_history,0.030000000000000006,4.709540470480698,0.65,schema_only,,Chicken | Breakfast,,0.0,2026-08-18T22:11:58.441699+00:00,814,0.9717255445773616,2.4267032964268394,812,818,0.0,0.0,36,,,,,,,,,0,,False,,,,,,,0.0,0.0,0.0,C,,,Raw 4.550; source/category adjustment +0.029; posterior 4.740; uncertainty -0.000 (empirical_history); evidence -0.030; final 4.710.
0406f30ffd9fd15f8a13ed43,Air Fryer Corn Dogs,airfryingfoodie.com,airfryingfoodie.com,https://airfryingfoodie.com/air-fryer-corn-dogs/,4.41,5,0.031006913164291352,4.774757475038895,4.378993086835709,4.738778894293151,0.0,empirical_history,0.030000000000000006,4.70877889429315,0.65,schema_only,Becky,,,0.0,2026-08-18T22:11:58.441699+00:00,815,0.9759825917943666,2.0548046676563256,814,819,0.0,0.0,36,0.0,0.0,0.0,0.0,0.0,0.0,,,1,2026-08-18T22:11:58.441699+00:00,False,,,,,,,0.0,0.0,0.0,C,,,Raw 4.410; source/category adjustment -0.031; posterior 4.739; uncertainty -0.000 (empirical_history); evidence -0.030; final 4.709.
2fc469ce909f382aa8ef9f02,Air Fryer Baby Back Ribs,allrecipes.com,allrecipes.com,https://www.allrecipes.com/recipe/275250/air-fryer-baby-back-ribs/,4.6,41,-0.09393325178093598,4.774757475038895,4.693933251780936,4.738342165658936,0.0,empirical_history,0.030000000000000006,4.7083421656589355,0.65,schema_only,Yoly,,,0.0,2026-08-18T22:11:58.441699+00:00,816,0.9598600589003276,3.496029493900505,810,819,0.0,0.0,36,,,,,,,,,0,,False,,,,,,,0.0,0.0,0.0,C,,,Raw 4.600; source/category adjustment +0.094; posterior 4.738; uncertainty -0.000 (empirical_history); evidence -0.030; final 4.708.
7fc03f86135bea24f5edeae8,Air Fryer Chicken Cordon Bleu,allrecipes.com,allrecipes.com,https://www.allrecipes.com/recipe/278806/air-fryer-chicken-cordon-bleu/,4.6,42,-0.09393325178093598,4.775063282157987,4.693933251780936,4.737859460073304,0.0,empirical_history,0.030000000000000006,4.707859460073304,0.65,schema_only,Soup Loving Nicole,Chicken | Pork | Breakfast,,0.0,2026-08-18T22:11:58.441699+00:00,817,0.9649882079906174,3.0368111930480994,814,821,0.0,0.0,36,,,,,,,,,0,,False,,,,,,,0.0,0.0,0.0,C,,,Raw 4.600; source/category adjustment +0.094; posterior 4.738; uncertainty -0.000 (empirical_history); evidence -0.030; final 4.708.
5fc153ae4569d420ba4333e2,Air Fryer Parmesan Crusted Chicken,airfryingfoodie.com,airfryingfoodie.com,https://airfryingfoodie.com/air-fryer-parmesan-crusted-chicken/,4.72,38,0.031006913164291352,4.803035731606181,4.688993086835708,4.737722852860246,0.0,empirical_history,0.030000000000000006,4.707722852860246,0.65,schema_only,Becky,Chicken,,0.0,2026-08-19T00:34:06.688272+00:00,818,0.9772505481237572,1.9507833184532708,815,820,0.0,0.0,36,,,,,,,,,0,,False,,,,,,,,,,C,,,Raw 4.720; source/category adjustment -0.031; posterior 4.738; uncertainty -0.000 (empirical_history); evidence -0.030; final 4.708.
c34be248145cbc52826df3c8,Two-Ingredient Air Fryer Bagels,allrecipes.com,allrecipes.com,https://www.allrecipes.com/recipe/8398174/two-ingredient-air-fryer-bagels/,4.5,13,-0.09393325178093598,4.7227676693571965,4.593933251780936,4.737444540080903,0.0,empirical_history,0.030000000000000006,4.707444540080902,0.65,schema_only,lutzflcat,Breakfast,,0.0,2026-08-18T22:11:58.441699+00:00,819,0.9816042199246791,1.5723301886761005,816,820,0.0,0.0,36,,,,,,,,,0,,False,,,,,,,0.0,0.0,0.0,C,,,Raw 4.500; source/category adjustment +0.094; posterior 4.737; uncertainty -0.000 (empirical_history); evidence -0.030; final 4.707.
30e07a8ead9871367d19942e,Air Fryer Apple Crumble,allrecipes.com,allrecipes.com,https://www.allrecipes.com/recipe/281984/air-fryer-apple-crumble/,4.0,3,-0.09393325178093598,4.6914700849912565,4.093933251780936,4.736220254854482,0.0,empirical_history,0.030000000000000006,4.706220254854482,0.65,schema_only,Yoly,Desserts,,0.0,2026-08-18T22:11:58.441699+00:00,820,0.9689554456428964,2.6912925436591904,817,824,0.0,0.0,36,,,,,,,,,0,,False,,,,,,,0.0,0.0,0.0,C,,,Raw 4.000; source/category adjustment +0.094; posterior 4.736; uncertainty -0.000 (empirical_history); evidence -0.030; final 4.706.
a81b3607de40c5e43d205300,Air Fryer Bang Bang Shrimp,delish.com,delish.com,https://www.delish.com/cooking/recipe-ideas/a65595788/air-fryer-bang-bang-shrimp-recipe/,4.2,5,-0.15,4.783205085023461,4.3500000000000005,4.736143159126268,0.0,empirical_history,0.030000000000000006,4.706143159126268,0.65,schema_only,Francesca Zani,Vegetables | Seafood | Breakfast,,0.0,2026-08-18T22:11:58.441699+00:00,821,0.9319401976592371,6.141841924229427,810,830,0.0,0.0,36,,,,,,,,,0,,False,,,,,,,0.0,0.0,0.0,C,,,Raw 4.200; source/category adjustment +0.150; posterior 4.736; uncertainty -0.000 (empirical_history); evidence -0.030; final 4.706.
9f5e167064dc6cb4c354f561,Air Fryer Falafel,simplyrecipes.com,simplyrecipes.com,https://www.simplyrecipes.com/recipes/air_fryer_falafel/,4.4,9,-0.11176739637550157,4.774757475038895,4.511767396375502,4.734640344395326,0.0,empirical_history,0.030000000000000006,4.704640344395326,0.65,schema_only,Nick Evans,,,0.0,2026-08-18T22:11:58.441699+00:00,822,0.9887991649588447,0.9537935951882998,822,825,0.0,0.0,36,,,,,,,,,0,,False,,,,,,,0.0,0.0,0.0,C,,,Raw 4.400; source/category adjustment +0.112; posterior 4.735; uncertainty -0.000 (empirical_history); evidence -0.030; final 4.705.
374ff6d8ca4d771ab6185616,Air Fryer Chicken Kiev,allrecipes.com,allrecipes.com,https://www.allrecipes.com/recipe/278820/air-fryer-chicken-kiev/,4.3,6,-0.09393325178093598,4.762901700481689,4.393933251780936,4.733954879689828,0.0,empirical_history,0.030000000000000006,4.703954879689828,0.65,schema_only,Soup Loving Nicole,Chicken | Breakfast,,0.0,2026-08-18T22:11:58.441699+00:00,823,0.9790844272104201,1.8008485654145259,821,827,0.0,0.0,36,,,,,,,,,0,,False,,,,,,,0.0,0.0,0.0,C,,,Raw 4.300; source/category adjustment +0.094; posterior 4.734; uncertainty -0.000 (empirical_history); evidence -0.030; final 4.704.
d953a82d015bb3d81ba6ba30,Air Fryer Onions,airfryingfoodie.com,airfryingfoodie.com,https://airfryingfoodie.com/air-fryer-onions/,4.25,4,0.031006913164291352,4.774757475038895,4.218993086835709,4.7335897425794,0.0,empirical_history,0.030000000000000006,4.7035897425794,0.65,schema_only,Jen,,,0.0,2026-08-19T00:34:06.688272+00:00,824,0.9787613607250022,1.8314384146529925,822,828,0.0,0.0,36,,,,,,,,,0,,False,,,,,,,,,,C,,,Raw 4.250; source/category adjustment -0.031; posterior 4.734; uncertainty -0.000 (empirical_history); evidence -0.030; final 4.704.
e72da7355646e93ae5d3cb13,Air Fryer &#34;Sun-Dried&#34; Tomatoes,allrecipes.com,allrecipes.com,https://www.allrecipes.com/recipe/283222/air-fryer-sun-dried-tomatoes/,4.5,15,-0.09393325178093598,4.774757475038895,4.593933251780936,4.733028808133212,0.0,empirical_history,0.030000000000000006,4.703028808133212,0.65,schema_only,Soup Loving Nicole,,,0.0,2026-08-18T22:11:58.441699+00:00,825,0.9834551400968365,1.4215601757693317,822,827,0.0,0.0,36,,,,,,,,,0,,False,,,,,,,0.0,0.0,0.0,C,,,Raw 4.500; source/category adjustment +0.094; posterior 4.733; uncertainty -0.000 (empirical_history); evidence -0.030; final 4.703.
8f291f82e5842e630135c5f9,Air Fryer Lemon Pepper Shrimp,allrecipes.com,allrecipes.com,https://www.allrecipes.com/recipe/267247/air-fryer-lemon-pepper-shrimp/,4.6,57,-0.09393325178093598,4.84381915932519,4.693933251780936,4.731701580406151,0.0,empirical_history,0.030000000000000006,4.701701580406151,0.65,schema_only,bdweld,Seafood,,0.0,2026-08-18T22:11:58.441699+00:00,826,0.9459636185845227,4.8326148891326595,820,832,0.0,0.0,36,0.0,0.0,0.0,0.0,0.0,0.0,,,1,2026-08-18T22:11:58.441699+00:00,False,,,,,,,0.0,0.0,0.0,B,,,Raw 4.600; source/category adjustment +0.094; posterior 4.732; uncertainty -0.000 (empirical_history); evidence -0.030; final 4.702.
d1cdde8fd2787668ad1d3862,Air Fryer Cookies,delish.com,delish.com,https://www.delish.com/cooking/recipe-ideas/a36290046/air-fryer-cookies-recipe/,3.5,2,-0.15,4.732647456353257,3.65,4.731497572152783,0.0,empirical_history,0.030000000000000006,4.701497572152783,0.65,schema_only,Makinze Gore,Desserts | Breakfast | Snacks,,0.0,2026-08-18T22:11:58.441699+00:00,827,0.9565455172690392,3.8477987935383986,825,837,0.0,0.0,36,,,,,,,,,0,,False,,,,,,,0.0,0.0,0.0,C,,,Raw 3.500; source/category adjustment +0.150; posterior 4.731; uncertainty -0.000 (empirical_history); evidence -0.030; final 4.701.
4491c258fc9e4166fcc6ca22,Air Fryer Egg Rolls,wellplated.com,wellplated.com,https://www.wellplated.com/air-fryer-egg-rolls/,4.62,21,-0.005312738771879698,4.769610609117125,4.62531273877188,4.730555510790904,0.0,empirical_history,0.030000000000000006,4.700555510790903,0.65,schema_only,,Chicken | Vegetables | Breakfast,,0.0,2026-08-18T22:11:58.441699+00:00,828,0.9864630436945192,1.1636866703140785,826,830,0.0,0.0,36,,,,,,,,,0,,False,,,,,,,0.0,0.0,0.0,C,,,Raw 4.620; source/category adjustment +0.005; posterior 4.731; uncertainty -0.000 (empirical_history); evidence -0.030; final 4.701.
3b0b23e5ecea6ee70fdfc708,Ridiculously Good Air Fryer Broccoli,pinchofyum.com,pinchofyum.com,https://pinchofyum.com/air-fryer-broccoli,4.6,16,0.01228737174583198,4.783028426387997,4.587712628254168,4.729413269757749,0.0,empirical_history,0.030000000000000006,4.699413269757748,0.65,schema_only,Lindsay Ostrom,Vegetables,,0.0,2026-08-18T22:11:58.441699+00:00,829,0.9867204270998104,1.1426091000668406,830,834,0.0,0.0,36,,,,,,,,,0,,False,,,,,,,0.0,0.0,0.0,C,,,Raw 4.600; source/category adjustment -0.012; posterior 4.729; uncertainty -0.000 (empirical_history); evidence -0.030; final 4.699.
0a3cdee39e7f74c23c1be74d,Air Fryer Copycat Chick Fil A Sandwich,airfryingfoodie.com,airfryingfoodie.com,https://airfryingfoodie.com/air-fryer-copycat-chick-fil-a-sandwich/,4.64,19,0.031006913164291352,4.762901700481689,4.608993086835708,4.729112208722075,0.0,empirical_history,0.030000000000000006,4.699112208722075,0.65,schema_only,Jen,Chicken | Breakfast,,0.0,2026-08-18T22:11:58.441699+00:00,830,0.9812470332653119,1.6244657241348273,829,834,0.0,0.0,36,0.0,0.0,0.0,0.0,0.0,0.0,,,1,2026-08-18T22:11:58.441699+00:00,False,,,,,,,0.0,0.0,0.0,C,,,Raw 4.640; source/category adjustment -0.031; posterior 4.729; uncertainty -0.000 (empirical_history); evidence -0.030; final 4.699.
3832f67530a584208551caff,"Air Fryer Italian Sausages, Peppers, and Onions",allrecipes.com,allrecipes.com,https://www.allrecipes.com/recipe/279528/air-fryer-italian-sausages-peppers-and-onions/,4.5,17,-0.09393325178093598,4.761077057433891,4.593933251780936,4.728876701973443,0.0,empirical_history,0.030000000000000006,4.698876701973442,0.65,schema_only,Bren,Pork | Breakfast,,0.0,2026-08-18T22:11:58.441699+00:00,831,0.9862065733271168,1.1902380714238083,831,835,0.0,0.0,36,0.0,0.0,0.0,0.0,0.0,0.0,,,1,2026-08-18T22:11:58.441699+00:00,False,,,,,,,0.0,0.0,0.0,C,,,Raw 4.500; source/category adjustment +0.094; posterior 4.729; uncertainty -0.000 (empirical_history); evidence -0.030; final 4.699.
9fa9c2cc70127fb102e42f15,Air Fryer Ravioli,allrecipes.com,allrecipes.com,https://www.allrecipes.com/recipe/278684/air-fryer-ravioli/,4.5,17,-0.09393325178093598,4.7227676693571965,4.593933251780936,4.728876701973443,0.0,empirical_history,0.030000000000000006,4.698876701973442,0.65,schema_only,Kim's Cooking Now,Breakfast,,0.0,2026-08-18T22:11:58.441699+00:00,832,0.9862225397452921,1.1902380714238083,832,836,0.0,0.0,36,,,,,,,,,0,,False,,,,,,,0.0,0.0,0.0,C,,,Raw 4.500; source/category adjustment +0.094; posterior 4.729; uncertainty -0.000 (empirical_history); evidence -0.030; final 4.699.
0dade90bbbb4313c8021acfe,Air Fryer Brownie Mix Cookies,airfryingfoodie.com,airfryingfoodie.com,https://airfryingfoodie.com/air-fryer-brownie-mix-cookies/,4.43,7,0.031006913164291352,4.732422060245483,4.398993086835708,4.728610971224468,0.0,empirical_history,0.030000000000000006,4.6986109712244675,0.65,schema_only,Becky,Vegetables | Desserts | Breakfast,,0.0,2026-08-18T22:11:58.441699+00:00,833,0.9540091187425006,4.112143263825109,828,839,0.0,0.0,36,0.0,0.0,0.0,0.0,0.0,0.0,,,1,2026-08-18T22:11:58.441699+00:00,False,,,,,,,0.0,0.0,0.0,C,,,Raw 4.430; source/category adjustment -0.031; posterior 4.729; uncertainty -0.000 (empirical_history); evidence -0.030; final 4.699.
4c923b7f5c2bf87e2d708bbe,Air Fryer Grilled Chicken Breast,airfryingfoodie.com,airfryingfoodie.com,https://airfryingfoodie.com/air-fryer-grilled-chicken-breast/,4.43,7,0.031006913164291352,4.803035731606181,4.398993086835708,4.728610971224468,0.0,empirical_history,0.030000000000000006,4.6986109712244675,0.65,schema_only,Jen,Chicken,,0.0,2026-08-18T21:44:52.082063+00:00,834,0.9540604982308925,4.112143263825109,829,840,0.0,0.0,36,,,,,,,,,0,,False,,,,,,,,,,C,,,Raw 4.430; source/category adjustment -0.031; posterior 4.729; uncertainty -0.000 (empirical_history); evidence -0.030; final 4.699.
322be631d00e0495ff982672,Air Fryer Potatoes,thepioneerwoman.com,thepioneerwoman.com,https://www.thepioneerwoman.com/food-cooking/recipes/a37975485/air-fryer-potatoes-recipe/,4.0,4,-0.15,4.7950420873666095,4.15,4.728479143554533,0.0,empirical_history,0.030000000000000006,4.6984791435545326,0.65,schema_only,Erin Merhar,Potatoes,,0.0,2026-08-18T22:11:58.441699+00:00,835,0.9331471025108012,6.12542515531235,828,846,0.0,0.0,36,,,,,,,,,0,,False,,,,,,,0.0,0.0,0.0,C,,,Raw 4.000; source/category adjustment +0.150; posterior 4.728; uncertainty -0.000 (empirical_history); evidence -0.030; final 4.698.
a99b6994ccece0c49a8c0965,Air Fryer Potato Wedges,therecipecritic.com,therecipecritic.com,https://therecipecritic.com/air-fryer-potato-wedges/,3.5,2,-0.022842017616082927,4.7950420873666095,3.522842017616083,4.726606880522632,0.0,empirical_history,0.030000000000000006,4.696606880522632,0.65,schema_only,,Potatoes,,0.0,2026-08-18T22:11:58.441699+00:00,836,0.9636773555338405,3.2264101137676566,835,844,0.0,0.0,36,,,,,,,,,0,,False,,,,,,,0.0,0.0,0.0,C,,,Raw 3.500; source/category adjustment +0.023; posterior 4.727; uncertainty -0.000 (empirical_history); evidence -0.030; final 4.697.
babb28546861f8b3d49b7683,Air Fryer Breakfast Frittata,allrecipes.com,allrecipes.com,https://www.allrecipes.com/recipe/267403/air-fryer-breakfast-frittata/,4.6,74,-0.09393325178093598,4.761077057433891,4.693933251780936,4.726523664384952,0.0,empirical_history,0.030000000000000006,4.6965236643849515,0.65,schema_only,bdweld,Pork | Breakfast,,0.0,2026-08-18T22:11:58.441699+00:00,837,0.9130674979638647,8.159435574161297,827,846,0.0,0.0,36,0.0,0.0,0.0,0.0,0.0,0.0,,,1,2026-08-18T22:11:58.441699+00:00,False,,,,,,,0.0,0.0,0.0,B,,,Raw 4.600; source/category adjustment +0.094; posterior 4.727; uncertainty -0.000 (empirical_history); evidence -0.030; final 4.697.
b14eebd0350b79ee84d47047,Air Fryer Crab Rangoon,simplyrecipes.com,simplyrecipes.com,https://www.simplyrecipes.com/recipes/air_fryer_crab_rangoon/,4.0,4,-0.11176739637550157,4.774757475038895,4.111767396375502,4.725647098841606,0.0,empirical_history,0.030000000000000006,4.695647098841606,0.65,schema_only,Nick Evans,,,0.0,2026-08-18T22:11:58.441699+00:00,838,0.9562496620680699,3.925521904437959,837,847,0.0,0.0,36,,,,,,,,,0,,False,,,,,,,0.0,0.0,0.0,C,,,Raw 4.000; source/category adjustment +0.112; posterior 4.726; uncertainty -0.000 (empirical_history); evidence -0.030; final 4.696.
bba45d81639156c5a2edd69a,Air Fryer Carrot Cake,airfryingfoodie.com,airfryingfoodie.com,https://airfryingfoodie.com/air-fryer-carrot-cake/,4.62,18,0.031006913164291352,4.732422060245483,4.588993086835709,4.725584548749816,0.0,empirical_history,0.030000000000000006,4.695584548749816,0.65,schema_only,Becky,Vegetables | Desserts | Breakfast,,0.0,2026-08-18T22:11:58.441699+00:00,839,0.9848630528004356,1.3202482931462383,838,843,0.0,0.0,36,0.0,0.0,0.0,0.0,0.0,0.0,,,1,2026-08-18T22:11:58.441699+00:00,False,,,,,,,0.0,0.0,0.0,C,,,Raw 4.620; source/category adjustment -0.031; posterior 4.726; uncertainty -0.000 (empirical_history); evidence -0.030; final 4.696.
275b2d2c00d08b6a4bf5dd02,Bacon-Wrapped Air Fryer Chicken Breasts,skinnytaste.com,skinnytaste.com,https://www.skinnytaste.com/bacon-wrapped-air-fryer-chicken-breast/,4.66,20,0.057660045864427495,4.775063282157987,4.602339954135573,4.725495326209375,0.0,empirical_history,0.030000000000000006,4.695495326209374,0.65,schema_only,,Chicken | Pork | Breakfast,,0.0,2026-08-18T22:11:58.441699+00:00,840,0.9811055359795656,1.6562172428626492,837,842,0.0,0.0,36,,,,,,,,,0,,False,,,,,,,0.0,0.0,0.0,C,,,Raw 4.660; source/category adjustment -0.058; posterior 4.725; uncertainty -0.000 (empirical_history); evidence -0.030; final 4.695.
59e448651c18b462a1122d90,Air Fryer Cheeseburgers,delish.com,delish.com,https://www.delish.com/cooking/recipe-ideas/a28509043/air-fryer-hamburger-recipe/,4.3846154,13,-0.15,4.783026945455699,4.534615400000001,4.725204348443567,0.0,empirical_history,0.030000000000000006,4.695204348443567,0.65,schema_only,Makinze Gore,Beef | Pork,,0.0,2026-08-18T22:11:58.441699+00:00,841,0.852126631478413,14.94132040870403,821,859,0.0,0.0,36,,,,,,,,,0,,False,,,,,,,0.0,0.0,0.0,C,,,Raw 4.385; source/category adjustment +0.150; posterior 4.725; uncertainty -0.000 (empirical_history); evidence -0.030; final 4.695.
e6d49043a01af4a9097c9d4f,Air Fryer Onion Rings,loveandlemons.com,loveandlemons.com,https://www.loveandlemons.com/air-fryer-onion-rings/,4.72,63,0.03562426953009911,4.7227676693571965,4.684375730469901,4.724367652845562,0.0,empirical_history,0.030000000000000006,4.694367652845561,0.65,schema_only,"Jeanine Donofrio, Phoebe Moore",Breakfast,,0.0,2026-08-18T22:11:58.441699+00:00,842,0.9333338962525538,6.1570871540219585,833,849,0.0,0.0,36,,,,,,,,,0,,False,,,,,,,0.0,0.0,0.0,B,,,Raw 4.720; source/category adjustment -0.036; posterior 4.724; uncertainty -0.000 (empirical_history); evidence -0.030; final 4.694.
882dc40c86cbc3fd24e5eed5,Air Fryer Baked Sweet Potato,loveandlemons.com,loveandlemons.com,https://www.loveandlemons.com/air-fryer-sweet-potato/,4.34,6,0.03562426953009911,4.7950420873666095,4.304375730469901,4.724359430977931,0.0,empirical_history,0.030000000000000006,4.694359430977931,0.65,schema_only,"Jeanine Donofrio, Phoebe Moore",Potatoes,,0.0,2026-08-18T22:11:58.441699+00:00,843,0.9497435313856208,4.566636252940086,838,849,0.0,0.0,36,,,,,,,,,0,,False,,,,,,,0.0,0.0,0.0,C,,,Raw 4.340; source/category adjustment -0.036; posterior 4.724; uncertainty -0.000 (empirical_history); evidence -0.030; final 4.694.
34a24ccab926914269009c2d,Air Fryer French Toast,allrecipes.com,allrecipes.com,https://www.allrecipes.com/recipe/283136/air-fryer-french-toast/,4.4,11,-0.09393325178093598,4.707118877174226,4.493933251780937,4.72411704133664,0.0,empirical_history,0.030000000000000006,4.694117041336639,0.65,schema_only,Yoly,Desserts | Breakfast,,0.0,2026-08-18T22:11:58.441699+00:00,844,0.9780980991311298,1.9346977943739831,841,847,0.0,0.0,36,,,,,,,,,0,,False,,,,,,,0.0,0.0,0.0,C,,,Raw 4.400; source/category adjustment +0.094; posterior 4.724; uncertainty -0.000 (empirical_history); evidence -0.030; final 4.694.
479d98aea76a7b53447818d2,Juicy Air Fryer Chicken Bites,airfryingfoodie.com,airfryingfoodie.com,https://airfryingfoodie.com/air-fryer-chicken-bites/,4.5,10,0.031006913164291352,4.793370173158749,4.468993086835709,4.723796743671697,0.0,empirical_history,0.030000000000000006,4.6937967436716965,0.65,schema_only,,Chicken | Snacks,,0.0,2026-08-18T22:11:58.441699+00:00,845,0.9781228653161399,1.9346977943739831,842,848,0.0,0.0,36,0.0,0.0,0.0,0.0,0.0,0.0,,,1,2026-08-18T22:11:58.441699+00:00,False,,,,,,,0.0,0.0,0.0,C,,,Raw 4.500; source/category adjustment -0.031; posterior 4.724; uncertainty -0.000 (empirical_history); evidence -0.030; final 4.694.
920bf22cab15271c0d5c3e5a,Air Fryer Mozzarella Sticks,thepioneerwoman.com,thepioneerwoman.com,https://www.thepioneerwoman.com/food-cooking/recipes/a38527602/air-fryer-mozzarella-sticks-recipe/,2.0,1,-0.15,4.7227676693571965,2.15,4.723291642194995,0.0,empirical_history,0.030000000000000006,4.693291642194994,0.65,schema_only,,Breakfast,,0.0,2026-08-18T22:11:58.441699+00:00,846,0.9510895805418982,4.453463071962463,841,852,0.0,0.0,36,,,,,,,,,0,,False,,,,,,,0.0,0.0,0.0,C,,,Raw 2.000; source/category adjustment +0.150; posterior 4.723; uncertainty -0.000 (empirical_history); evidence -0.030; final 4.693.
005af2f43be635492ca15107,Air Fryer Apple Pies,allrecipes.com,allrecipes.com,https://www.allrecipes.com/recipe/274026/air-fryer-apple-pies/,4.5,21,-0.09393325178093598,4.6914700849912565,4.593933251780936,4.721274254075273,0.0,empirical_history,0.030000000000000006,4.691274254075273,0.65,schema_only,Kim's Cooking Now,Desserts,,0.0,2026-08-18T22:11:58.441699+00:00,847,0.9854491000299198,1.2801909579781015,847,851,0.0,0.0,36,0.0,0.0,0.0,0.0,0.0,0.0,,,1,2026-08-18T22:11:58.441699+00:00,False,,,,,,,0.0,0.0,0.0,C,,,Raw 4.500; source/category adjustment +0.094; posterior 4.721; uncertainty -0.000 (empirical_history); evidence -0.030; final 4.691.
185ae6d049e83d2d3d43e347,Air Fryer Parmesan Steak Fries,thepioneerwoman.com,thepioneerwoman.com,https://www.thepioneerwoman.com/food-cooking/recipes/a44040813/air-fryer-parmesan-steak-fries-recipe/,3.6666666999999995,3,-0.15,4.781804715826246,3.8166666999999994,4.720525921734806,0.0,empirical_history,0.030000000000000006,4.690525921734806,0.65,schema_only,Ree Drummond,Potatoes | Beef | Snacks,,0.0,2026-08-18T22:11:58.441699+00:00,848,0.9636016221255419,3.278719262151,846,856,0.0,0.0,36,,,,,,,,,0,,False,,,,,,,0.0,0.0,0.0,C,,,Raw 3.667; source/category adjustment +0.150; posterior 4.721; uncertainty -0.000 (empirical_history); evidence -0.030; final 4.691.
03744a0b7a4368f0aee2982e,Crispy Air Fryer Chickpeas,simplyrecipes.com,simplyrecipes.com,https://www.simplyrecipes.com/recipes/crispy_air_fryer_chickpeas/,3.7,3,-0.11176739637550157,4.783028426387997,3.811767396375502,4.720248602661721,0.0,empirical_history,0.030000000000000006,4.690248602661721,0.65,schema_only,Carrie Havranek,Vegetables,,0.0,2026-08-18T22:11:58.441699+00:00,849,0.964606799621962,3.1885210782848317,846,855,0.0,0.0,36,,,,,,,,,0,,False,,,,,,,0.0,0.0,0.0,C,,,Raw 3.700; source/category adjustment +0.112; posterior 4.720; uncertainty -0.000 (empirical_history); evidence -0.030; final 4.690.
d288acfa23361ab5d376e287,Air Fryer Halibut,airfryingfoodie.com,airfryingfoodie.com,https://airfryingfoodie.com/air-fryer-halibut/,4.71,67,0.031006913164291352,4.774757475038895,4.678993086835709,4.7199180390592925,0.0,empirical_history,0.030000000000000006,4.689918039059292,0.65,schema_only,Becky,,,0.0,2026-08-18T23:34:22.619805+00:00,850,0.9313869059582536,6.409086431691251,840,856,0.0,0.0,36,,,,,,,,,0,,False,,,,,,,,,,B,,,Raw 4.710; source/category adjustment -0.031; posterior 4.720; uncertainty -0.000 (empirical_history); evidence -0.030; final 4.690.
a4f6431097990a929d9e768a,Air Fryer Honey Mustard Salmon,airfryingfoodie.com,airfryingfoodie.com,https://airfryingfoodie.com/air-fryer-honey-mustard-salmon/,4.54,13,0.031006913164291352,4.84381915932519,4.508993086835709,4.719917204457285,0.0,empirical_history,0.030000000000000006,4.689917204457284,0.65,schema_only,Becky,Seafood,,0.0,2026-08-18T23:34:22.619805+00:00,851,0.983805934466273,1.4337208778404378,848,853,0.0,0.0,36,,,,,,,,,0,,False,,,,,,,,,,C,,,Raw 4.540; source/category adjustment -0.031; posterior 4.720; uncertainty -0.000 (empirical_history); evidence -0.030; final 4.690.
6ded0ae38f7aff9f2ddad101,Air Fryer Cream Cheese Puff Pastry,airfryingfoodie.com,airfryingfoodie.com,https://airfryingfoodie.com/air-fryer-cream-cheese-puff-pastry/,4.2,5,0.031006913164291352,4.774757475038895,4.168993086835709,4.719687985202241,0.0,empirical_history,0.030000000000000006,4.689687985202241,0.65,schema_only,Jen,,,0.0,2026-08-18T21:44:52.082063+00:00,852,0.9682677125180289,2.857738033247041,847,856,0.0,0.0,36,,,,,,,,,0,,False,,,,,,,,,,C,,,Raw 4.200; source/category adjustment -0.031; posterior 4.720; uncertainty -0.000 (empirical_history); evidence -0.030; final 4.690.
0aff267c4d81914dae832c68,Air Fryer Buffalo Cauliflower,delish.com,delish.com,https://www.delish.com/cooking/recipe-ideas/a38327266/air-fryer-buffalo-cauliflower-recipe/,4.0,5,-0.15,4.783028426387997,4.15,4.717961340944449,0.0,empirical_history,0.030000000000000006,4.687961340944449,0.65,schema_only,Olivia Mack McCool,Vegetables,,0.0,2026-08-18T22:11:58.441699+00:00,853,0.9386332449981062,5.707572942055922,845,863,0.0,0.0,36,,,,,,,,,0,,False,,,,,,,0.0,0.0,0.0,C,,,Raw 4.000; source/category adjustment +0.150; posterior 4.718; uncertainty -0.000 (empirical_history); evidence -0.030; final 4.688.
0be8d7bc1e41e0e671c07ba9,Air-Fryer Beer-Battered Fish,eatingwell.com,eatingwell.com,https://www.eatingwell.com/recipe/7961876/air-fryer-beer-battered-fish/,3.7,3,-0.05839540647617436,4.783293414341193,3.7583954064761746,4.717227546629684,0.0,empirical_history,0.030000000000000006,4.687227546629684,0.65,schema_only,Adam Dolge,Seafood | Breakfast,,0.0,2026-08-18T22:11:58.441699+00:00,854,0.9644331622810086,3.223179934302286,851,860,0.0,0.0,36,,,,,,,,,0,,False,,,,,,,0.0,0.0,0.0,C,,,Raw 3.700; source/category adjustment +0.058; posterior 4.717; uncertainty -0.000 (empirical_history); evidence -0.030; final 4.687.
463452e1528fd7b14eb89bcc,Air Fryer Roasted Bananas,allrecipes.com,allrecipes.com,https://www.allrecipes.com/recipe/272347/air-fryer-roasted-bananas/,4.4,13,-0.09393325178093598,4.774757475038895,4.493933251780937,4.716809619445982,0.0,empirical_history,0.030000000000000006,4.686809619445982,0.65,schema_only,Yoly,,,0.0,2026-08-18T22:11:58.441699+00:00,855,0.980326886400518,1.755942292142123,852,858,0.0,0.0,36,,,,,,,,,0,,False,,,,,,,0.0,0.0,0.0,C,,,Raw 4.400; source/category adjustment +0.094; posterior 4.717; uncertainty -0.000 (empirical_history); evidence -0.030; final 4.687.
e40adc7f1635ee1e238e7bf7,Air Fryer Mushrooms,airfryingfoodie.com,airfryingfoodie.com,https://airfryingfoodie.com/air-fryer-mushrooms/,4.6,20,0.031006913164291352,4.783028426387997,4.568993086835708,4.715967649837984,0.0,empirical_history,0.030000000000000006,4.685967649837984,0.65,schema_only,Becky,Vegetables,,0.0,2026-08-18T23:34:22.619805+00:00,856,0.9768610688203996,2.0749832663314556,852,859,0.0,0.0,36,,,,,,,,,0,,False,,,,,,,,,,C,,,Raw 4.600; source/category adjustment -0.031; posterior 4.716; uncertainty -0.000 (empirical_history); evidence -0.030; final 4.686.
afade61dbb49323018010ee0,Air Fryer Grilled Ham and Cheese,airfryingfoodie.com,airfryingfoodie.com,https://airfryingfoodie.com/air-fryer-grilled-ham-and-cheese/,4.5,12,0.031006913164291352,4.799386445510584,4.468993086835709,4.715577270870536,0.0,empirical_history,0.030000000000000006,4.685577270870536,0.65,schema_only,Becky,Pork,,0.0,2026-08-18T21:44:52.082063+00:00,857,0.9847956711270329,1.35400640077266,855,859,0.0,0.0,36,,,,,,,,,0,,False,,,,,,,,,,C,,,Raw 4.500; source/category adjustment -0.031; posterior 4.716; uncertainty -0.000 (empirical_history); evidence -0.030; final 4.686.
fd7aa6739e214c3f2ffa9cc9,Air Fryer Baked Sweet Potatoes,airfryingfoodie.com,airfryingfoodie.com,https://airfryingfoodie.com/air-fryer-baked-sweet-potatoes/,4.0,4,0.031006913164291352,4.743256086178933,3.9689930868357086,4.715071224060881,0.0,empirical_history,0.030000000000000006,4.685071224060881,0.65,schema_only,Jen,Potatoes | Desserts,,0.0,2026-08-18T22:11:58.441699+00:00,858,0.9684777262785995,2.857738033247041,853,861,0.0,0.0,36,0.0,0.0,0.0,0.0,0.0,0.0,,,1,2026-08-18T22:11:58.441699+00:00,False,,,,,,,0.0,0.0,0.0,C,,,Raw 4.000; source/category adjustment -0.031; posterior 4.715; uncertainty -0.000 (empirical_history); evidence -0.030; final 4.685.
17f68fa2361027a5e45c103b,Crispy Parmesan Air Fryer Brussels Sprouts,therecipecritic.com,therecipecritic.com,https://therecipecritic.com/air-fryer-brussel-sprouts/,3.67,3,-0.022842017616082927,4.783028426387997,3.692842017616083,4.713516977448924,0.0,empirical_history,0.030000000000000006,4.683516977448924,0.65,schema_only,,Vegetables,,0.0,2026-08-18T22:11:58.441699+00:00,859,0.9699622820365316,2.722080495176846,857,866,0.0,0.0,36,,,,,,,,,0,,False,,,,,,,0.0,0.0,0.0,C,,,Raw 3.670; source/category adjustment +0.023; posterior 4.714; uncertainty -0.000 (empirical_history); evidence -0.030; final 4.684.
7dbca4c8d97c28e19871bbb5,Air Fryer Baked Potato Recipe,natashaskitchen.com,natashaskitchen.com,https://natashaskitchen.com/air-fryer-baked-potatoes/,5.0,509,0.06611594762002528,4.7950420873666095,4.933884052379975,4.919650905927284,0.20724791787452865,theoretical_max_variance,0.030000000000000006,4.682402988052755,0.65,schema_only,,Potatoes,,0.0,2026-08-18T22:11:58.441699+00:00,860,0.8257348116090301,18.571745265920008,829,881,0.0,0.0,36,,,,,,,,,0,,False,,,,,,,0.0,0.0,0.0,B,,,Raw 5.000; source/category adjustment -0.066; posterior 4.920; uncertainty -0.207 (theoretical_max_variance); evidence -0.030; final 4.682.
4f8e1b95dfeb7742957baea9,Air Fryer Meatloaf,delish.com,delish.com,https://www.delish.com/cooking/recipe-ideas/a40185424/air-fryer-meatloaf-recipe/,3.0,2,-0.15,4.762940520089532,3.15,4.712266802922014,0.0,empirical_history,0.030000000000000006,4.682266802922014,0.65,schema_only,Erika Olde,Beef | Pork | Breakfast,,0.0,2026-08-18T22:11:58.441699+00:00,861,0.9630748990670827,3.3778280332518738,857,868,0.0,0.0,36,,,,,,,,,0,,False,,,,,,,0.0,0.0,0.0,C,,,Raw 3.000; source/category adjustment +0.150; posterior 4.712; uncertainty -0.000 (empirical_history); evidence -0.030; final 4.682.
e145bfa9f8a1569f8293fc60,How to Make Crispy Air Fryer French Fries,simplyrecipes.com,simplyrecipes.com,https://www.simplyrecipes.com/recipes/how_to_make_crispy_air_fryer_french_fries/,3.8,4,-0.11176739637550157,4.787258376155307,3.9117673963755015,4.710832284026791,0.0,empirical_history,0.030000000000000006,4.680832284026791,0.65,schema_only,Carrie Havranek,Potatoes | Vegetables | Snacks,,0.0,2026-08-18T22:11:58.441699+00:00,862,0.9684743780113331,2.8710721961587025,861,869,0.0,0.0,36,,,,,,,,,0,,False,,,,,,,0.0,0.0,0.0,C,,,Raw 3.800; source/category adjustment +0.112; posterior 4.711; uncertainty -0.000 (empirical_history); evidence -0.030; final 4.681.
0db1587c07bf6c4adb8c66ec,Air Fryer Honey Garlic Chicken Wings,allrecipes.com,allrecipes.com,https://www.allrecipes.com/air-fryer-honey-garlic-chicken-wings-recipe-7501470,4.4,15,-0.09393325178093598,4.803035731606181,4.493933251780937,4.709951885056289,0.0,empirical_history,0.030000000000000006,4.679951885056289,0.65,schema_only,Hannah Wilson,Chicken,,0.0,2026-08-18T22:11:58.441699+00:00,863,0.9855016512103119,1.299038105676658,862,867,0.0,0.0,36,0.0,0.0,0.0,0.0,0.0,0.0,,,1,2026-08-18T22:11:58.441699+00:00,False,,,,,,,0.0,0.0,0.0,C,,,Raw 4.400; source/category adjustment +0.094; posterior 4.710; uncertainty -0.000 (empirical_history); evidence -0.030; final 4.680.
045fcf46de8ef2e4857959c6,Air-Fryer Stuffed Sweet Potatoes,tasteofhome.com,tasteofhome.com,https://www.tasteofhome.com/recipes/air-fryer-stuffed-sweet-potatoes/,3.0,2,-0.06891312352872844,4.77239873407813,3.0689131235287284,4.709148076903888,0.0,empirical_history,0.030000000000000006,4.679148076903887,0.65,schema_only,Taste of Home Editorial Team,Potatoes | Pork | Breakfast,,0.0,2026-08-18T22:11:58.441699+00:00,864,0.9624277929306636,3.4510465401414425,862,871,0.0,0.0,36,,,,,,,,,0,,False,,,,,,,0.0,0.0,0.0,C,,,Raw 3.000; source/category adjustment +0.069; posterior 4.709; uncertainty -0.000 (empirical_history); evidence -0.030; final 4.679.
6214da07bfd3f6aa2306c85a,Air-Fryer Beignets,eatingwell.com,eatingwell.com,https://www.eatingwell.com/recipe/7879753/air-fryer-beignets/,3.0,2,-0.05839540647617436,4.7227676693571965,3.0583954064761745,4.708743549324944,0.0,empirical_history,0.030000000000000006,4.678743549324944,0.65,schema_only,Karen Rankin,Breakfast,,0.0,2026-08-18T22:11:58.441699+00:00,865,0.9539850486827202,4.268749491621899,863,874,0.0,0.0,36,,,,,,,,,0,,False,,,,,,,0.0,0.0,0.0,C,,,Raw 3.000; source/category adjustment +0.058; posterior 4.709; uncertainty -0.000 (empirical_history); evidence -0.030; final 4.679.
9d237206fe7dd37faa40bc9d,Air Fryer Parmesan Brussels Sprouts,airfryingfoodie.com,airfryingfoodie.com,https://airfryingfoodie.com/air-fryer-parmesan-brussel-sprouts/,4.65,37,0.031006913164291352,4.783028426387997,4.618993086835709,4.708512850170873,0.0,empirical_history,0.030000000000000006,4.678512850170873,0.65,schema_only,Becky,Vegetables,,0.0,2026-08-19T00:34:06.688272+00:00,866,0.9491608453123725,4.745612008301283,859,872,0.0,0.0,36,,,,,,,,,0,,False,,,,,,,,,,C,,,Raw 4.650; source/category adjustment -0.031; posterior 4.709; uncertainty -0.000 (empirical_history); evidence -0.030; final 4.679.
2cb1a874495fcb91f4a1fbdb,Air Fryer Apple Fritters,allrecipes.com,allrecipes.com,https://www.allrecipes.com/recipe/274396/air-fryer-apple-fritters/,4.4,16,-0.09393325178093598,4.707118877174226,4.493933251780937,4.706678875461208,0.0,empirical_history,0.030000000000000006,4.676678875461207,0.65,schema_only,thedailygourmet,Desserts | Breakfast,,0.0,2026-08-18T22:11:58.441699+00:00,867,0.9828733696735535,1.5456030825826172,866,871,0.0,0.0,36,0.0,0.0,0.0,0.0,0.0,0.0,,,1,2026-08-18T22:11:58.441699+00:00,False,,,,,,,0.0,0.0,0.0,C,,,Raw 4.400; source/category adjustment +0.094; posterior 4.707; uncertainty -0.000 (empirical_history); evidence -0.030; final 4.677.
0b284d38339f18b3fb7b5045,Air Fryer BBQ Little Smokies,airfryingfoodie.com,airfryingfoodie.com,https://airfryingfoodie.com/air-fryer-bbq-little-smokies/,4.17,6,0.031006913164291352,4.774757475038895,4.1389930868357085,4.706639862017125,0.0,empirical_history,0.030000000000000006,4.676639862017125,0.65,schema_only,,,,0.0,2026-08-18T22:11:58.441699+00:00,868,0.9488557136440874,4.786410160258126,865,878,0.0,0.0,36,0.0,0.0,0.0,0.0,0.0,0.0,,,1,2026-08-18T22:11:58.441699+00:00,False,,,,,,,0.0,0.0,0.0,C,,,Raw 4.170; source/category adjustment -0.031; posterior 4.707; uncertainty -0.000 (empirical_history); evidence -0.030; final 4.677.
bd14e9f32d67e58903c07ff8,Air Fryer Corn Nuts,allrecipes.com,allrecipes.com,https://www.allrecipes.com/recipe/269456/air-fryer-corn-nuts/,4.3,11,-0.09393325178093598,4.783028426387997,4.393933251780936,4.706084254451394,0.0,empirical_history,0.030000000000000006,4.676084254451394,0.65,schema_only,Soup Loving Nicole,Vegetables,,0.0,2026-08-18T22:11:58.441699+00:00,869,0.9650122809850801,3.223179934302286,866,876,0.0,0.0,36,0.0,0.0,0.0,0.0,0.0,0.0,,,1,2026-08-18T22:11:58.441699+00:00,False,,,,,,,0.0,0.0,0.0,C,,,Raw 4.300; source/category adjustment +0.094; posterior 4.706; uncertainty -0.000 (empirical_history); evidence -0.030; final 4.676.
8208dec9336317b2d5d268fe,Air Fryer Brownies,delish.com,delish.com,https://www.delish.com/cooking/recipe-ideas/a28567286/air-fryer-brownies-recipe/,4.125,8,-0.15,4.707118877174226,4.275,4.705825409516288,0.0,empirical_history,0.030000000000000006,4.675825409516288,0.65,schema_only,Lena Abraham,Desserts | Breakfast,,0.0,2026-08-18T22:11:58.441699+00:00,870,0.8902814275518955,10.968388922515263,861,896,0.0,0.0,36,,,,,,,,,0,,False,,,,,,,0.0,0.0,0.0,C,,,Raw 4.125; source/category adjustment +0.150; posterior 4.706; uncertainty -0.000 (empirical_history); evidence -0.030; final 4.676.
784accabc0d0d2cf8afde217,Air-Fryer Crispy Chickpeas,eatingwell.com,eatingwell.com,https://www.eatingwell.com/recipe/270214/air-fryer-crispy-chickpeas/,4.3,10,-0.05839540647617436,4.7227676693571965,4.358395406476174,4.705363796945107,0.0,empirical_history,0.030000000000000006,4.675363796945107,0.65,schema_only,Adam Hickman,Breakfast,,0.0,2026-08-18T22:11:58.441699+00:00,871,0.9667179195179397,3.06752705321766,869,879,0.0,0.0,36,,,,,,,,,0,,False,,,,,,,0.0,0.0,0.0,C,,,Raw 4.300; source/category adjustment +0.058; posterior 4.705; uncertainty -0.000 (empirical_history); evidence -0.030; final 4.675.
6f4a24c022351cc810545273,Air Fryer Fried Chicken,simplyrecipes.com,simplyrecipes.com,https://www.simplyrecipes.com/recipes/air_fryer_fried_chicken/,4.3,12,-0.11176739637550157,4.803035731606181,4.4117673963755015,4.704501330781463,0.0,empirical_history,0.030000000000000006,4.674501330781463,0.65,schema_only,Nick Evans,Chicken,,0.0,2026-08-18T22:11:58.441699+00:00,872,0.9670399880656586,3.0402393911591163,873,883,0.0,0.0,36,,,,,,,,,0,,False,,,,,,,0.0,0.0,0.0,C,,,Raw 4.300; source/category adjustment +0.112; posterior 4.705; uncertainty -0.000 (empirical_history); evidence -0.030; final 4.675.
c7aba8244e528ae344b69aef,Air Fryer Blooming Onion,airfryingfoodie.com,airfryingfoodie.com,https://airfryingfoodie.com/air-fryer-blooming-onion/,4.68,64,0.031006913164291352,4.774757475038895,4.648993086835708,4.7041529062230705,0.0,empirical_history,0.030000000000000006,4.67415290622307,0.65,schema_only,Becky,,,0.0,2026-08-18T22:11:58.441699+00:00,873,0.9181413362051237,7.961713941664124,863,883,0.0,0.0,36,0.0,0.0,0.0,0.0,0.0,0.0,,,1,2026-08-18T22:11:58.441699+00:00,False,,,,,,,0.0,0.0,0.0,B,,,Raw 4.680; source/category adjustment -0.031; posterior 4.704; uncertainty -0.000 (empirical_history); evidence -0.030; final 4.674.
5d55e185dfbaff73e23bf1b2,Air Fryer Poached Egg Avocado Smash Toast,delish.com,delish.com,https://www.delish.com/cooking/recipe-ideas/a39668123/air-fryer-avocado-toast/,1.0,1,-0.15,4.7227676693571965,1.15,4.70368379905774,0.0,empirical_history,0.030000000000000006,4.67368379905774,0.65,schema_only,Laura Rege,Breakfast,,0.0,2026-08-18T22:11:58.441699+00:00,874,0.9203156371186061,7.740585679822081,867,890,0.0,0.0,36,,,,,,,,,0,,False,,,,,,,0.0,0.0,0.0,C,,,Raw 1.000; source/category adjustment +0.150; posterior 4.704; uncertainty -0.000 (empirical_history); evidence -0.030; final 4.674.
cffca774f66c11b4136f85f9,Air Fryer Tahini Black Bean Fritters,delish.com,delish.com,https://www.delish.com/cooking/recipe-ideas/a39801308/air-fryer-black-bean-fritters-recipe/,1.0,1,-0.15,4.783028426387997,1.15,4.70368379905774,0.0,empirical_history,0.030000000000000006,4.67368379905774,0.65,schema_only,Laura Rege,Vegetables,,0.0,2026-08-18T22:11:58.441699+00:00,875,0.9203975826995837,7.740585679822081,868,891,0.0,0.0,36,,,,,,,,,0,,False,,,,,,,0.0,0.0,0.0,C,,,Raw 1.000; source/category adjustment +0.150; posterior 4.704; uncertainty -0.000 (empirical_history); evidence -0.030; final 4.674.
186edb9b72a0091507accaf9,Air Fryer Roasted Chestnuts,allrecipes.com,allrecipes.com,https://www.allrecipes.com/recipe/281989/air-fryer-roasted-chestnuts/,4.4,17,-0.09393325178093598,4.774757475038895,4.493933251780937,4.703503567645085,0.0,empirical_history,0.030000000000000006,4.673503567645085,0.65,schema_only,Buckwheat Queen,,,0.0,2026-08-18T22:11:58.441699+00:00,876,0.972870266929951,2.4986107250941583,873,880,0.0,0.0,36,0.0,0.0,0.0,0.0,0.0,0.0,,,1,2026-08-18T22:11:58.441699+00:00,False,,,,,,,0.0,0.0,0.0,C,,,Raw 4.400; source/category adjustment +0.094; posterior 4.704; uncertainty -0.000 (empirical_history); evidence -0.030; final 4.674.
eea25d277c7f03ed5a2442f8,Air-Fryer Acorn Squash Slices,tasteofhome.com,tasteofhome.com,https://www.tasteofhome.com/recipes/air-fryer-acorn-squash-slices/,1.0,1,-0.06891312352872844,4.783028426387997,1.0689131235287284,4.7020938603034015,0.0,empirical_history,0.030000000000000006,4.672093860303401,0.65,schema_only,Taste of Home Editorial Team,Vegetables,,0.0,2026-08-18T22:11:58.441699+00:00,877,0.9182800378503615,7.982620009885365,872,895,0.0,0.0,36,,,,,,,,,0,,False,,,,,,,0.0,0.0,0.0,C,,,Raw 1.000; source/category adjustment +0.069; posterior 4.702; uncertainty -0.000 (empirical_history); evidence -0.030; final 4.672.
9b74b88df45229db5e5af836,Air-Fryer Hush Puppies,eatingwell.com,eatingwell.com,https://www.eatingwell.com/recipe/7883714/air-fryer-hush-puppies/,1.0,1,-0.05839540647617436,4.7227676693571965,1.0583954064761745,4.701887630557272,0.0,empirical_history,0.030000000000000006,4.671887630557272,0.65,schema_only,Karen Rankin,Breakfast,,0.0,2026-08-18T22:11:58.441699+00:00,878,0.9141401751570868,8.434387285919996,873,897,0.0,0.0,36,,,,,,,,,0,,False,,,,,,,0.0,0.0,0.0,C,,,Raw 1.000; source/category adjustment +0.058; posterior 4.702; uncertainty -0.000 (empirical_history); evidence -0.030; final 4.672.
afdf3352ba5f16fedcd731d9,Air Fryer Tofu,budgetbytes.com,budgetbytes.com,https://www.budgetbytes.com/air-fryer-tofu/,4.15,7,-0.02946317703434832,4.774757475038895,4.179463177034349,4.70165115774009,0.0,empirical_history,0.030000000000000006,4.67165115774009,0.65,schema_only,,,,0.0,2026-08-18T22:11:58.441699+00:00,879,0.9546444188025986,4.2711890095798335,876,890,0.0,0.0,36,,,,,,,,,0,,False,,,,,,,0.0,0.0,0.0,C,,,Raw 4.150; source/category adjustment +0.029; posterior 4.702; uncertainty -0.000 (empirical_history); evidence -0.030; final 4.672.
ab3d859ec58b9215e5956bfe,Air Fryer Fried Shrimp,budgetbytes.com,budgetbytes.com,https://www.budgetbytes.com/air-fryer-fried-shrimp/,1.0,1,-0.02946317703434832,4.783293414341193,1.0294631770343483,4.701320331940766,0.0,empirical_history,0.030000000000000006,4.671320331940766,0.65,schema_only,,Seafood | Breakfast,,0.0,2026-08-18T22:11:58.441699+00:00,880,0.9143146260318477,8.434387285919996,874,898,0.0,0.0,36,,,,,,,,,0,,False,,,,,,,0.0,0.0,0.0,C,,,Raw 1.000; source/category adjustment +0.029; posterior 4.701; uncertainty -0.000 (empirical_history); evidence -0.030; final 4.671.
938c5aa6d00e48d83a2da4ac,Air Fryer Jalepeno Poppers (Bacon Wrapped),airfryingfoodie.com,airfryingfoodie.com,https://airfryingfoodie.com/air-fryer-jalapeno-poppers/,4.67,60,0.031006913164291352,4.761077057433891,4.6389930868357085,4.700704172382611,0.0,empirical_history,0.030000000000000006,4.670704172382611,0.65,schema_only,Becky,Pork | Breakfast,,0.0,2026-08-18T23:34:22.619805+00:00,881,0.9013498196511134,9.861189358062015,868,891,0.0,0.0,36,,,,,,,,,0,,False,,,,,,,,,,B,,,Raw 4.670; source/category adjustment -0.031; posterior 4.701; uncertainty -0.000 (empirical_history); evidence -0.030; final 4.671.
7e9fc560ffce51fb00beeb3f,Spicy Air Fryer Green Beans,allrecipes.com,allrecipes.com,https://www.allrecipes.com/recipe/267149/air-fryer-spicy-green-beans/,4.5,36,-0.09393325178093598,4.783028426387997,4.593933251780936,4.699063614140215,0.0,empirical_history,0.030000000000000006,4.669063614140215,0.65,schema_only,Soup Loving Nicole,Vegetables,,0.0,2026-08-18T22:11:58.441699+00:00,882,0.9449254091060565,5.257270098529168,874,890,0.0,0.0,36,0.0,0.0,0.0,0.0,0.0,0.0,,,1,2026-08-18T22:11:58.441699+00:00,False,,,,,,,0.0,0.0,0.0,C,,,Raw 4.500; source/category adjustment +0.094; posterior 4.699; uncertainty -0.000 (empirical_history); evidence -0.030; final 4.669.
0f25087aaf78c32ed3085679,Air Fryer Banana Bread,airfryingfoodie.com,airfryingfoodie.com,https://airfryingfoodie.com/air-fryer-banana-nut-bread/,4.53,19,0.031006913164291352,4.7227676693571965,4.498993086835709,4.698822353649612,0.0,empirical_history,0.030000000000000006,4.668822353649611,0.65,schema_only,Becky,Breakfast,,0.0,2026-08-18T22:11:58.441699+00:00,883,0.9634382729378052,3.4268141991586814,878,891,0.0,0.0,36,0.0,0.0,0.0,0.0,0.0,0.0,,,1,2026-08-18T22:11:58.441699+00:00,False,,,,,,,0.0,0.0,0.0,C,,,Raw 4.530; source/category adjustment -0.031; posterior 4.699; uncertainty -0.000 (empirical_history); evidence -0.030; final 4.669.
282c37d5ae89bb4e7c0376ea,Air Fryer Lamb Chops,airfryingfoodie.com,airfryingfoodie.com,https://airfryingfoodie.com/air-fryer-lamb-chops/,4.53,19,0.031006913164291352,4.774757475038895,4.498993086835709,4.698822353649612,0.0,empirical_history,0.030000000000000006,4.668822353649611,0.65,schema_only,Becky,,,0.0,2026-08-18T23:34:22.619805+00:00,884,0.9634772401854671,3.4268141991586814,879,892,0.0,0.0,36,,,,,,,,,0,,False,,,,,,,,,,C,,,Raw 4.530; source/category adjustment -0.031; posterior 4.699; uncertainty -0.000 (empirical_history); evidence -0.030; final 4.669.
949e8401ea194ed85b11c3e4,Air Fryer Cheesecake,airfryingfoodie.com,airfryingfoodie.com,https://airfryingfoodie.com/air-fryer-cheesecake-recipe/,4.53,19,0.031006913164291352,4.737874733286346,4.498993086835709,4.698822353649612,0.0,empirical_history,0.030000000000000006,4.668822353649611,0.65,schema_only,Jen,Desserts | Pork | Breakfast,,0.0,2026-08-18T22:11:58.441699+00:00,885,0.9635161244594903,3.4268141991586814,880,893,0.0,0.0,36,0.0,0.0,0.0,0.0,0.0,0.0,,,1,2026-08-18T22:11:58.441699+00:00,False,,,,,,,0.0,0.0,0.0,C,,,Raw 4.530; source/category adjustment -0.031; posterior 4.699; uncertainty -0.000 (empirical_history); evidence -0.030; final 4.669.
d6c0eeb1cf60d29c4878dfe4,Air Fryer Spicy Chicken Thighs,delish.com,delish.com,https://www.delish.com/cooking/recipe-ideas/a28438728/air-fryer-chicken-thighs-recipe/,4.0,7,-0.15,4.762901700481689,4.15,4.698032872841135,0.0,empirical_history,0.030000000000000006,4.668032872841135,0.65,schema_only,Makinze Gore,Chicken | Breakfast,,0.0,2026-08-18T22:11:58.441699+00:00,886,0.9110804616965531,8.842369591913696,873,902,0.0,0.0,36,,,,,,,,,0,,False,,,,,,,0.0,0.0,0.0,C,,,Raw 4.000; source/category adjustment +0.150; posterior 4.698; uncertainty -0.000 (empirical_history); evidence -0.030; final 4.668.
5d385e2c12f45a95388e1385,Air Fryer Crab Rangoon,allrecipes.com,allrecipes.com,https://www.allrecipes.com/recipe/277955/air-fryer-crab-rangoon/,4.4,19,-0.09393325178093598,4.774757475038895,4.493933251780937,4.697429065735978,0.0,empirical_history,0.030000000000000006,4.667429065735978,0.65,schema_only,Soup Loving Nicole,,,0.0,2026-08-18T22:11:58.441699+00:00,887,0.9591660594863161,3.861310946067698,884,896,0.0,0.0,36,,,,,,,,,0,,False,,,,,,,0.0,0.0,0.0,C,,,Raw 4.400; source/category adjustment +0.094; posterior 4.697; uncertainty -0.000 (empirical_history); evidence -0.030; final 4.667.
4fc92da89f7c3d25d0956f61,Air Fryer Apple Chips,airfryingfoodie.com,airfryingfoodie.com,https://airfryingfoodie.com/air-fryer-apple-chips/,4.63,40,0.031006913164291352,4.737587349851287,4.5989930868357085,4.696639969170812,0.0,empirical_history,0.030000000000000006,4.666639969170812,0.65,schema_only,Becky,Desserts | Snacks,,0.0,2026-08-18T22:11:58.441699+00:00,888,0.9364477804227975,6.162160515778717,876,894,0.0,0.0,36,0.0,0.0,0.0,0.0,0.0,0.0,,,1,2026-08-18T22:11:58.441699+00:00,False,,,,,,,0.0,0.0,0.0,C,,,Raw 4.630; source/category adjustment -0.031; posterior 4.697; uncertainty -0.000 (empirical_history); evidence -0.030; final 4.667.
e322fc7992a040fbf2956814,Air Fryer Tofu,delish.com,delish.com,https://www.delish.com/cooking/recipe-ideas/a37826062/air-fryer-tofu-recipe/,4.111111,9,-0.15,4.7227676693571965,4.2611110000000005,4.696404622914317,0.0,empirical_history,0.030000000000000006,4.666404622914317,0.65,schema_only,Justin Sullivan,Breakfast,,0.0,2026-08-18T22:11:58.441699+00:00,889,0.9012306627285441,9.962080884812949,874,907,0.0,0.0,36,,,,,,,,,0,,False,,,,,,,0.0,0.0,0.0,C,,,Raw 4.111; source/category adjustment +0.150; posterior 4.696; uncertainty -0.000 (empirical_history); evidence -0.030; final 4.666.
8ff6442b46b5f42971020616,Air Fryer Parmesan Yellow Squash,allrecipes.com,allrecipes.com,https://www.allrecipes.com/recipe/8449729/air-fryer-parmesan-yellow-squash/,3.8,5,-0.09393325178093598,4.783028426387997,3.8939332517809357,4.6946825456518075,0.0,empirical_history,0.030000000000000006,4.664682545651807,0.65,schema_only,Soup Loving Nicole,Vegetables,,0.0,2026-08-18T22:11:58.441699+00:00,890,0.9342460117647428,6.404750840847233,885,904,0.0,0.0,36,,,,,,,,,0,,False,,,,,,,0.0,0.0,0.0,C,,,Raw 3.800; source/category adjustment +0.094; posterior 4.695; uncertainty -0.000 (empirical_history); evidence -0.030; final 4.665.
d86812b60c4a5deaeba4919d,Air Fryer Sugared Pecans,allrecipes.com,allrecipes.com,https://www.allrecipes.com/recipe/279732/air-fryer-sugared-pecans/,4.4,20,-0.09393325178093598,4.707118877174226,4.493933251780937,4.694521982679478,0.0,empirical_history,0.030000000000000006,4.664521982679478,0.65,schema_only,Yoly,Desserts | Breakfast,,0.0,2026-08-18T22:11:58.441699+00:00,891,0.9565317319472065,4.13991411612474,888,900,0.0,0.0,36,0.0,0.0,0.0,0.0,0.0,0.0,,,1,2026-08-18T22:11:58.441699+00:00,False,,,,,,,0.0,0.0,0.0,C,,,Raw 4.400; source/category adjustment +0.094; posterior 4.695; uncertainty -0.000 (empirical_history); evidence -0.030; final 4.665.
f5cd4dcdaeda8955b1b695c2,Air Fryer Pasta Chips,allrecipes.com,allrecipes.com,https://www.allrecipes.com/recipe/279396/air-fryer-pasta-chips/,4.4,20,-0.09393325178093598,4.783704614711317,4.493933251780937,4.694521982679478,0.0,empirical_history,0.030000000000000006,4.664521982679478,0.65,schema_only,Soup Loving Nicole,Snacks,,0.0,2026-08-18T22:11:58.441699+00:00,892,0.9565773248853331,4.13991411612474,889,901,0.0,0.0,36,,,,,,,,,0,,False,,,,,,,0.0,0.0,0.0,C,,,Raw 4.400; source/category adjustment +0.094; posterior 4.695; uncertainty -0.000 (empirical_history); evidence -0.030; final 4.665.
11cd8405d9ebac197f3729bd,Air Fryer Dorito Chicken,airfryingfoodie.com,airfryingfoodie.com,https://airfryingfoodie.com/air-fryer-dorito-chicken/,4.3,10,0.031006913164291352,4.762901700481689,4.268993086835708,4.690463410338364,0.0,empirical_history,0.030000000000000006,4.660463410338363,0.65,schema_only,Becky,Chicken | Breakfast,,0.0,2026-08-18T21:44:52.082063+00:00,893,0.947051577794477,5.104464277037851,892,906,0.0,0.0,36,,,,,,,,,0,,False,,,,,,,,,,C,,,Raw 4.300; source/category adjustment -0.031; posterior 4.690; uncertainty -0.000 (empirical_history); evidence -0.030; final 4.660.
3afbe1a7e96ff36fa43a2276,Air Fryer Chicken Parmesan,airfryingfoodie.com,airfryingfoodie.com,https://airfryingfoodie.com/air-fryer-chicken-parmesan/,4.23,9,0.031006913164291352,4.762901700481689,4.198993086835709,4.6869290090417985,0.0,empirical_history,0.030000000000000006,4.656929009041798,0.65,schema_only,Jen,Chicken | Breakfast,,0.0,2026-08-18T22:11:58.441699+00:00,894,0.9388744757810431,5.950606878480734,894,911,0.0,0.0,36,0.0,0.0,0.0,0.0,0.0,0.0,,,1,2026-08-18T22:11:58.441699+00:00,False,,,,,,,0.0,0.0,0.0,C,,,Raw 4.230; source/category adjustment -0.031; posterior 4.687; uncertainty -0.000 (empirical_history); evidence -0.030; final 4.657.
598e5769758518ba9e42f56f,Air Fryer Cinnamon Rolls,airfryingfoodie.com,airfryingfoodie.com,https://airfryingfoodie.com/air-fryer-cinnamon-rolls/,4.44,16,0.031006913164291352,4.6914700849912565,4.408993086835709,4.6860873203229705,0.0,empirical_history,0.030000000000000006,4.65608732032297,0.65,schema_only,Jen,Desserts,,0.0,2026-08-18T22:11:58.441699+00:00,895,0.9436007445570456,5.468978169843268,895,910,0.0,0.0,36,0.0,0.0,0.0,0.0,0.0,0.0,,,1,2026-08-18T22:11:58.441699+00:00,False,,,,,,,0.0,0.0,0.0,C,,,Raw 4.440; source/category adjustment -0.031; posterior 4.686; uncertainty -0.000 (empirical_history); evidence -0.030; final 4.656.
79effd74fb1e18e6afdf5a63,Air Fryer Pierogies,airfryingfoodie.com,airfryingfoodie.com,https://airfryingfoodie.com/air-fryer-pierogies/,4.61,43,0.031006913164291352,4.774757475038895,4.578993086835709,4.68424275791269,0.0,empirical_history,0.030000000000000006,4.65424275791269,0.65,schema_only,Becky,,,0.0,2026-08-19T00:34:06.688272+00:00,896,0.9529905118791634,4.51848057057532,893,907,0.0,0.0,36,,,,,,,,,0,,False,,,,,,,,,,C,,,Raw 4.610; source/category adjustment -0.031; posterior 4.684; uncertainty -0.000 (empirical_history); evidence -0.030; final 4.654.
d90b687547b94269d4cd5a25,Air Fryer Cinnamon Rolls,delish.com,delish.com,https://www.delish.com/cooking/recipe-ideas/a28607878/air-fryer-cinnamon-rolls-recipe/,3.0,3,-0.15,4.6914700849912565,3.15,4.68279007079141,0.0,empirical_history,0.030000000000000006,4.65279007079141,0.65,schema_only,Laura Rege,Desserts,,0.0,2026-08-18T22:11:58.441699+00:00,897,0.9200361577998865,7.969995817648422,896,917,0.0,0.0,36,,,,,,,,,0,,False,,,,,,,0.0,0.0,0.0,C,,,Raw 3.000; source/category adjustment +0.150; posterior 4.683; uncertainty -0.000 (empirical_history); evidence -0.030; final 4.653.
065b9864bfd9756ea33f404e,Air Fryer Chicken Tenders,delish.com,delish.com,https://www.delish.com/cooking/recipe-ideas/a32936658/air-fryer-chicken-tenders-recipe/,3.857143,7,-0.15,4.762901700481689,4.007143,4.680489030735872,0.0,empirical_history,0.030000000000000006,4.650489030735872,0.65,schema_only,Makinze Gore,Chicken | Breakfast,,0.0,2026-08-18T22:11:58.441699+00:00,898,0.9191711402262221,8.07258735887489,896,922,0.0,0.0,36,,,,,,,,,0,,False,,,,,,,0.0,0.0,0.0,C,,,Raw 3.857; source/category adjustment +0.150; posterior 4.680; uncertainty -0.000 (empirical_history); evidence -0.030; final 4.650.
d431365dbc0e42e5ae40231c,Air Fryer Bacon,delish.com,delish.com,https://www.delish.com/cooking/recipe-ideas/a28141278/crispy-air-fryer-bacon-recipe/,3.857143,7,-0.15,4.761077057433891,4.007143,4.680489030735872,0.0,empirical_history,0.030000000000000006,4.650489030735872,0.65,schema_only,Lauren Miyashiro,Pork | Breakfast,,0.0,2026-08-18T22:11:58.441699+00:00,899,0.9192519912493967,8.07258735887489,897,923,0.0,0.0,36,,,,,,,,,0,,False,,,,,,,0.0,0.0,0.0,C,,,Raw 3.857; source/category adjustment +0.150; posterior 4.680; uncertainty -0.000 (empirical_history); evidence -0.030; final 4.650.
de673a5b46c4a5536b6ed8d6,Air Fryer Catfish,airfryingfoodie.com,airfryingfoodie.com,https://airfryingfoodie.com/air-fryer-catfish/,4.28,11,0.031006913164291352,4.84381915932519,4.248993086835709,4.679947503395697,0.0,empirical_history,0.030000000000000006,4.649947503395697,0.65,schema_only,Jen,Seafood,,0.0,2026-08-18T22:11:58.441699+00:00,900,0.922210558833247,7.760297817881877,897,920,0.0,0.0,36,0.0,0.0,0.0,0.0,0.0,0.0,,,1,2026-08-18T22:11:58.441699+00:00,False,,,,,,,0.0,0.0,0.0,C,,,Raw 4.280; source/category adjustment -0.031; posterior 4.680; uncertainty -0.000 (empirical_history); evidence -0.030; final 4.650.
1cd3ba12dbbd8b31bd964e0c,Air Fryer Steak,delish.com,delish.com,https://www.delish.com/cooking/recipe-ideas/a28638368/air-fryer-steak-recipe/,4.090909,11,-0.15,4.766667445400813,4.240909,4.678489717244996,0.0,empirical_history,0.030000000000000006,4.6484897172449955,0.65,schema_only,Makinze Gore,Beef,,0.0,2026-08-18T22:11:58.441699+00:00,901,0.9137496870450921,8.693468173800884,895,924,0.0,0.0,36,,,,,,,,,0,,False,,,,,,,0.0,0.0,0.0,C,,,Raw 4.091; source/category adjustment +0.150; posterior 4.678; uncertainty -0.000 (empirical_history); evidence -0.030; final 4.648.
34dbae34f03ed33eefa33f74,Air Fryer Ham,airfryingfoodie.com,airfryingfoodie.com,https://airfryingfoodie.com/air-fryer-ham/,4.55,31,0.031006913164291352,4.74542826525092,4.518993086835708,4.676872338812984,0.0,empirical_history,0.030000000000000006,4.646872338812984,0.65,schema_only,Jen,Desserts | Pork,,0.0,2026-08-18T23:34:22.619805+00:00,902,0.9345142050184373,6.460886592067342,897,919,0.0,0.0,36,,,,,,,,,0,,False,,,,,,,,,,C,,,Raw 4.550; source/category adjustment -0.031; posterior 4.677; uncertainty -0.000 (empirical_history); evidence -0.030; final 4.647.
605bccbef2e3bd4200a0a177,Air Fryer Corn Ribs with Zesty Sour Cream,allrecipes.com,allrecipes.com,https://www.allrecipes.com/air-fryer-corn-ribs-with-zesty-sour-cream-recipe-11974451,3.5999999999999996,5,-0.09393325178093598,4.766667445400813,3.6939332517809356,4.676500727469989,0.0,empirical_history,0.030000000000000006,4.646500727469989,0.65,schema_only,Ashley Lamego,Beef,,0.0,2026-08-18T22:11:58.441699+00:00,903,0.9161662581053935,8.445906306213285,899,924,0.0,0.0,36,0.0,0.0,0.0,0.0,0.0,0.0,,,1,2026-08-18T22:11:58.441699+00:00,False,,,,,,,0.0,0.0,0.0,C,,,Raw 3.600; source/category adjustment +0.094; posterior 4.677; uncertainty -0.000 (empirical_history); evidence -0.030; final 4.647.
2deb4c9825e836fe39f80686,Air-Fryer Pork Chops,eatingwell.com,eatingwell.com,https://www.eatingwell.com/recipe/277565/air-fryer-pork-chops/,3.9000000000000004,7,-0.05839540647617436,4.799386445510584,3.958395406476175,4.674502484162771,0.0,empirical_history,0.030000000000000006,4.6445024841627705,0.65,schema_only,Adam Hickman,Pork,,0.0,2026-08-18T22:11:58.441699+00:00,904,0.9121359695317619,8.900686615212459,900,927,0.0,0.0,36,,,,,,,,,0,,False,,,,,,,0.0,0.0,0.0,C,,,Raw 3.900; source/category adjustment +0.058; posterior 4.675; uncertainty -0.000 (empirical_history); evidence -0.030; final 4.645.
5d1ad5fbd15439662ae171cc,Air Fryer Onion Rings,thepioneerwoman.com,thepioneerwoman.com,https://www.thepioneerwoman.com/food-cooking/recipes/a44040654/air-fryer-onion-rings-recipe/,3.25,4,-0.15,4.774757475038895,3.4,4.672923587998977,0.0,empirical_history,0.030000000000000006,4.642923587998976,0.65,schema_only,Ree Drummond,,,0.0,2026-08-18T22:11:58.441699+00:00,905,0.9131448278623263,8.79827950352921,904,928,0.0,0.0,36,,,,,,,,,0,,False,,,,,,,0.0,0.0,0.0,C,,,Raw 3.250; source/category adjustment +0.150; posterior 4.673; uncertainty -0.000 (empirical_history); evidence -0.030; final 4.643.
605143977fbeeb04a5553c88,Air Fryer GF Peanut Butter Chocolate Chip Cookies,delish.com,delish.com,https://www.delish.com/cooking/recipe-ideas/a39854808/air-fryer-peanut-butter-chocolate-chip-cookies-recipe/,3.25,4,-0.15,4.732647456353257,3.4,4.672923587998977,0.0,empirical_history,0.030000000000000006,4.642923587998976,0.65,schema_only,Laura Rege,Desserts | Breakfast | Snacks,,0.0,2026-08-18T22:11:58.441699+00:00,906,0.9133443202756673,8.78564169540279,904,928,0.0,0.0,36,,,,,,,,,0,,False,,,,,,,0.0,0.0,0.0,C,,,Raw 3.250; source/category adjustment +0.150; posterior 4.673; uncertainty -0.000 (empirical_history); evidence -0.030; final 4.643.
c23acbc7cc8c444a576b85d0,Air Fryer Sweet Potato Fries,delish.com,delish.com,https://www.delish.com/cooking/recipe-ideas/a28136123/air-fryer-sweet-potato-recipe/,3.6666666999999995,6,-0.15,4.789373351038963,3.8166666999999994,4.672104891999013,0.0,empirical_history,0.030000000000000006,4.642104891999013,0.65,schema_only,Lena Abraham,Potatoes | Snacks,,0.0,2026-08-18T22:11:58.441699+00:00,907,0.9173564664542193,8.351230780882274,903,928,0.0,0.0,36,,,,,,,,,0,,False,,,,,,,0.0,0.0,0.0,C,,,Raw 3.667; source/category adjustment +0.150; posterior 4.672; uncertainty -0.000 (empirical_history); evidence -0.030; final 4.642.
f88755d88177b2ea0488116c,Air Fryer Keto Garlic Cheese &#39;Bread&#39;,allrecipes.com,allrecipes.com,https://www.allrecipes.com/recipe/270774/air-fryer-keto-garlic-cheese-bread/,4.4,29,-0.09393325178093598,4.7227676693571965,4.493933251780937,4.671670101944201,0.0,empirical_history,0.030000000000000006,4.641670101944201,0.65,schema_only,Elle,Breakfast,,0.0,2026-08-18T22:11:58.441699+00:00,908,0.9319545501758089,6.775671348451179,900,922,0.0,0.0,36,0.0,0.0,0.0,0.0,0.0,0.0,,,1,2026-08-18T22:11:58.441699+00:00,False,,,,,,,0.0,0.0,0.0,C,,,Raw 4.400; source/category adjustment +0.094; posterior 4.672; uncertainty -0.000 (empirical_history); evidence -0.030; final 4.642.
291da1d361939f139199f056,Air Fryer Green Bean Fries,airfryingfoodie.com,airfryingfoodie.com,https://airfryingfoodie.com/air-fryer-green-bean-fries/,4.43,19,0.031006913164291352,4.77113569945578,4.398993086835708,4.6712861217655535,0.0,empirical_history,0.030000000000000006,4.641286121765553,0.65,schema_only,Jen,Potatoes | Vegetables | Breakfast | Snacks,,0.0,2026-08-18T21:44:52.082063+00:00,909,0.928201557501394,7.1860203791033666,902,926,0.0,0.0,36,,,,,,,,,0,,False,,,,,,,,,,C,,,Raw 4.430; source/category adjustment -0.031; posterior 4.671; uncertainty -0.000 (empirical_history); evidence -0.030; final 4.641.
d4367f540af1d14319090826,Air Fryer Chicken Breasts,delish.com,delish.com,https://www.delish.com/cooking/recipe-ideas/a28414230/air-fryer-chicken-breast-recipe/,4.3714285,35,-0.15,4.762901700481689,4.521428500000001,4.670445544140526,0.0,empirical_history,0.030000000000000006,4.640445544140526,0.65,schema_only,Lauren Miyashiro,Chicken | Breakfast,,0.0,2026-08-18T22:11:58.441699+00:00,910,0.8751151189149263,13.27173270107897,892,932,0.0,0.0,36,,,,,,,,,0,,False,,,,,,,0.0,0.0,0.0,C,,,Raw 4.371; source/category adjustment +0.150; posterior 4.670; uncertainty -0.000 (empirical_history); evidence -0.030; final 4.640.
f0af83a4a410f3fc2ef59c6f,Ridiculously Good Air Fryer Salmon,pinchofyum.com,pinchofyum.com,https://pinchofyum.com/air-fryer-salmon,5.0,101,0.01228737174583198,4.84381915932519,4.987712628254168,4.9171976768583825,0.25,theoretical_max_variance,0.030000000000000006,4.637197676858382,0.65,schema_only,Lindsay Ostrom,Seafood,,0.0,2026-08-18T22:11:58.441699+00:00,911,0.6762589550389446,44.56915662453377,820,936,0.0,0.0,36,,,,,,,,,0,,False,,,,,,,0.0,0.0,0.0,B,,,Raw 5.000; source/category adjustment -0.012; posterior 4.917; uncertainty -0.250 (theoretical_max_variance); evidence -0.030; final 4.637.
267290180608cac2d366d538,Air Fryer French Fries,loveandlemons.com,loveandlemons.com,https://www.loveandlemons.com/air-fryer-french-fries/,4.98,248,0.03562426953009911,4.789373351038963,4.944375730469901,4.915916291639196,0.25,theoretical_max_variance,0.030000000000000006,4.635916291639195,0.65,schema_only,"Jeanine Donofrio, Phoebe Moore",Potatoes | Snacks,,0.0,2026-08-18T22:11:58.441699+00:00,912,0.7169103603880183,36.80230593620762,835,931,0.0,0.0,36,,,,,,,,,0,,False,,,,,,,0.0,0.0,0.0,B,,,Raw 4.980; source/category adjustment -0.036; posterior 4.916; uncertainty -0.250 (theoretical_max_variance); evidence -0.030; final 4.636.
832a48dbd2f961db7dd815b1,Air Fryer Fried Pickles,delish.com,delish.com,https://www.delish.com/cooking/recipe-ideas/a19684034/air-fryer-fried-pickles-recipe/,3.8888888,9,-0.15,4.7227676693571965,4.0388888000000005,4.662506321219402,0.0,empirical_history,0.030000000000000006,4.6325063212194015,0.65,schema_only,Lena Abraham,Breakfast,,0.0,2026-08-18T22:11:58.441699+00:00,913,0.9139208283846171,8.787617550976044,909,936,0.0,0.0,36,,,,,,,,,0,,False,,,,,,,0.0,0.0,0.0,C,,,Raw 3.889; source/category adjustment +0.150; posterior 4.663; uncertainty -0.000 (empirical_history); evidence -0.030; final 4.633.
1ee1fb294ca37db2fea94057,Air Fryer Tostones,allrecipes.com,allrecipes.com,https://www.allrecipes.com/recipe/270835/air-fryer-tostones/,4.2,16,-0.09393325178093598,4.774757475038895,4.2939332517809365,4.658194026976359,0.0,empirical_history,0.030000000000000006,4.628194026976359,0.65,schema_only,fabeveryday,,,0.0,2026-08-18T22:11:58.441699+00:00,914,0.9203520645498976,8.082903768654761,910,933,0.0,0.0,36,,,,,,,,,0,,False,,,,,,,0.0,0.0,0.0,C,,,Raw 4.200; source/category adjustment +0.094; posterior 4.658; uncertainty -0.000 (empirical_history); evidence -0.030; final 4.628.
e2391acfe430a17234506c1b,Air Fryer Sweet Potato Fries,skinnytaste.com,skinnytaste.com,https://www.skinnytaste.com/crispy-air-fryer-sweet-potato-fries/,4.59,48,0.057660045864427495,4.789373351038963,4.532339954135573,4.656022362759716,0.0,empirical_history,0.030000000000000006,4.6260223627597155,0.65,schema_only,,Potatoes | Snacks,,0.0,2026-08-18T22:11:58.441699+00:00,915,0.9254420469988232,7.5327986535918745,911,931,0.0,0.0,36,,,,,,,,,0,,False,,,,,,,0.0,0.0,0.0,C,,,Raw 4.590; source/category adjustment -0.058; posterior 4.656; uncertainty -0.000 (empirical_history); evidence -0.030; final 4.626.
68a464933660d101aa939433,Air Fryer Blackened Chicken Breasts,allrecipes.com,allrecipes.com,https://www.allrecipes.com/recipe/272426/air-fryer-blackened-chicken-breast/,4.5,98,-0.09393325178093598,4.793032078997089,4.593933251780936,4.655022516395111,0.0,empirical_history,0.030000000000000006,4.625022516395111,0.65,schema_only,Soup Loving Nicole,Chicken | Vegetables,,0.0,2026-08-18T22:11:58.441699+00:00,916,0.9096063389153752,9.301657558378148,907,935,0.0,0.0,36,0.0,0.0,0.0,0.0,0.0,0.0,,,1,2026-08-18T22:11:58.441699+00:00,False,,,,,,,0.0,0.0,0.0,B,,,Raw 4.500; source/category adjustment +0.094; posterior 4.655; uncertainty -0.000 (empirical_history); evidence -0.030; final 4.625.
b913787d193f0b46afcbc65a,Air Fryer Beef Tenderloin,airfryingfoodie.com,airfryingfoodie.com,https://airfryingfoodie.com/air-fryer-beef-tenderloin/,4.54,41,0.031006913164291352,4.784851588503497,4.508993086835709,4.6550174759583385,0.0,empirical_history,0.030000000000000006,4.625017475958338,0.65,schema_only,Becky,Chicken | Beef,,0.0,2026-08-18T22:11:58.441699+00:00,917,0.9255893469924868,7.5327986535918745,912,932,0.0,0.0,36,0.0,0.0,0.0,0.0,0.0,0.0,,,1,2026-08-18T22:11:58.441699+00:00,False,,,,,,,0.0,0.0,0.0,C,,,Raw 4.540; source/category adjustment -0.031; posterior 4.655; uncertainty -0.000 (empirical_history); evidence -0.030; final 4.625.
28407ddd629f3ff0c7e8a3ff,Air Fryer Doughnuts,thepioneerwoman.com,thepioneerwoman.com,https://www.thepioneerwoman.com/food-cooking/recipes/a61769941/air-fryer-doughnuts-recipe/,3.0,4,-0.15,4.737587349851287,3.15,4.654405069480458,0.0,empirical_history,0.030000000000000006,4.624405069480458,0.65,schema_only,Ree Drummond,Desserts | Snacks,,0.0,2026-08-18T22:11:58.441699+00:00,918,0.9051666312278307,9.8273286751227,912,941,0.0,0.0,36,,,,,,,,,0,,False,,,,,,,0.0,0.0,0.0,C,,,Raw 3.000; source/category adjustment +0.150; posterior 4.654; uncertainty -0.000 (empirical_history); evidence -0.030; final 4.624.
2b5e309ac8ec08110cac1a62,Air Fryer French Toast Sticks,delish.com,delish.com,https://www.delish.com/cooking/recipe-ideas/a28608409/air-fryer-french-toast-sticks-recipe/,3.75,8,-0.15,4.707118877174226,3.9,4.654101271585254,0.0,empirical_history,0.030000000000000006,4.624101271585253,0.65,schema_only,Laura Rege,Desserts | Breakfast,,0.0,2026-08-18T22:11:58.441699+00:00,919,0.9116290097901492,9.10242641643791,912,942,0.0,0.0,36,,,,,,,,,0,,False,,,,,,,0.0,0.0,0.0,C,,,Raw 3.750; source/category adjustment +0.150; posterior 4.654; uncertainty -0.000 (empirical_history); evidence -0.030; final 4.624.
769ef6f8e569dd60637a909b,Air Fryer Corn Ribs,allrecipes.com,allrecipes.com,https://www.allrecipes.com/recipe/283356/air-fryer-corn-ribs/,4.2,17,-0.09393325178093598,4.774757475038895,4.2939332517809365,4.6527572989883685,0.0,empirical_history,0.030000000000000006,4.622757298988368,0.65,schema_only,Soup Loving Nicole,,,0.0,2026-08-18T22:11:58.441699+00:00,920,0.9225687388116189,7.889426820470265,913,936,0.0,0.0,36,,,,,,,,,0,,False,,,,,,,0.0,0.0,0.0,C,,,Raw 4.200; source/category adjustment +0.094; posterior 4.653; uncertainty -0.000 (empirical_history); evidence -0.030; final 4.623.
132447db33707aea8628bb2f,Air Fryer Fish Sticks,allrecipes.com,allrecipes.com,https://www.allrecipes.com/recipe/272273/air-fryer-fish-sticks/,4.3,25,-0.09393325178093598,4.783293414341193,4.393933251780936,4.647816067286241,0.0,empirical_history,0.030000000000000006,4.617816067286241,0.65,schema_only,Soup Loving Nicole,Seafood | Breakfast,,0.0,2026-08-18T22:11:58.441699+00:00,921,0.9244506569341372,7.690181330039552,920,938,0.0,0.0,36,0.0,0.0,0.0,0.0,0.0,0.0,,,1,2026-08-18T22:11:58.441699+00:00,False,,,,,,,0.0,0.0,0.0,C,,,Raw 4.300; source/category adjustment +0.094; posterior 4.648; uncertainty -0.000 (empirical_history); evidence -0.030; final 4.618.
679487e22d77ac8365735db4,Air Fryer Bang Bang Shrimp,allrecipes.com,allrecipes.com,https://www.allrecipes.com/recipe/267150/air-fryer-bang-bang-shrimp/,4.3,25,-0.09393325178093598,4.84381915932519,4.393933251780936,4.647816067286241,0.0,empirical_history,0.030000000000000006,4.617816067286241,0.65,schema_only,Soup Loving Nicole,Seafood,,0.0,2026-08-18T22:11:58.441699+00:00,922,0.924524804749049,7.690181330039552,921,939,0.0,0.0,36,,,,,,,,,0,,False,,,,,,,0.0,0.0,0.0,C,,,Raw 4.300; source/category adjustment +0.094; posterior 4.648; uncertainty -0.000 (empirical_history); evidence -0.030; final 4.618.
1d68b5576244973f2c80e931,Air Fryer Arancini,allrecipes.com,allrecipes.com,https://www.allrecipes.com/recipe/278615/air-fryer-arancini/,4.2,18,-0.09393325178093598,4.7227676693571965,4.2939332517809365,4.64748047476473,0.0,empirical_history,0.030000000000000006,4.617480474764729,0.65,schema_only,thedailygourmet,Breakfast,,0.0,2026-08-18T22:11:58.441699+00:00,923,0.9195438909082292,8.250841707904042,917,941,0.0,0.0,36,0.0,0.0,0.0,0.0,0.0,0.0,,,1,2026-08-18T22:11:58.441699+00:00,False,,,,,,,0.0,0.0,0.0,C,,,Raw 4.200; source/category adjustment +0.094; posterior 4.647; uncertainty -0.000 (empirical_history); evidence -0.030; final 4.617.
b1824661f456e34adc069dbf,Air Fryer Chicken Katsu with Homemade Katsu Sauce,allrecipes.com,allrecipes.com,https://www.allrecipes.com/recipe/278708/air-fryer-chicken-katsu-with-homemade-katsu-sauce/,4.4,42,-0.09393325178093598,4.762901700481689,4.493933251780937,4.646555112247218,0.0,empirical_history,0.030000000000000006,4.616555112247218,0.65,schema_only,Soup Loving Nicole,Chicken | Breakfast,,0.0,2026-08-18T22:11:58.441699+00:00,924,0.9207481579539764,8.12532050649901,918,939,0.0,0.0,36,,,,,,,,,0,,False,,,,,,,0.0,0.0,0.0,C,,,Raw 4.400; source/category adjustment +0.094; posterior 4.647; uncertainty -0.000 (empirical_history); evidence -0.030; final 4.617.
8def4c135c9b987a7e80a5fe,Air Fryer Hard Boiled Eggs,delish.com,delish.com,https://www.delish.com/cooking/recipe-ideas/a39039308/air-fryer-hard-boiled-eggs-recipe/,2.3333333,3,-0.15,4.7227676693571965,2.4833333,4.645054219848014,0.0,empirical_history,0.030000000000000006,4.615054219848013,0.65,schema_only,Justin Sullivan,Breakfast,,0.0,2026-08-18T22:11:58.441699+00:00,925,0.9004121291185067,10.451940277075618,916,948,0.0,0.0,36,,,,,,,,,0,,False,,,,,,,0.0,0.0,0.0,C,,,Raw 2.333; source/category adjustment +0.150; posterior 4.645; uncertainty -0.000 (empirical_history); evidence -0.030; final 4.615.
70be5e91c6d09c8dcf452c15,Air Fryer Pumpkin Spice Donut Holes,airfryingfoodie.com,airfryingfoodie.com,https://airfryingfoodie.com/air-fryer-pumpkin-spice-donut-holes/,4.35,20,0.031006913164291352,4.707118877174226,4.318993086835708,4.644539078409413,0.0,empirical_history,0.030000000000000006,4.614539078409413,0.65,schema_only,Becky,Desserts | Breakfast,,0.0,2026-08-19T00:34:06.688272+00:00,926,0.9269515412964202,7.454957336490189,924,942,0.0,0.0,36,,,,,,,,,0,,False,,,,,,,,,,C,,,Raw 4.350; source/category adjustment -0.031; posterior 4.645; uncertainty -0.000 (empirical_history); evidence -0.030; final 4.615.
cd9a0050517f91c67a8e7b2c,Air Fryer Salmon (in 15-Minutes!),downshiftology.com,downshiftology.com,https://downshiftology.com/recipes/air-fryer-salmon/,5.0,139,0.06416115956762575,4.84381915932519,4.935838840432374,4.893224722603411,0.25,theoretical_max_variance,0.030000000000000006,4.613224722603411,0.65,schema_only,Lisa Bryan,Seafood,,0.0,2026-08-18T22:11:58.441699+00:00,927,0.7562090223490319,30.529926119938267,862,941,0.0,0.0,36,,,,,,,,,0,,False,,,,,,,0.0,0.0,0.0,B,,,Raw 5.000; source/category adjustment -0.064; posterior 4.893; uncertainty -0.250 (theoretical_max_variance); evidence -0.030; final 4.613.
974d87169d4a917aa22d6e28,Air Fryer New York Strip Steak,allrecipes.com,allrecipes.com,https://www.allrecipes.com/air-fryer-new-york-strip-steak-recipe-7568496,3.5999999999999996,7,-0.09393325178093598,4.766667445400813,3.6939332517809356,4.642024675691426,0.0,empirical_history,0.030000000000000006,4.612024675691425,0.65,schema_only,Brenda Venable,Beef,,0.0,2026-08-18T22:11:58.441699+00:00,928,0.9134307154042526,8.98455464796237,923,948,0.0,0.0,36,0.0,0.0,0.0,0.0,0.0,0.0,,,1,2026-08-18T22:11:58.441699+00:00,False,,,,,,,0.0,0.0,0.0,C,,,Raw 3.600; source/category adjustment +0.094; posterior 4.642; uncertainty -0.000 (empirical_history); evidence -0.030; final 4.612.
b5ef0d7e47d6aca0959e989c,Air Fryer Breaded Chicken,feelgoodfoodie.net,feelgoodfoodie.net,https://feelgoodfoodie.net/recipe/air-fryer-chicken/,5.0,213,0.08453302126560262,4.803035731606181,4.915466978734397,4.888716122518522,0.25,theoretical_max_variance,0.030000000000000006,4.608716122518522,0.65,schema_only,,Chicken,,0.0,2026-08-18T22:11:58.441699+00:00,929,0.7828127047096313,26.329509216002403,872,939,0.0,0.0,36,,,,,,,,,0,,False,,,,,,,0.0,0.0,0.0,B,,,Raw 5.000; source/category adjustment -0.085; posterior 4.889; uncertainty -0.250 (theoretical_max_variance); evidence -0.030; final 4.609.
53115f8bbce9c96d82940012,Air Fryer Oreos,allrecipes.com,allrecipes.com,https://www.allrecipes.com/recipe/270828/air-fryer-oreos/,4.3,28,-0.09393325178093598,4.707118877174226,4.393933251780936,4.638051343612961,0.0,empirical_history,0.030000000000000006,4.608051343612961,0.65,schema_only,Yoly,Desserts | Breakfast,,0.0,2026-08-18T22:11:58.441699+00:00,930,0.9188379427189771,8.391463916782737,926,945,0.0,0.0,36,0.0,0.0,0.0,0.0,0.0,0.0,,,1,2026-08-18T22:11:58.441699+00:00,False,,,,,,,0.0,0.0,0.0,C,,,Raw 4.300; source/category adjustment +0.094; posterior 4.638; uncertainty -0.000 (empirical_history); evidence -0.030; final 4.608.
32c095b1f00bd988e07aa3da,Easy Air Fryer Pork Chops,allrecipes.com,allrecipes.com,https://www.allrecipes.com/recipe/275576/easy-air-fryer-pork-chops/,4.8,361,-0.09393325178093598,4.799386445510584,4.893933251780936,4.879434982104288,0.24169917559682513,theoretical_max_variance,0.030000000000000006,4.607735806507463,0.65,schema_only,Nicole Russell,Pork,,0.0,2026-08-18T22:11:58.441699+00:00,931,0.8920089725726189,11.513277359447029,897,929,0.0,0.0,36,,,,,,,,,0,,False,,,,,,,0.0,0.0,0.0,B,,,Raw 4.800; source/category adjustment +0.094; posterior 4.879; uncertainty -0.242 (theoretical_max_variance); evidence -0.030; final 4.608.
e7761b00879fa03907361efe,Air Fryer Popcorn Recipe,feelgoodfoodie.net,feelgoodfoodie.net,https://feelgoodfoodie.net/recipe/air-fryer-popcorn/,5.0,203,0.08453302126560262,4.774757475038895,4.915466978734397,4.8876587764230335,0.25,theoretical_max_variance,0.030000000000000006,4.607658776423033,0.65,schema_only,,,,0.0,2026-08-18T22:11:58.441699+00:00,932,0.7870161430994436,25.76321128189488,876,942,0.0,0.0,36,,,,,,,,,0,,False,,,,,,,0.0,0.0,0.0,B,,,Raw 5.000; source/category adjustment -0.085; posterior 4.888; uncertainty -0.250 (theoretical_max_variance); evidence -0.030; final 4.608.
ceefd55ca7ccd4bdea91c926,Air Fryer French Fries,natashaskitchen.com,natashaskitchen.com,https://natashaskitchen.com/air-fryer-french-fries/,4.99,152,0.06611594762002528,4.789373351038963,4.923884052379975,4.886971533236143,0.25,theoretical_max_variance,0.030000000000000006,4.606971533236143,0.65,schema_only,,Potatoes | Snacks,,0.0,2026-08-18T22:11:58.441699+00:00,933,0.781996686606022,26.567524034680638,874,943,0.0,0.0,36,,,,,,,,,0,,False,,,,,,,0.0,0.0,0.0,B,,,Raw 4.990; source/category adjustment -0.066; posterior 4.887; uncertainty -0.250 (theoretical_max_variance); evidence -0.030; final 4.607.
c7c4bdc8afaacef6ac35ca54,Air Fryer Cauliflower Recipe,feelgoodfoodie.net,feelgoodfoodie.net,https://feelgoodfoodie.net/recipe/air-fryer-cauliflower/,5.0,187,0.08453302126560262,4.783028426387997,4.915466978734397,4.885781429431549,0.25,theoretical_max_variance,0.030000000000000006,4.6057814294315484,0.65,schema_only,,Vegetables,,0.0,2026-08-18T22:11:58.441699+00:00,934,0.795506098463726,24.523656379549568,880,944,0.0,0.0,36,,,,,,,,,0,,False,,,,,,,0.0,0.0,0.0,B,,,Raw 5.000; source/category adjustment -0.085; posterior 4.886; uncertainty -0.250 (theoretical_max_variance); evidence -0.030; final 4.606.
38b9007333059159073f5bd7,Air Fryer Buffalo Cauliflower,loveandlemons.com,loveandlemons.com,https://www.loveandlemons.com/air-fryer-buffalo-cauliflower/,4.49,39,0.03562426953009911,4.783028426387997,4.454375730469901,4.634365474609785,0.0,empirical_history,0.030000000000000006,4.604365474609785,0.65,schema_only,"Jeanine Donofrio, Phoebe Moore",Vegetables,,0.0,2026-08-18T22:11:58.441699+00:00,935,0.9155600010471573,8.807745959602201,927,947,0.0,0.0,36,,,,,,,,,0,,False,,,,,,,0.0,0.0,0.0,C,,,Raw 4.490; source/category adjustment -0.036; posterior 4.634; uncertainty -0.000 (empirical_history); evidence -0.030; final 4.604.
1f00b92a17ea91132a6e659c,Air Fryer Ranch Pork Chops,allrecipes.com,allrecipes.com,https://www.allrecipes.com/recipe/276831/air-fryer-ranch-pork-chops/,4.4,50,-0.09393325178093598,4.799386445510584,4.493933251780937,4.634345363409915,0.0,empirical_history,0.030000000000000006,4.604345363409915,0.65,schema_only,France Cevallos,Pork,,0.0,2026-08-18T22:11:58.441699+00:00,936,0.9177023174927418,8.573214099741124,927,946,0.0,0.0,36,0.0,0.0,0.0,0.0,0.0,0.0,,,1,2026-08-18T22:11:58.441699+00:00,False,,,,,,,0.0,0.0,0.0,B,,,Raw 4.400; source/category adjustment +0.094; posterior 4.634; uncertainty -0.000 (empirical_history); evidence -0.030; final 4.604.
30638a4c855ec61fd6fb1353,Air Fryer Chickpea Recipe,feelgoodfoodie.net,feelgoodfoodie.net,https://feelgoodfoodie.net/recipe/air-fryer-chickpeas/,5.0,176,0.08453302126560262,4.774757475038895,4.915466978734397,4.8843365575628255,0.25,theoretical_max_variance,0.030000000000000006,4.604336557562825,0.65,schema_only,,,,0.0,2026-08-18T22:11:58.441699+00:00,937,0.7956345297372724,24.581355852669226,881,945,0.0,0.0,36,,,,,,,,,0,,False,,,,,,,0.0,0.0,0.0,B,,,Raw 5.000; source/category adjustment -0.085; posterior 4.884; uncertainty -0.250 (theoretical_max_variance); evidence -0.030; final 4.604.
2e6e4ee679be2636d4fd7b85,Crispy Air Fryer Bacon,natashaskitchen.com,natashaskitchen.com,https://natashaskitchen.com/air-fryer-bacon/,4.97,238,0.06611594762002528,4.761077057433891,4.903884052379975,4.881466243813815,0.25,theoretical_max_variance,0.030000000000000006,4.601466243813815,0.65,schema_only,,Pork | Breakfast,,0.0,2026-08-18T22:11:58.441699+00:00,938,0.8360203519772474,18.790511790085265,889,938,0.0,0.0,36,,,,,,,,,0,,False,,,,,,,0.0,0.0,0.0,B,,,Raw 4.970; source/category adjustment -0.066; posterior 4.881; uncertainty -0.250 (theoretical_max_variance); evidence -0.030; final 4.601.
66a3c8077a0a3f4e3dc21a9d,Crispy Air Fryer Potatoes,lecremedelacrumb.com,lecremedelacrumb.com,https://www.lecremedelacrumb.com/air-fryer-potatoes/,4.95,120,0.036689044489208365,4.7950420873666095,4.9133109555107914,4.872559931842587,0.25,theoretical_max_variance,0.030000000000000006,4.592559931842587,0.65,schema_only,,Potatoes,,0.0,2026-08-18T22:11:58.441699+00:00,939,0.8428560611047642,17.879807045938723,900,948,0.0,0.0,36,,,,,,,,,0,,False,,,,,,,0.0,0.0,0.0,B,,,Raw 4.950; source/category adjustment -0.037; posterior 4.873; uncertainty -0.250 (theoretical_max_variance); evidence -0.030; final 4.593.
bb163f5d0e5a570afa404aff,Air Fryer Potato Wedges,allrecipes.com,allrecipes.com,https://www.allrecipes.com/recipe/266826/air-fryer-potato-wedges/,4.8,200,-0.09393325178093598,4.7950420873666095,4.893933251780936,4.870098096432528,0.25,theoretical_max_variance,0.030000000000000006,4.590098096432528,0.65,schema_only,Nicole Russell,Potatoes,,0.0,2026-08-18T22:11:58.441699+00:00,940,0.8456081893942875,17.527755766846543,903,950,0.0,0.0,36,,,,,,,,,0,,False,,,,,,,0.0,0.0,0.0,B,,,Raw 4.800; source/category adjustment +0.094; posterior 4.870; uncertainty -0.250 (theoretical_max_variance); evidence -0.030; final 4.590.
04a8967d2bf25b66fb1b661f,Air Fryer Chicken Thighs,allrecipes.com,allrecipes.com,https://www.allrecipes.com/recipe/272858/air-fryer-chicken-thighs/,4.8,186,-0.09393325178093598,4.803035731606181,4.893933251780936,4.868684146538978,0.25,theoretical_max_variance,0.030000000000000006,4.588684146538978,0.65,schema_only,Brenda Venable,Chicken,,0.0,2026-08-18T22:11:58.441699+00:00,941,0.851812512788983,16.718253497300488,906,951,0.0,0.0,36,,,,,,,,,0,,False,,,,,,,0.0,0.0,0.0,B,,,Raw 4.800; source/category adjustment +0.094; posterior 4.869; uncertainty -0.250 (theoretical_max_variance); evidence -0.030; final 4.589.
9534ee98a73db61a09724219,Air Fryer Coconut Shrimp,allrecipes.com,allrecipes.com,https://www.allrecipes.com/recipe/270712/air-fryer-coconut-shrimp/,4.4,64,-0.09393325178093598,4.783293414341193,4.493933251780937,4.617101770753725,0.0,empirical_history,0.030000000000000006,4.5871017707537245,0.65,schema_only,SUSUMILLER,Seafood | Breakfast,,0.0,2026-08-18T22:11:58.441699+00:00,942,0.9209480739210737,8.257572282456872,932,949,0.0,0.0,36,0.0,0.0,0.0,0.0,0.0,0.0,,,1,2026-08-18T22:11:58.441699+00:00,False,,,,,,,0.0,0.0,0.0,B,,,Raw 4.400; source/category adjustment +0.094; posterior 4.617; uncertainty -0.000 (empirical_history); evidence -0.030; final 4.587.
33e398d84ef1b1ba9ca4f817,Air Fryer Sesame Chicken Thighs,allrecipes.com,allrecipes.com,https://www.allrecipes.com/recipe/272399/air-fryer-sesame-chicken-thighs/,4.2,25,-0.09393325178093598,4.762901700481689,4.2939332517809365,4.614482733952908,0.0,empirical_history,0.030000000000000006,4.584482733952908,0.65,schema_only,Soup Loving Nicole,Chicken | Breakfast,,0.0,2026-08-18T22:11:58.441699+00:00,943,0.9254090750441833,7.762087348130012,930,950,0.0,0.0,36,0.0,0.0,0.0,0.0,0.0,0.0,,,1,2026-08-18T22:11:58.441699+00:00,False,,,,,,,0.0,0.0,0.0,C,,,Raw 4.200; source/category adjustment +0.094; posterior 4.614; uncertainty -0.000 (empirical_history); evidence -0.030; final 4.584.
4cae70b321e3442013a83d0d,Air Fryer Pork Chops,natashaskitchen.com,natashaskitchen.com,https://natashaskitchen.com/air-fryer-pork-chops-recipe/,4.95,219,0.06611594762002528,4.799386445510584,4.883884052379975,4.86360030194483,0.25,theoretical_max_variance,0.030000000000000006,4.58360030194483,0.65,schema_only,,Pork,,0.0,2026-08-18T22:11:58.441699+00:00,944,0.8681490599934378,14.64083900145981,910,949,0.0,0.0,36,,,,,,,,,0,,False,,,,,,,0.0,0.0,0.0,B,,,Raw 4.950; source/category adjustment -0.066; posterior 4.864; uncertainty -0.250 (theoretical_max_variance); evidence -0.030; final 4.584.
5bb310218341b8aecfbcecfd,Ridiculously Good Air Fryer Chicken Breast,pinchofyum.com,pinchofyum.com,https://pinchofyum.com/ridiculously-good-air-fryer-chicken-breast,4.9,169,0.01228737174583198,4.803035731606181,4.887712628254168,4.861923780488124,0.25,theoretical_max_variance,0.030000000000000006,4.581923780488124,0.65,schema_only,Lindsay Ostrom,Chicken,,0.0,2026-08-18T22:11:58.441699+00:00,945,0.8659265669689872,14.94132040870403,912,952,0.0,0.0,36,,,,,,,,,0,,False,,,,,,,0.0,0.0,0.0,B,,,Raw 4.900; source/category adjustment -0.012; posterior 4.862; uncertainty -0.250 (theoretical_max_variance); evidence -0.030; final 4.582.
16906f033f03d3f6ced23ae9,Basic Air Fryer Hot Dogs,allrecipes.com,allrecipes.com,https://www.allrecipes.com/recipe/268494/basic-air-fryer-hot-dogs/,4.8,134,-0.09393325178093598,4.774757475038895,4.893933251780936,4.861548529840164,0.25,theoretical_max_variance,0.030000000000000006,4.5815485298401635,0.65,schema_only,Nicole Russell,,,0.0,2026-08-18T22:11:58.441699+00:00,946,0.861773658461864,15.494398629468938,911,953,0.0,0.0,36,0.0,0.0,0.0,0.0,0.0,0.0,,,1,2026-08-18T22:11:58.441699+00:00,False,,,,,,,0.0,0.0,0.0,B,,,Raw 4.800; source/category adjustment +0.094; posterior 4.862; uncertainty -0.250 (theoretical_max_variance); evidence -0.030; final 4.582.
e97f7a325835540c1a98fd31,Air Fryer Eggplant Parmesan,allrecipes.com,allrecipes.com,https://www.allrecipes.com/recipe/270940/air-fryer-eggplant-parmesan/,4.8,121,-0.09393325178093598,4.752898047872597,4.893933251780936,4.85908653343531,0.25,theoretical_max_variance,0.030000000000000006,4.5790865334353095,0.65,schema_only,Yoly,Vegetables | Breakfast,,0.0,2026-08-18T22:11:58.441699+00:00,947,0.8642663848842164,15.186799823823613,913,955,0.0,0.0,36,,,,,,,,,0,,False,,,,,,,0.0,0.0,0.0,B,,,Raw 4.800; source/category adjustment +0.094; posterior 4.859; uncertainty -0.250 (theoretical_max_variance); evidence -0.030; final 4.579.
8f79976602b8d17fd7f94453,Juicy Air Fryer Meatballs,spendwithpennies.com,spendwithpennies.com,https://www.spendwithpennies.com/juicy-air-fryer-meatballs/,4.98,196,0.10301067989460772,4.762940520089532,4.876989320105393,4.856210489807324,0.25,theoretical_max_variance,0.030000000000000006,4.576210489807324,0.65,schema_only,,Beef | Pork | Breakfast,,0.0,2026-08-18T22:11:58.441699+00:00,948,0.8737655805238712,13.98486284841181,915,955,0.0,0.0,36,,,,,,,,,0,,False,,,,,,,0.0,0.0,0.0,B,,,Raw 4.980; source/category adjustment -0.103; posterior 4.856; uncertainty -0.250 (theoretical_max_variance); evidence -0.030; final 4.576.
829eaf8273ff6578a994d5e1,Air Fryer Roasted Cauliflower,allrecipes.com,allrecipes.com,https://www.allrecipes.com/recipe/267304/air-fryer-roasted-cauliflower/,4.3,41,-0.09393325178093598,4.783028426387997,4.393933251780936,4.6031773304941,0.0,empirical_history,0.030000000000000006,4.5731773304941,0.65,schema_only,Bren,Vegetables,,0.0,2026-08-18T22:11:58.441699+00:00,949,0.9309305098357401,7.189401922274203,934,951,0.0,0.0,36,,,,,,,,,0,,False,,,,,,,0.0,0.0,0.0,C,,,Raw 4.300; source/category adjustment +0.094; posterior 4.603; uncertainty -0.000 (empirical_history); evidence -0.030; final 4.573.
3fc54fb193b51a8967b9ddf2,Air Fryer Tempura-Inspired Green Beans,delish.com,delish.com,https://www.delish.com/cooking/recipe-ideas/a39721263/air-fryer-tempura-recipe/,2.25,4,-0.15,4.752898047872597,2.4,4.598849513924903,0.0,empirical_history,0.030000000000000006,4.568849513924903,0.65,schema_only,Laura Rege,Vegetables | Breakfast,,0.0,2026-08-18T22:11:58.441699+00:00,950,0.9271580067667654,7.620786631896269,933,952,0.0,0.0,36,,,,,,,,,0,,False,,,,,,,0.0,0.0,0.0,C,,,Raw 2.250; source/category adjustment +0.150; posterior 4.599; uncertainty -0.000 (empirical_history); evidence -0.030; final 4.569.
45582295bcfc45f07d50129c,Air Fryer Fried Chicken,delish.com,delish.com,https://www.delish.com/cooking/recipe-ideas/a28091788/air-fryer-fried-chicken-recipe/,3.6923077000000006,13,-0.15,4.803035731606181,3.8423077000000005,4.582347203999122,0.0,empirical_history,0.030000000000000006,4.552347203999122,0.65,schema_only,Makinze Gore,Chicken,,0.0,2026-08-18T22:11:58.441699+00:00,951,0.9275309132859896,7.586537784494028,935,955,0.0,0.0,36,,,,,,,,,0,,False,,,,,,,0.0,0.0,0.0,C,,,Raw 3.692; source/category adjustment +0.150; posterior 4.582; uncertainty -0.000 (empirical_history); evidence -0.030; final 4.552.
63892e5c53e695c1256b09c3,Air Fryer Chicken Tenders,skinnytaste.com,skinnytaste.com,https://www.skinnytaste.com/air-fryer-chicken-tenders/,4.9,220,0.057660045864427495,4.762901700481689,4.842339954135573,4.82982468022878,0.25,theoretical_max_variance,0.030000000000000006,4.54982468022878,0.65,schema_only,,Chicken | Breakfast,,0.0,2026-08-18T22:11:58.441699+00:00,952,0.9164249451350428,8.86433239950358,933,957,0.0,0.0,36,,,,,,,,,0,,False,,,,,,,0.0,0.0,0.0,B,,,Raw 4.900; source/category adjustment -0.058; posterior 4.830; uncertainty -0.250 (theoretical_max_variance); evidence -0.030; final 4.550.
cc281ebcd92ab12d90ded5f0,Air Fryer Breaded Shrimp,allrecipes.com,allrecipes.com,https://www.allrecipes.com/recipe/283945/air-fryer-breaded-shrimp/,3.9000000000000004,17,-0.09393325178093598,4.783293414341193,3.9939332517809363,4.576637896003294,0.0,empirical_history,0.030000000000000006,4.546637896003293,0.65,schema_only,Soup Loving Nicole,Seafood | Breakfast,,0.0,2026-08-18T22:11:58.441699+00:00,953,0.929232148652768,7.410109460879928,936,955,0.0,0.0,36,0.0,0.0,0.0,0.0,0.0,0.0,,,1,2026-08-18T22:11:58.441699+00:00,False,,,,,,,0.0,0.0,0.0,C,,,Raw 3.900; source/category adjustment +0.094; posterior 4.577; uncertainty -0.000 (empirical_history); evidence -0.030; final 4.547.
7554d60b955a4dc65bc7ed31,Air Fryer Peanut Butter Cookies,airfryingfoodie.com,airfryingfoodie.com,https://airfryingfoodie.com/air-fryer-peanut-butter-cookies/,4.41,54,0.031006913164291352,4.707118877174226,4.378993086835709,4.56926442731801,0.0,empirical_history,0.030000000000000006,4.53926442731801,0.65,schema_only,Jen,Desserts | Breakfast,,0.0,2026-08-19T00:34:06.688272+00:00,954,0.9430658453522031,5.880169120772709,940,955,0.0,0.0,36,,,,,,,,,0,,False,,,,,,,,,,B,,,Raw 4.410; source/category adjustment -0.031; posterior 4.569; uncertainty -0.000 (empirical_history); evidence -0.030; final 4.539.
06a01b1ee8e952392b352cb2,Perfect Air Fryer Shrimp,skinnytaste.com,skinnytaste.com,https://www.skinnytaste.com/perfect-air-fryer-shrimp/,4.89,117,0.057660045864427495,4.84381915932519,4.8323399541355725,4.815099690932974,0.25,theoretical_max_variance,0.030000000000000006,4.535099690932974,0.65,schema_only,,Seafood,,0.0,2026-08-18T22:11:58.441699+00:00,955,0.9540459616138597,4.6963342678684565,945,958,0.0,0.0,36,,,,,,,,,0,,False,,,,,,,0.0,0.0,0.0,B,,,Raw 4.890; source/category adjustment -0.058; posterior 4.815; uncertainty -0.250 (theoretical_max_variance); evidence -0.030; final 4.535.
4f142e0a9092d313ba4708cf,Air Fryer Blooming Onion,allrecipes.com,allrecipes.com,https://www.allrecipes.com/air-fryer-blooming-onion-recipe-7546676,3.5999999999999996,14,-0.09393325178093598,4.7227676693571965,3.6939332517809356,4.538327176201216,0.0,empirical_history,0.030000000000000006,4.508327176201216,0.65,schema_only,Jackie,Breakfast,,0.0,2026-08-18T22:11:58.441699+00:00,956,0.9548989090951671,4.6097722286464435,946,959,0.0,0.0,36,0.0,0.0,0.0,0.0,0.0,0.0,,,1,2026-08-18T22:11:58.441699+00:00,False,,,,,,,0.0,0.0,0.0,C,,,Raw 3.600; source/category adjustment +0.094; posterior 4.538; uncertainty -0.000 (empirical_history); evidence -0.030; final 4.508.
ad06df034ad339d1464315df,Air Fryer Pizza,delish.com,delish.com,https://www.delish.com/cooking/recipe-ideas/a28563446/air-fryer-pizza-recipe/,3.2,10,-0.15,4.774757475038895,3.35,4.537297895865746,0.0,empirical_history,0.030000000000000006,4.5072978958657455,0.65,schema_only,Lena Abraham,,,0.0,2026-08-18T22:11:58.441699+00:00,957,0.9555380369618985,4.546060565661952,946,960,0.0,0.0,36,,,,,,,,,0,,False,,,,,,,0.0,0.0,0.0,C,,,Raw 3.200; source/category adjustment +0.150; posterior 4.537; uncertainty -0.000 (empirical_history); evidence -0.030; final 4.507.
f63945607b731ded9ae681d1,Air Fryer Hasselback Potatoes,allrecipes.com,allrecipes.com,https://www.allrecipes.com/recipe/277077/air-fryer-hasselback-potatoes/,4.1,39,-0.09393325178093598,4.7950420873666095,4.193933251780936,4.520238995184284,0.0,empirical_history,0.030000000000000006,4.490238995184284,0.65,schema_only,lutzflcat,Potatoes,,0.0,2026-08-18T22:11:58.441699+00:00,958,0.9864468494289482,1.3437096247164249,956,960,0.0,0.0,36,,,,,,,,,0,,False,,,,,,,0.0,0.0,0.0,C,,,Raw 4.100; source/category adjustment +0.094; posterior 4.520; uncertainty -0.000 (empirical_history); evidence -0.030; final 4.490.
d0e1d53e2f30aadadb34598d,Air Fryer Chocolate Chip Cookies,airfryingfoodie.com,airfryingfoodie.com,https://airfryingfoodie.com/air-fryer-chocolate-chip-cookies/,4.73,101,0.031006913164291352,4.732647456353257,4.698993086835709,4.724080632598353,0.25,theoretical_max_variance,0.030000000000000006,4.444080632598353,0.65,schema_only,Becky,Desserts | Breakfast | Snacks,,0.0,2026-08-18T22:11:58.441699+00:00,959,0.9869047308272003,1.299038105676658,956,959,0.0,0.0,36,0.0,0.0,0.0,0.0,0.0,0.0,,,1,2026-08-18T22:11:58.441699+00:00,False,,,,,,,0.0,0.0,0.0,B,,,Raw 4.730; source/category adjustment -0.031; posterior 4.724; uncertainty -0.250 (theoretical_max_variance); evidence -0.030; final 4.444.
2791d984ac5bf21e66f2f512,Crispy Air Fryer Tofu Recipe,pinchofyum.com,pinchofyum.com,https://pinchofyum.com/ridiculously-good-air-fryer-tofu,4.7,111,0.01228737174583198,4.774757475038895,4.687712628254168,4.714745189367437,0.25,theoretical_max_variance,0.030000000000000006,4.434745189367437,0.65,schema_only,Lindsay Ostrom,,,0.0,2026-08-18T22:11:58.441699+00:00,960,0.9869179185371947,1.299038105676658,957,960,0.0,0.0,36,,,,,,,,,0,,False,,,,,,,0.0,0.0,0.0,B,,,Raw 4.700; source/category adjustment -0.012; posterior 4.715; uncertainty -0.250 (theoretical_max_variance); evidence -0.030; final 4.435.
bff0eb42d11d6421d78fc140,Crispy Air Fryer Chicken Wings,airfryingfoodie.com,airfryingfoodie.com,https://airfryingfoodie.com/air-fryer-chicken-wings/,4.67,130,0.031006913164291352,4.803035731606181,4.6389930868357085,4.676705416892149,0.25,theoretical_max_variance,0.030000000000000006,4.396705416892149,0.65,schema_only,Jen,Chicken,,0.0,2026-08-18T22:11:58.441699+00:00,961,1.0,0.0,961,961,0.0,0.0,36,0.0,0.0,0.0,0.0,0.0,0.0,,,1,2026-08-18T22:11:58.441699+00:00,False,,,,,,,0.0,0.0,0.0,B,,,Raw 4.670; source/category adjustment -0.031; posterior 4.677; uncertainty -0.250 (theoretical_max_variance); evidence -0.030; final 4.397.
b222351ff0f90a70bd2ab70c,Air Fryer Pork Chops,delish.com,delish.com,https://www.delish.com/cooking/recipe-ideas/a28091838/air-fryer-pork-chops-recipe/,4.420561,107,-0.15,4.799386445510584,4.5705610000000005,4.63559172453468,0.25,theoretical_max_variance,0.030000000000000006,4.35559172453468,0.65,schema_only,Makinze Gore,Pork,,0.0,2026-08-18T22:11:58.441699+00:00,962,0.9904903941022427,0.9428090415820634,962,964,0.0,0.0,36,,,,,,,,,0,,False,,,,,,,0.0,0.0,0.0,B,,,Raw 4.421; source/category adjustment +0.150; posterior 4.636; uncertainty -0.250 (theoretical_max_variance); evidence -0.030; final 4.356.
12ead61931d1776784e4bda3,Air Fryer Country Style Ribs,airfryingfoodie.com,airfryingfoodie.com,https://airfryingfoodie.com/air-fryer-country-style-ribs/,4.62,198,0.031006913164291352,4.774757475038895,4.588993086835709,4.6264455844573185,0.25,theoretical_max_variance,0.030000000000000006,4.346445584457318,0.65,schema_only,Jen,,,0.0,2026-08-18T22:11:58.441699+00:00,963,0.9952273178347706,0.4714045207910317,962,963,0.0,0.0,36,0.0,0.0,0.0,0.0,0.0,0.0,,,1,2026-08-18T22:11:58.441699+00:00,False,,,,,,,0.0,0.0,0.0,B,,,Raw 4.620; source/category adjustment -0.031; posterior 4.626; uncertainty -0.250 (theoretical_max_variance); evidence -0.030; final 4.346.
6b60b6e602be8a66aa1c3fcb,Air Fryer Bread Recipe,airfryingfoodie.com,airfryingfoodie.com,https://airfryingfoodie.com/air-fryer-bread/,4.6,150,0.031006913164291352,4.7227676693571965,4.568993086835708,4.6204341838865055,0.25,theoretical_max_variance,0.030000000000000006,4.340434183886505,0.65,schema_only,Becky,Breakfast,,0.0,2026-08-18T22:11:58.441699+00:00,964,0.9952321449960599,0.4714045207910317,963,964,0.0,0.0,36,0.0,0.0,0.0,0.0,0.0,0.0,,,1,2026-08-18T22:11:58.441699+00:00,False,,,,,,,0.0,0.0,0.0,B,,,Raw 4.600; source/category adjustment -0.031; posterior 4.620; uncertainty -0.250 (theoretical_max_variance); evidence -0.030; final 4.340.
816233c266f3d1710e3c4a3b,Air Fryer Zucchini,wellplated.com,wellplated.com,https://www.wellplated.com/air-fryer-zucchini/,4.51,136,-0.005312738771879698,4.783028426387997,4.51531273877188,4.585055947445809,0.25,theoretical_max_variance,0.030000000000000006,4.305055947445808,0.65,schema_only,,Vegetables,,0.0,2026-08-18T22:11:58.441699+00:00,965,1.0,0.0,965,965,0.0,0.0,36,,,,,,,,,0,,False,,,,,,,0.0,0.0,0.0,B,,,Raw 4.510; source/category adjustment +0.005; posterior 4.585; uncertainty -0.250 (theoretical_max_variance); evidence -0.030; final 4.305.
d82bdef20be41a6e3fde2be6,Air Fryer Donuts,delish.com,delish.com,https://www.delish.com/cooking/recipe-ideas/a28108343/air-fryer-doughnuts-recipe/,2.8529413,34,-0.15,4.707118877174226,3.0029413,4.057593785142199,0.0,empirical_history,0.030000000000000006,4.027593785142199,0.65,schema_only,Makinze Gore,Desserts | Breakfast,,0.0,2026-08-18T22:11:58.441699+00:00,966,0.9949545913218971,0.5,966,967,0.0,0.0,36,,,,,,,,,0,,False,,,,,,,0.0,0.0,0.0,C,,,Raw 2.853; source/category adjustment +0.150; posterior 4.058; uncertainty -0.000 (empirical_history); evidence -0.030; final 4.028.
082acda06f3dc94884594200,Air Fryer Blooming Onion,delish.com,delish.com,https://www.delish.com/cooking/recipe-ideas/a28650227/air-fryer-blooming-onion/,2.347826,23,-0.15,4.7227676693571965,2.497826,4.057368106191023,0.0,empirical_history,0.030000000000000006,4.027368106191023,0.65,schema_only,Makinze Gore,Breakfast,,0.0,2026-08-18T22:11:58.441699+00:00,967,0.9949596774193549,0.5,966,967,0.0,0.0,36,,,,,,,,,0,,False,,,,,,,0.0,0.0,0.0,C,,,Raw 2.348; source/category adjustment +0.150; posterior 4.057; uncertainty -0.000 (empirical_history); evidence -0.030; final 4.027.
