recipe_id,title,source,combined_sources,url,rating,rating_count,source_bias,category_expected_rating,adjusted_rating,posterior_mean,uncertainty_penalty,uncertainty_method,evidence_penalty,hierarchical_score,evidence_confidence,evidence_status,author,categories,duplicate_group_id,duplicate_confidence,last_seen_at,rank,rank_confidence,rank_stddev,rank_range_low,rank_range_high,top10_frequency,top50_frequency,simulation_count,review_growth_7d,review_growth_30d,rating_trend_30d,rating_slope_30d_per_day,review_slope_30d_per_day,review_velocity_7d,review_velocity_previous_7d,review_acceleration_14d,page_change_count_30d,last_material_page_change_at,rating_change_point_30d,rating_change_point_delta,peak_rank,rank_volatility,days_in_top10,days_in_top50,ranking_observations,rating_change,review_count_change,review_velocity_per_day,evidence_grade,previous_rank,movement,rank_provenance,canonical_url,image_url,ingredients,has_instructions,instruction_count
9d46ade439c1efcf8318d08b,Classic Slow Cooker Chili Recipe,natashaskitchen.com,natashaskitchen.com,https://natashaskitchen.com/slow-cooker-chili-recipe/,4.99,2340,0.09651505824489025,4.7038534259669165,4.89348494175511,4.88899663582048,0.10022986134183022,theoretical_max_variance,0.030000000000000006,4.75876677447865,0.65,schema_only,,Beef,,0.0,2026-08-19T04:46:36.227580+00:00,1,1.0,0.0,1,1,1.0,1.0,36,0.0,0.0,0.0,0.0,0.0,0.0,,,0,,False,,1.0,0.0,1.0,1.0,1.0,0.0,0.0,0.0,B,1.0,0.0,Raw 4.990; source/category adjustment -0.097; posterior 4.889; uncertainty -0.100 (theoretical_max_variance); evidence -0.030; final 4.759.,https://natashaskitchen.com/slow-cooker-chili-recipe/,https://natashaskitchen.com/wp-content/uploads/2020/04/Slow-Cooker-Beef-Chili-Recipe-4.jpg,"['2 lb lean Ground Beef ((85/15 fat content))', '1  large onion (diced)', '4  garlic cloves (minced)', '2 Tbsp chili powder', '2 tsp cumin powder', '1 tsp garlic powder', '1 tsp dried oregano', '1 1/2 tsp fine sea salt (or to taste)', '1/2 tsp black pepper', '15 oz can black beans (drained and rinsed)', '15 oz can kidney beans (drained and rinsed)', '30 oz diced tomatoes (with their juice)', '10 oz diced tomatoes and green chilis (with their juice)', '15 oz tomato sauce']",True,3
6b9decd72b32f45e63066ed3,Slow Cooker Baby Back Ribs,allrecipes.com,allrecipes.com,https://www.allrecipes.com/recipe/228498/slow-cooker-baby-back-ribs/,4.8,1377,-0.11871500599879986,4.678943918079802,4.918715005998799,4.910313776569262,0.1297131761189462,theoretical_max_variance,0.030000000000000006,4.750600600450316,0.65,schema_only,norah,,,0.0,2026-08-19T04:46:36.227580+00:00,2,1.0,0.0,2,2,1.0,1.0,36,0.0,0.0,0.0,0.0,0.0,0.0,,,3,2026-08-19T04:46:36.227580+00:00,False,,1.0,0.4714045207910317,1.0,1.0,3.0,0.0,0.0,0.0,B,2.0,0.0,Raw 4.800; source/category adjustment +0.119; posterior 4.910; uncertainty -0.130 (theoretical_max_variance); evidence -0.030; final 4.751.,https://www.allrecipes.com/recipe/228498/slow-cooker-baby-back-ribs/,https://www.allrecipes.com/thmb/Yk6XPvsjJwPiq6Ed8UxejK0oKFE=/1500x0/filters:no_upscale():max_bytes(150000):strip_icc()/228498-slow-cooker-baby-back-ribs-DDMFS-008-4x3-052755bf2a444771918ef432757479a7.jpg,"['3 pounds baby back ribs, trimmed', 'salt and ground black pepper, to taste', '0.5 cup water', '0.5 onion, sliced', '1 clove garlic, minced', '1 (18 ounce) bottle barbeque sauce']",True,7
4ca366d048d332dde680aba1,Slow Cooker BBQ Chicken Recipe,natashaskitchen.com,natashaskitchen.com,https://natashaskitchen.com/slow-cooker-bbq-chicken-recipe/,4.98,1316,0.09651505824489025,4.670043293890816,4.8834849417551105,4.8759980814448864,0.13257777628349052,theoretical_max_variance,0.030000000000000006,4.713420305161396,0.65,schema_only,,Chicken,,0.0,2026-08-19T04:46:36.227580+00:00,3,1.0,0.0,3,3,1.0,1.0,36,0.0,0.0,0.0,0.0,0.0,0.0,,,0,,False,,3.0,0.0,1.0,1.0,1.0,0.0,0.0,0.0,B,3.0,0.0,Raw 4.980; source/category adjustment -0.097; posterior 4.876; uncertainty -0.133 (theoretical_max_variance); evidence -0.030; final 4.713.,https://natashaskitchen.com/slow-cooker-bbq-chicken-recipe/,https://natashaskitchen.com/wp-content/uploads/2015/08/BBQ-Chicken-SQ-I-love-you.jpg,"['3 lbs chicken breasts ((boneless, skinless))', '1 1/2 cups BBQ Sauce (I used Sweet Baby Rays Honey BBQ)', '1/2  medium onion (grated (with juice))', '1 Tbsp olive oil', '1 Tbsp Worcestershire sauce', '2 Tbsp brown sugar']",True,3
fd98ea529ae1433cb6bc1826,Easy Slow Cooker Pot Roast,allrecipes.com,allrecipes.com,https://www.allrecipes.com/recipe/218547/slow-cooker-pot-roast/,4.7,1968,-0.11871500599879986,4.687706014635115,4.8187150059988,4.815251896783761,0.10907758125030664,theoretical_max_variance,0.030000000000000006,4.676174315533454,0.65,schema_only,keylimeone,Vegetables | Beef,,0.0,2026-08-19T04:46:36.227580+00:00,4,1.0,0.0,4,4,1.0,1.0,36,0.0,0.0,0.0,0.0,0.0,0.0,,,3,2026-08-19T04:46:36.227580+00:00,False,,2.0,0.9428090415820634,1.0,1.0,3.0,0.0,0.0,0.0,B,4.0,0.0,Raw 4.700; source/category adjustment +0.119; posterior 4.815; uncertainty -0.109 (theoretical_max_variance); evidence -0.030; final 4.676.,https://www.allrecipes.com/recipe/218547/slow-cooker-pot-roast/,https://www.allrecipes.com/thmb/jj6RJWSKUePAyCNIwg-QDG7j-po=/1500x0/filters:no_upscale():max_bytes(150000):strip_icc()/218547-slow-cooker-pot-roast-VAT-Beauty-4x3-9213f2de265242d082c3ece1189a4762.jpg,"['cooking spray', '1 onion, sliced', '1 (2 1/2 pound) boneless beef chuck roast', 'salt and ground black pepper to taste', '0.25 cup all-purpose flour', '1 (1.2 ounce) package dry beef gravy mix', '1 (1 ounce) package ranch dressing mix', '1 (.7 ounce) package dry Italian-style salad dressing mix', '0.5 cup water, or as needed', '5 whole peeled carrots']",True,4
1961816bf4f1bf1570904232,Easy Crockpot Carnitas,pinchofyum.com,pinchofyum.com,https://pinchofyum.com/easy-crockpot-carnitas,4.9,160,-0.033586741413944146,4.6996322001216475,4.9335867414139445,4.872957497762958,0.25,theoretical_max_variance,0.030000000000000006,4.592957497762958,0.65,schema_only,Lindsay Ostrom,Desserts | Pork,,0.0,2026-08-19T04:46:36.227580+00:00,5,0.583381953358602,1.7853571071357126,5,9,1.0,1.0,36,,,,,,,,,0,,False,,,,,,,,,,B,,,Raw 4.900; source/category adjustment +0.034; posterior 4.873; uncertainty -0.250 (theoretical_max_variance); evidence -0.030; final 4.593.,https://pinchofyum.com/easy-crockpot-carnitas,https://pinchofyum.com/tachyon/Easy-Crockpot-Carnitas-Square.png?fit=225%2C225,"['4-5 lbs. pork shoulder (I prefer boneless, but bone-in works as well)', '5 cloves garlic', '1 tablespoon salt', '1 teaspoon cumin', '1 teaspoon chili powder', '1 teaspoon black pepper', '1 teaspoon oregano', '1/4 teaspoon cinnamon', '1/2 teaspoon cayenne pepper', '1 tablespoon chipotle hot sauce (optional)', 'juice of 2 limes', '1/2 cup orange juice', '12 ounces beer (a standard lager works great for this!)', '1/2 cup salsa (I like to use a less chunky one)']",True,6
a5bbfc88df8dc87d5db8d889,Slow Cooker Taco Soup,allrecipes.com,allrecipes.com,https://www.allrecipes.com/recipe/16678/slow-cooker-taco-soup/,4.6,2426,-0.11871500599879986,4.7038534259669165,4.718715005998799,4.717911874174909,0.09847381420462226,theoretical_max_variance,0.030000000000000006,4.589438059970287,0.65,schema_only,Janeen Barlow,Beef,,0.0,2026-08-19T04:46:36.227580+00:00,6,0.3472395610352777,4.8876260995383936,5,19,0.6666666666666666,1.0,36,0.0,0.0,0.0,0.0,0.0,0.0,,,3,2026-08-19T04:46:36.227580+00:00,False,,3.0,0.9428090415820634,1.0,1.0,3.0,0.0,0.0,0.0,B,5.0,-1.0,Raw 4.600; source/category adjustment +0.119; posterior 4.718; uncertainty -0.098 (theoretical_max_variance); evidence -0.030; final 4.589.,https://www.allrecipes.com/recipe/16678/slow-cooker-taco-soup/,https://www.allrecipes.com/thmb/O7dB5H1hcImxMwNlvLGSFP3JbHE=/1500x0/filters:no_upscale():max_bytes(150000):strip_icc()/16678-slow-cooker-taco-soup-ddmfs-step-4-41b33a0ac182427880328395c4085a68.jpg,"['1 pound ground beef', '1 onion, chopped', '1 (16 ounce) can chili beans, with liquid', '1 (15 ounce) can kidney beans with liquid', '1 (15 ounce) can whole kernel corn, with liquid', '1 (8 ounce) can tomato sauce', '2 cups water', '2 (14.5 ounce) cans peeled and diced tomatoes', '1 (4 ounce) can diced green chile peppers', '1 (1.25 ounce) package taco seasoning mix']",True,4
a5fb781a0245e616564ec60c,Slow Cooker Beef Stew,natashaskitchen.com,natashaskitchen.com,https://natashaskitchen.com/slow-cooker-beef-stew/,4.98,328,0.09651505824489025,4.704489449767193,4.8834849417551105,4.856429250792767,0.25,theoretical_max_variance,0.030000000000000006,4.576429250792767,0.65,schema_only,,Potatoes | Vegetables | Desserts | Beef | Snacks,,0.0,2026-08-19T04:46:36.227580+00:00,7,0.8787123165184252,0.37267799624996495,5,6,1.0,1.0,36,0.0,0.0,0.0,0.0,0.0,0.0,,,0,,False,,6.0,0.0,1.0,1.0,1.0,0.0,0.0,0.0,B,6.0,-1.0,Raw 4.980; source/category adjustment -0.097; posterior 4.856; uncertainty -0.250 (theoretical_max_variance); evidence -0.030; final 4.576.,https://natashaskitchen.com/slow-cooker-beef-stew/,https://natashaskitchen.com/wp-content/uploads/2022/11/beef-stew-sq.jpg,"['2 tbsp extra light olive oil (or high heat cooking oil)', '3 lb beef chuck roast (cut into 2 inch cubes)', '1  large yellow onion (diced)', '4  large carrots (cut into bite size pieces)', '1 lb Yukon potatoes (cut into bite size pieces)', '1/3 cup apple cider juice ((NOT vinegar))', '3 tbsp tomato paste', '3 cups beef broth', '1 tsp ground black pepper', '1 tbsp fine sea salt (or added to taste)', '2  bay leaves', 'parsley (finely chopped, to serve)']",True,4
fb4cfad078b5eed6b08ad4d7,BEST Slow Cooker Pulled Pork Recipe,downshiftology.com,downshiftology.com,https://downshiftology.com/recipes/slow-cooker-pulled-pork/,4.94,256,0.061859239390228464,4.63834831055701,4.878140760609772,4.845592256928405,0.25,theoretical_max_variance,0.030000000000000006,4.565592256928404,0.65,schema_only,Lisa Bryan,Pork,,0.0,2026-08-19T04:46:36.227580+00:00,8,0.79837888456099,0.7071067811865476,7,9,1.0,1.0,36,0.0,0.0,0.0,0.0,0.0,0.0,,,0,,False,,7.0,0.0,1.0,1.0,1.0,0.0,0.0,0.0,B,7.0,-1.0,Raw 4.940; source/category adjustment -0.062; posterior 4.846; uncertainty -0.250 (theoretical_max_variance); evidence -0.030; final 4.566.,https://downshiftology.com/recipes/slow-cooker-pulled-pork/,https://i2.wp.com/www.downshiftology.com/wp-content/uploads/2019/01/Slow-Cooker-Pulled-Pork-main.jpg,"['4½ pounds pork shoulder', '2 tablespoons paprika', '1 teaspoon oregano', '1 teaspoon salt', '1 teaspoon pepper', '½ teaspoon cumin', '1  yellow onion (diced)', '4  garlic cloves (chopped)', '1  orange (juiced)']",True,3
6400c3b87d6ad053ebfd1474,Slow Cooker Pot Roast,downshiftology.com,downshiftology.com,https://downshiftology.com/recipes/slow-cooker-pot-roast/,5.0,82,0.061859239390228464,4.677616262814447,4.938140760609771,4.839960138439329,0.25,theoretical_max_variance,0.030000000000000006,4.559960138439329,0.65,schema_only,Lisa Bryan,Potatoes | Vegetables | Beef,,0.0,2026-08-19T04:46:36.227580+00:00,9,0.61465176972866,1.818118685772619,7,12,0.75,1.0,36,0.0,0.0,0.0,0.0,0.0,0.0,,,0,,False,,8.0,0.0,1.0,1.0,1.0,0.0,0.0,0.0,B,8.0,-1.0,Raw 5.000; source/category adjustment -0.062; posterior 4.840; uncertainty -0.250 (theoretical_max_variance); evidence -0.030; final 4.560.,https://downshiftology.com/recipes/slow-cooker-pot-roast/,https://i2.wp.com/www.downshiftology.com/wp-content/uploads/2023/11/Slow-Cooker-Pot-Roast-main.jpg,"['2 tablespoons avocado oil (*see note)', '3 ½ pounds beef chuck roast', '2 teaspoon salt', '1 teaspoon freshly ground black pepper', '4 cloves garlic (thinly sliced)', '1  yellow onion (cut into large chunks)', '4  carrots (peeled and cut into 1-inch pieces)', '3 stalks celery (cut into 1-inch pieces)', '1 ½ pounds baby potatoes (white or yukon gold) (quartered)', '2 cups low-sodium beef broth', '1 cup red wine (*see note)', '2 sprigs fresh rosemary', '2 sprigs fresh thyme', '2  bay leaves', '2 tablespoons cornstarch or arrowroot powder', '3 tablespoons water']",True,5
ef738cfb9e04e281e4846d30,Easy Crockpot Lasagna Recipe,natashaskitchen.com,natashaskitchen.com,https://natashaskitchen.com/slow-cooker-lasagna-recipe/,4.97,190,0.09651505824489025,4.692011373587709,4.87348494175511,4.832955561822754,0.25,theoretical_max_variance,0.030000000000000006,4.5529555618227535,0.65,schema_only,,Beef | Breakfast,,0.0,2026-08-19T04:46:36.227580+00:00,10,0.6442998347206832,1.6562172428626492,9,13,0.5,1.0,36,0.0,0.0,0.0,0.0,0.0,0.0,,,1,2026-08-19T04:46:36.227580+00:00,False,,9.0,0.0,1.0,1.0,1.0,0.0,0.0,0.0,B,9.0,-1.0,Raw 4.970; source/category adjustment -0.097; posterior 4.833; uncertainty -0.250 (theoretical_max_variance); evidence -0.030; final 4.553.,https://natashaskitchen.com/slow-cooker-lasagna-recipe/,https://natashaskitchen.com/wp-content/uploads/2018/12/Slow-Cooker-Lasagna-SQ.jpg,"['1 lb ground beef ((80/20 fat content))', '1  small onion (finely diced)', '2  garlic cloves (pressed)', '1/4 cup red wine (or beef broth)', '32 oz marinara sauce', '1/4 tsp dried thyme', '1/2 tsp sea salt', '1/4 tsp black pepper', '1/2 tsp granulated sugar', '4 Tbsp fresh parsley (chopped and divided)', '15 oz reduced fat ricotta cheese', '16 oz low-fat cottage cheese', '1  large egg', '1 lb mozzarella cheese ((4 cups shredded), divided)', '9  lasagna noodles (uncooked, NOT ""oven ready"")', '1/2 cup water']",True,5
0e92d800901c2dbb87b6d368,The Best Detox Crockpot Lentil Soup,pinchofyum.com,pinchofyum.com,https://pinchofyum.com/the-best-detox-crockpot-lentil-soup,4.8,391,-0.033586741413944146,4.6819302567683945,4.833586741413944,4.816053541489438,0.23333333333333334,theoretical_max_variance,0.030000000000000006,4.552720208156105,0.65,schema_only,Lindsay Ostrom,Chicken | Potatoes | Vegetables | Snacks,,0.0,2026-08-19T04:46:36.227580+00:00,11,0.45243246260988834,3.751851394830143,7,16,0.5,1.0,36,,,,,,,,,0,,False,,,,,,,,,,B,,,Raw 4.800; source/category adjustment +0.034; posterior 4.816; uncertainty -0.233 (theoretical_max_variance); evidence -0.030; final 4.553.,https://pinchofyum.com/the-best-detox-crockpot-lentil-soup,https://pinchofyum.com/tachyon/Crockpot-Lentil-Soup-Recipe.jpg?fit=225%2C225,"['2 cups butternut squash (peeled and cubed)', '2 cups carrots (peeled and sliced)', '2 cups potatoes (chopped)', '2 cups celery (chopped)', '1 cup green lentils', '3/4 cup yellow split peas (or just use more lentils)', '1 onion (chopped)', '5 cloves garlic (minced)', '8-10 cups vegetable or chicken broth', '2 teaspoons herbs de provence', '1 teaspoon salt (more to taste)', '2-3 cups kale (stems removed, chopped)', '1 cup parsley (chopped)', '1/2 cup olive oil &#8211; rosemary olive oil or other herb infused oil is delicious', 'a swish of sherry, red wine vinegar, or lemon juice to add a nice tangy bite']",True,3
2a4bc0c11f22ee71c8e6a04a,Crockpot Salsa Verde Chicken,downshiftology.com,downshiftology.com,https://downshiftology.com/recipes/crockpot-salsa-verde-chicken/,5.0,70,0.061859239390228464,4.670043293890816,4.938140760609771,4.830142076222284,0.25,theoretical_max_variance,0.030000000000000006,4.550142076222284,0.65,schema_only,Lisa Bryan,Chicken,,0.0,2026-08-19T04:46:36.227580+00:00,12,0.6035928826176539,2.101586702153082,9,15,0.3333333333333333,1.0,36,0.0,0.0,0.0,0.0,0.0,0.0,,,0,,False,,10.0,0.0,1.0,1.0,1.0,0.0,0.0,0.0,B,10.0,-2.0,Raw 5.000; source/category adjustment -0.062; posterior 4.830; uncertainty -0.250 (theoretical_max_variance); evidence -0.030; final 4.550.,https://downshiftology.com/recipes/crockpot-salsa-verde-chicken/,https://i2.wp.com/www.downshiftology.com/wp-content/uploads/2023/12/Slow-Cooker-Salsa-Verde-Chicken-main.jpg,"['2 pounds boneless skinless chicken breasts', '2 cups salsa verde', '1 teaspoon kosher salt', '1 teaspoon ground cumin', '2 tablespoons chopped fresh cilantro', 'Optional: sour cream (see note below)']",True,3
db50275fd3c6fbfd1e70fa9d,Beef and Mushroom Pot Roast (a Slow Cooker Recipe),natashaskitchen.com,natashaskitchen.com,https://natashaskitchen.com/beef-and-mushroom-pot-roast-a-slow-cooker-recipe/,5.0,95,0.09651505824489025,4.687706014635115,4.90348494175511,4.826057002556728,0.25,theoretical_max_variance,0.030000000000000006,4.5460570025567275,0.65,schema_only,,Vegetables | Beef,,0.0,2026-08-19T04:46:36.227580+00:00,13,0.6310588642255213,1.9293061504650375,11,16,0.0,1.0,36,0.0,0.0,0.0,0.0,0.0,0.0,,,0,,False,,11.0,0.0,0.0,1.0,1.0,0.0,0.0,0.0,B,11.0,-2.0,Raw 5.000; source/category adjustment -0.097; posterior 4.826; uncertainty -0.250 (theoretical_max_variance); evidence -0.030; final 4.546.,https://natashaskitchen.com/beef-and-mushroom-pot-roast-a-slow-cooker-recipe/,https://natashaskitchen.com/wp-content/uploads/2013/12/Beef-and-Mushroom-Pot-Roast-Tall-2.jpg,"['4 1/2 lbs boneless Beef bottom round roast', '2 cups 1/2 lb peeled and thick sliced or baby carrots', '1 lb fresh mushrooms (thickly sliced)', '1  large onion (finely diced)', '1/2  head of garlic (6 cloves, pressed)', '1/3 cup all-purpose flour', '1 oz Onion Soup or Dip mix', '1/2 Tbsp Mrs. Dash (our favorite salt-free seasoning)', '2 cups reduced sodium vegetable or beef broth', '1/2 cup red wine', '1 cup heavy whipping cream', '2 tsp salt']",True,7
d6dc12e628261b9d4f7ac50c,Crockpot Chicken Bowls with Yellow Rice and Cilantro Pesto,pinchofyum.com,pinchofyum.com,https://pinchofyum.com/crockpot-chicken-bowls-with-yellow-rice-and-cilantro-pesto,5.0,40,-0.033586741413944146,4.670043293890816,5.0,4.821635510044334,0.25,theoretical_max_variance,0.030000000000000006,4.541635510044334,0.65,schema_only,Lindsay Ostrom,Chicken,,0.0,2026-08-19T04:46:36.227580+00:00,14,0.5581738154308931,2.6912925436591904,11,19,0.0,1.0,36,,,,,,,,,0,,False,,,,,,,,,,C,,,Raw 5.000; source/category adjustment +0.034; posterior 4.822; uncertainty -0.250 (theoretical_max_variance); evidence -0.030; final 4.542.,https://pinchofyum.com/crockpot-chicken-bowls-with-yellow-rice-and-cilantro-pesto,https://pinchofyum.com/tachyon/Crockpot-Chicken-Bowls-Square.jpg?fit=225%2C225,"['1 lb. chicken breasts', '8 ounces of a simmer sauce or enchilada sauce that you like (see notes for my recs)', '1 tablespoon cornstarch whisked into 1-2 tablespoons water', 'extra seasoning to taste &#8211; I often add a few shakes of chipotle powder, salt, and pepper', '1 cup white rice', '1 1/2 cups water', '1 tablespoon butter', '1/2 teaspoon salt', '1/2 teaspoon chili powder', '1/8 teaspoon turmeric', '1 1/2 cups cilantro leaves', '1/2 jalapeño, ribs and seeds removed', '1 clove garlic', 'juice and zest of 1 lime', '1/4 cup olive oil or avocado oil', '1/2 cup roasted salted pistachios', 'Pickled onions (a must for me, every time)', 'Sour cream and/or your favorite salsa (see notes)', 'A salad mix']",True,4
1745717dec14897e7ab3ea95,Slow Cooker Bolognese Sauce (Pasta Meat Sauce),natashaskitchen.com,natashaskitchen.com,https://natashaskitchen.com/slow-cooker-bolognese-sauce-recipe/,4.98,110,0.09651505824489025,4.687706014635115,4.8834849417551105,4.819565871856576,0.25,theoretical_max_variance,0.030000000000000006,4.539565871856576,0.65,schema_only,,Vegetables | Beef,,0.0,2026-08-19T04:46:36.227580+00:00,15,0.6723282092198763,1.70579079087156,13,17,0.0,1.0,36,0.0,0.0,0.0,0.0,0.0,0.0,,,0,,False,,12.0,0.0,0.0,1.0,1.0,0.0,0.0,0.0,B,12.0,-3.0,Raw 4.980; source/category adjustment -0.097; posterior 4.820; uncertainty -0.250 (theoretical_max_variance); evidence -0.030; final 4.540.,https://natashaskitchen.com/slow-cooker-bolognese-sauce-recipe/,https://natashaskitchen.com/wp-content/uploads/2016/09/Slow-Cooker-Bolognese-Sauce-6.jpg,"['1/4 cup olive oil', '1  medium onion (finely diced)', '2  celery sticks (finely diced)', '2  medium carrots (grated)', '2 lb ground beef (we prefer beef with 15% or 20% fat content)', 'Salt and black pepper', '4  garlic cloves (minced)', '1/2 cup finely chopped parsley (plus more to serve)', '1 Tbsp granulated sugar', '1 cup dry white wine (Pinot Grigio or Chardonnay)', '2  28 oz each canned crushed tomatoes (or canned whole tomatoes, crushed)*', '1 cup whole milk', '1  bay leaf (optional)', 'Pasta, Parsley and Parmesan (or your favorite Italian cheese to serve)', 'Large skillet or dutch oven (slow cooker)']",True,5
9a87fa05fd9c043d3b9aab6a,Shredded Beef Sandwiches (A Slow Cooker Recipe),natashaskitchen.com,natashaskitchen.com,https://natashaskitchen.com/slow-cooker-shredded-beef/,5.0,70,0.09651505824489025,4.687706014635115,4.90348494175511,4.809926181890399,0.25,theoretical_max_variance,0.030000000000000006,4.529926181890398,0.65,schema_only,,Vegetables | Beef,,0.0,2026-08-19T04:46:36.227580+00:00,16,0.593566408589729,2.465033242958173,14,21,0.0,1.0,36,0.0,0.0,0.0,0.0,0.0,0.0,,,0,,False,,13.0,0.0,0.0,1.0,1.0,0.0,0.0,0.0,B,13.0,-3.0,Raw 5.000; source/category adjustment -0.097; posterior 4.810; uncertainty -0.250 (theoretical_max_variance); evidence -0.030; final 4.530.,https://natashaskitchen.com/slow-cooker-shredded-beef/,https://natashaskitchen.com/wp-content/uploads/2023/04/Slow-Cooker-Shredded-Beef-SQ.jpg,"['3-4 lbs beef Tri-tip roast', '2 Tbsp Montreal steak seasoning', '2 Tbsp oil', '2 cups beef broth', '2 Tbsp Worcestershire', '2 tsp onion powder', '1 tsp garlic powder', '1/2 tsp dried rosemary', 'Hoagie Rolls', 'Caramelized onions or sauteed mushrooms (optional)', 'Sliced mozzarella or provolone cheese', 'Reserved juices from slow cooker beef, for dipping']",True,8
78b3c3473032dfd63925ccfe,Slow-Cooked Green Beans,allrecipes.com,allrecipes.com,https://www.allrecipes.com/recipe/233794/slow-cooked-green-beans/,4.7,318,-0.11871500599879986,4.66502988223991,4.8187150059988,4.799724369053283,0.25,theoretical_max_variance,0.030000000000000006,4.519724369053283,0.65,schema_only,John Mitzewich,Chicken | Vegetables | Pork | Breakfast,,0.0,2026-08-19T04:46:36.227580+00:00,17,0.4226035664195564,5.055250296034367,10,26,0.25,1.0,36,0.0,0.0,0.0,0.0,0.0,0.0,,,3,2026-08-19T04:46:36.227580+00:00,False,,4.0,5.185449728701348,1.0,1.0,3.0,0.0,0.0,0.0,B,15.0,-2.0,Raw 4.700; source/category adjustment +0.119; posterior 4.800; uncertainty -0.250 (theoretical_max_variance); evidence -0.030; final 4.520.,https://www.allrecipes.com/recipe/233794/slow-cooked-green-beans/,https://www.allrecipes.com/thmb/mLZydRkN2eogbs_QqKOrZY76CzA=/1500x0/filters:no_upscale():max_bytes(150000):strip_icc()/233794-slow-cooked-green-beans-DDMFS-Beauty-4x3-041e3c8517c14637948c57312dd18c9a.jpg,"['6 slices bacon, sliced crosswise into 1/2-inch pieces', '1 onion, sliced lengthwise', '3 cloves garlic, minced', '0.25 cup tomato sauce', '2 pounds fresh green beans, trimmed', '3 cups chicken broth', 'salt and ground black pepper to taste', '1 pinch cayenne pepper, or to taste']",True,5
d51b9bb0776f2766d73aa23f,Slow Cooker Taco Soup with Ranch Dressing Mix,allrecipes.com,allrecipes.com,https://www.allrecipes.com/recipe/164555/slow-cooker-taco-soup-with-ranch-dressing-mix/,4.7,304,-0.11871500599879986,4.7038534259669165,4.8187150059988,4.798973326914195,0.25,theoretical_max_variance,0.030000000000000006,4.518973326914195,0.65,schema_only,MICHMEIG,Beef,,0.0,2026-08-19T04:46:36.227580+00:00,18,0.4568564016583634,4.517712056143266,11,27,0.0,1.0,36,0.0,0.0,0.0,0.0,0.0,0.0,,,3,2026-08-19T04:46:36.227580+00:00,False,,5.0,5.185449728701348,1.0,1.0,3.0,0.0,0.0,0.0,B,16.0,-2.0,Raw 4.700; source/category adjustment +0.119; posterior 4.799; uncertainty -0.250 (theoretical_max_variance); evidence -0.030; final 4.519.,https://www.allrecipes.com/recipe/164555/slow-cooker-taco-soup-with-ranch-dressing-mix/,https://www.allrecipes.com/thmb/GYR_cq5TUS8BnnfVSP3hRbFEQHI=/1500x0/filters:no_upscale():max_bytes(150000):strip_icc()/164555slow-cooker-taco-soup-with-ranch-dressing-mixSoupLovingNicole4x3-4073fd228300440e90a2fdd3d1e92834.jpg,"['1 pound ground beef', '1 (1.25 ounce) package taco seasoning mix', '1 (1 ounce) package ranch dressing mix', '1 (15.5 ounce) can corn, undrained', '1 (15.5 ounce) can black beans, undrained', '1 (14.5 ounce) can diced tomatoes and green chiles, undrained', '1 (15 ounce) can sliced black olives', '1 onion, diced', '1 green bell pepper, diced', '1 cup tomato juice']",True,3
b82c7d90dfb9ff33bc3139b8,Slow Cooker Roast Beef in its own Gravy,allrecipes.com,allrecipes.com,https://www.allrecipes.com/recipe/238445/slow-cooker-roast-beef-in-its-own-gravy/,4.8,49,-0.11871500599879986,4.677616262814447,4.918715005998799,4.7976184969488,0.25,theoretical_max_variance,0.030000000000000006,4.5176184969488,0.65,schema_only,Heather Dunn,Potatoes | Vegetables | Beef,,0.0,2026-08-19T04:46:36.227580+00:00,19,0.6250723099205103,2.3392781412697,17,25,0.0,1.0,36,0.0,0.0,0.0,0.0,0.0,0.0,,,3,2026-08-19T04:46:36.227580+00:00,False,,6.0,4.546060565661952,1.0,1.0,3.0,0.0,0.0,0.0,C,17.0,-2.0,Raw 4.800; source/category adjustment +0.119; posterior 4.798; uncertainty -0.250 (theoretical_max_variance); evidence -0.030; final 4.518.,https://www.allrecipes.com/recipe/238445/slow-cooker-roast-beef-in-its-own-gravy/,https://www.allrecipes.com/thmb/60s_0VKzM2uHX_CIwylgpnFWOOg=/1500x0/filters:no_upscale():max_bytes(150000):strip_icc()/1243603-slow-cooker-roast-beef-in-its-own-gravy-Heather-Dunn-4x3-1-d48c040c92f54a668f8432eeb860e517.jpg,"['1 pound baby red potatoes, halved', '1 (16 ounce) package baby carrots', '1 yellow onion, quartered', '1 (10 ounce) can condensed cream of celery soup', '1 (1.5 ounce) package beef stew seasoning mix', '1 (3 pound) beef chuck roast', '1 (1 ounce) envelope onion soup mix (such as Lipton® Beefy Onion)']",True,7
b13876f7ffc386389ed89401,Easy Slow Cooker Salsa Chicken,allrecipes.com,allrecipes.com,https://www.allrecipes.com/recipe/272331/easy-slow-cooker-salsa-chicken/,4.8,47,-0.11871500599879986,4.670043293890816,4.918715005998799,4.795121661710656,0.25,theoretical_max_variance,0.030000000000000006,4.515121661710656,0.65,schema_only,EverFit Montana,Chicken,,0.0,2026-08-19T04:46:36.227580+00:00,20,0.6034424840516421,2.628635049264584,18,27,0.0,1.0,36,0.0,0.0,0.0,0.0,0.0,0.0,,,3,2026-08-19T04:46:36.227580+00:00,False,,7.0,4.546060565661952,1.0,1.0,3.0,0.0,0.0,0.0,C,18.0,-2.0,Raw 4.800; source/category adjustment +0.119; posterior 4.795; uncertainty -0.250 (theoretical_max_variance); evidence -0.030; final 4.515.,https://www.allrecipes.com/recipe/272331/easy-slow-cooker-salsa-chicken/,https://www.allrecipes.com/thmb/35q5pZpBgzXL9VgsfphIC5yGlxo=/1500x0/filters:no_upscale():max_bytes(150000):strip_icc()/272331-easy-slow-cooker-salsa-chicken-VAT-Beauty-4x3-1d838f1c18c44df494cdcd8bee18aded.jpg,"['3 chicken breasts', '1 teaspoon chili powder', '1 teaspoon garlic powder', '1 teaspoon ground cumin', '1 teaspoon onion powder', '1 (15.5 ounce) jar salsa', '1 (4 ounce) can chopped green chile peppers']",True,2
d2a66375fc875c8ee19fd8ed,Slow Cooker Beef Brisket Recipe,natashaskitchen.com,natashaskitchen.com,https://natashaskitchen.com/slow-cooker-beef-brisket-recipe/,4.95,99,0.09651505824489025,4.681818441053682,4.85348494175511,4.794914128441248,0.25,theoretical_max_variance,0.030000000000000006,4.514914128441248,0.65,schema_only,,Chicken | Vegetables | Beef,,0.0,2026-08-19T04:46:36.227580+00:00,21,0.679202460970505,1.9364916731037085,18,23,0.0,1.0,36,0.0,0.0,0.0,0.0,0.0,0.0,,,0,,False,,14.0,0.0,0.0,1.0,1.0,0.0,0.0,0.0,B,14.0,-7.0,Raw 4.950; source/category adjustment -0.097; posterior 4.795; uncertainty -0.250 (theoretical_max_variance); evidence -0.030; final 4.515.,https://natashaskitchen.com/slow-cooker-beef-brisket-recipe/,https://natashaskitchen.com/wp-content/uploads/2017/10/Slow-Cooker-Beef-Brisket-Recipe-9.jpg,"['3 Tbsp Olive oil to sauté (divided)', '4 lb beef brisket', '2 tsp sea salt  (or to taste)', '1 tsp  black pepper (freshly ground)', '1 lb yellow onions (2 medium) (sliced into thick strips)', '1 lb mushrooms (thickly sliced)', '6  garlic cloves (peeled and chopped (not pressed)*)', '2 cups low sodium chicken stock or beef broth', '2 1/2 Tbsp Worcestershire sauce']",True,4
00c9e3eb3dbb7a002f6ac9c2,Slow Cooker Green Bean Casserole,allrecipes.com,allrecipes.com,https://www.allrecipes.com/recipe/229809/slow-cooker-green-bean-casserole/,4.7,181,-0.11871500599879986,4.670800948597065,4.8187150059988,4.788461523765251,0.25,theoretical_max_variance,0.030000000000000006,4.50846152376525,0.65,schema_only,Allrecipes Member,Chicken | Vegetables,,0.0,2026-08-19T04:46:36.227580+00:00,22,0.5191034705863049,3.890872509976251,22,35,0.0,1.0,36,0.0,0.0,0.0,0.0,0.0,0.0,,,3,2026-08-19T04:46:36.227580+00:00,False,,7.0,5.436502143433364,1.0,1.0,3.0,0.0,0.0,0.0,B,19.0,-3.0,Raw 4.700; source/category adjustment +0.119; posterior 4.788; uncertainty -0.250 (theoretical_max_variance); evidence -0.030; final 4.508.,https://www.allrecipes.com/recipe/229809/slow-cooker-green-bean-casserole/,https://www.allrecipes.com/thmb/lKVVr3POOSA5Jev8IEa3-EtQ-nM=/1500x0/filters:no_upscale():max_bytes(150000):strip_icc()/229809-slow-cooker-green-bean-casserole-VAT-Beauty-4x3-09df6d05ce3c42eca4909a2a5b315197.jpg,"['2 (16 ounce) packages frozen cut green beans', '2 (10.75 ounce) cans cream of chicken soup', '0.66666668653488 cup milk', '0.5 cup grated Parmesan cheese', '0.25 teaspoon salt', '0.25 teaspoon ground black pepper', '1 (6 ounce) can French-fried onions, divided']",True,5
5654b541a879d6b50f9aaf63,Slow Cooker Bread Recipe,diethood.com,diethood.com,https://diethood.com/slow-cooker-bread-basil-pesto/,4.92,50,0.03458259664862368,4.678943918079802,4.885417403351377,4.782180660715589,0.25,theoretical_max_variance,0.030000000000000006,4.502180660715589,0.65,schema_only,,,,0.0,2026-08-19T04:46:36.227580+00:00,23,0.6945415494382767,1.8911342863183696,23,29,0.0,1.0,36,0.0,0.0,0.0,0.0,0.0,0.0,,,0,,False,,9.0,5.5,1.0,1.0,2.0,0.0,0.0,0.0,B,20.0,-3.0,Raw 4.920; source/category adjustment -0.035; posterior 4.782; uncertainty -0.250 (theoretical_max_variance); evidence -0.030; final 4.502.,https://diethood.com/slow-cooker-bread-basil-pesto/,https://diethood.com/wp-content/uploads/2017/11/No-Rise-Slow-Cooker-Basil-Pesto-Bread.jpg,"['2¼ teaspoons (or 1 envelope) active dry yeast', '1 tablespoon sugar', '1½ cups lukewarm water ((about 105 degrees Fahrenheit))', '3¾ cups all-purpose flour', '1 tablespoon olive oil', '¼ cup basil pesto', '1 teaspoon salt', 'dried parsley, (for topping)', 'kosher salt, (for topping)']",True,8
fcd6234cd4a25e71b2bbd0a9,Slow Cooker Chicken Enchilada Casserole,allrecipes.com,allrecipes.com,https://www.allrecipes.com/slow-cooker-chicken-enchilada-casserole-recipe-8788263,4.8,37,-0.11871500599879986,4.670043293890816,4.918715005998799,4.780915530183283,0.25,theoretical_max_variance,0.030000000000000006,4.500915530183283,0.65,schema_only,Juliana Hale,Chicken,,0.0,2026-08-19T04:46:36.227580+00:00,24,0.5894860301803927,3.064129385141706,22,32,0.0,1.0,36,0.0,0.0,0.0,0.0,0.0,0.0,,,3,2026-08-19T04:46:36.227580+00:00,False,,11.0,4.4969125210773475,0.0,1.0,3.0,0.0,0.0,0.0,C,21.0,-3.0,Raw 4.800; source/category adjustment +0.119; posterior 4.781; uncertainty -0.250 (theoretical_max_variance); evidence -0.030; final 4.501.,https://www.allrecipes.com/slow-cooker-chicken-enchilada-casserole-recipe-8788263,https://www.allrecipes.com/thmb/yrHRT8hKcG7wjLTsoy6GQp9AJcI=/1500x0/filters:no_upscale():max_bytes(150000):strip_icc()/8788263-Slow-Cooker-Chicken-Enchilada-ddmfs-4x3-beauty-0e64e8ca5ec8456a90803f8774e382a5.jpg,"['1 pound skinless, boneless chicken thighs', '1 (15-ounce) can black beans, rinsed and drained', '1 cup frozen whole kernel corn', '1/2 cup finely chopped onion', '2 cloves garlic, minced', '1/2 teaspoon salt', '1/2 teaspoon ground black pepper', '1/2 teaspoon ground cumin', '2 (10-ounce) cans medium red enchilada sauce', '1 (8-ounce) package shredded Mexican blend cheeses, divided', '8 (6-inch) corn tortillas, cut in 1-inch pieces', 'Shredded iceberg or romaine lettuce', 'Chopped fresh tomato', 'Chopped green onion', 'Sour cream']",True,7
0e55c9ae009a88a1053b855f,Slow Cooker Zuppa Toscana,allrecipes.com,allrecipes.com,https://www.allrecipes.com/recipe/261337/slow-cooker-zuppa-toscana/,4.7,128,-0.11871500599879986,4.6736276835818185,4.8187150059988,4.77945346444852,0.25,theoretical_max_variance,0.030000000000000006,4.49945346444852,0.65,schema_only,Heather Stalzer,Chicken | Potatoes | Pork | Snacks,,0.0,2026-08-19T04:46:36.227580+00:00,25,0.5006877592104889,4.487637339278753,23,37,0.0,1.0,36,0.0,0.0,0.0,0.0,0.0,0.0,,,3,2026-08-19T04:46:36.227580+00:00,False,,9.0,6.377042156569663,1.0,1.0,3.0,0.0,0.0,0.0,B,23.0,-2.0,Raw 4.700; source/category adjustment +0.119; posterior 4.779; uncertainty -0.250 (theoretical_max_variance); evidence -0.030; final 4.499.,https://www.allrecipes.com/recipe/261337/slow-cooker-zuppa-toscana/,https://www.allrecipes.com/thmb/4UoOeIPIlcPNo_A-UsJnPl3rysA=/1500x0/filters:no_upscale():max_bytes(150000):strip_icc()/261337-slow-cooker-zuppa-toscana-VAT-Beauty-4x3-57e7af5ec76c4b769f1ed55b48b4786a.jpg,"['1 pound bulk pork sausage', '1 large yellow onion, chopped', '2 tablespoons minced garlic', '4 large russet potatoes, chopped', '0.5 teaspoon salt', '0.25 teaspoon ground black pepper', '1 pinch red pepper flakes', '1 (32 ounce) container chicken broth', '2 cups water, or as needed', '1 cup heavy whipping cream', '1 bunch kale, stems removed and discarded, leaves torn into bite-size pieces', '0.25 cup shredded Parmesan cheese']",True,4
105e9d683baf92739a3d5970,French Onion Dip Sandwiches (Slow Cooker),allrecipes.com,allrecipes.com,https://www.allrecipes.com/recipe/261464/french-onion-dip-sandwiches-slow-cooker/,4.8,36,-0.11871500599879986,4.7038534259669165,4.918715005998799,4.779313210697056,0.25,theoretical_max_variance,0.030000000000000006,4.499313210697056,0.65,schema_only,TheElusivePastry,Beef,,0.0,2026-08-19T04:46:36.227580+00:00,26,0.6307779254917787,2.692582403567252,25,34,0.0,1.0,36,0.0,0.0,0.0,0.0,0.0,0.0,,,3,2026-08-19T04:46:36.227580+00:00,False,,12.0,4.4969125210773475,0.0,1.0,3.0,0.0,0.0,0.0,C,22.0,-4.0,Raw 4.800; source/category adjustment +0.119; posterior 4.779; uncertainty -0.250 (theoretical_max_variance); evidence -0.030; final 4.499.,https://www.allrecipes.com/recipe/261464/french-onion-dip-sandwiches-slow-cooker/,https://www.allrecipes.com/thmb/ldGKsvpb-c18oxcROZuVsNSMKdM=/1500x0/filters:no_upscale():max_bytes(150000):strip_icc()/7958638-db3097a620a14734b472f422444bb85e.jpg,"['5 tablespoons olive oil, divided', '2 large onions, thinly sliced', '3 tablespoons butter, divided', '1 teaspoon white sugar', '0.5 teaspoon salt', '3 cloves garlic, minced', '6 tablespoons water', '0.25 cup dry vermouth', '2.5 cups beef stock', '1 tablespoon Worcestershire sauce', '1 tablespoon soy sauce', '1 teaspoon fresh thyme', '1 bay leaf', '0.25 teaspoon ground black pepper', '3 pounds rump roast', 'salt and ground black pepper to taste', '8 French rolls, split', '1 (6 ounce) package grated Gruyere cheese']",True,8
b94cd07e51b69ee5dd43e92d,Crockpot Lasagna Recipe,therealfooddietitians.com,therealfooddietitians.com,https://therealfooddietitians.com/crockpot-lasagna-recipe/,5.0,63,0.15,4.7038534259669165,4.85,4.774311468176903,0.25,theoretical_max_variance,0.030000000000000006,4.494311468176903,0.65,schema_only,Jessica Beacom,Beef,,0.0,2026-08-19T04:46:36.227580+00:00,27,0.4821995863714442,5.047001309908907,16,30,0.0,1.0,36,,,,,,,,,0,,False,,,,,,,,,,B,,,Raw 5.000; source/category adjustment -0.150; posterior 4.774; uncertainty -0.250 (theoretical_max_variance); evidence -0.030; final 4.494.,https://therealfooddietitians.com/crockpot-lasagna-recipe/,https://therealfooddietitians.com/wp-content/uploads/2024/10/crockpot-lasagna-5-225x225.jpg,"['1 teaspoon avocado oil or olive oil', '1 lb lean ground beef (I use 90-93% lean)', '½ medium yellow onion, diced finely (¾ cup)', '5 garlic cloves, minced (~1 ½ tablespoons)', '2 teaspoons dried Italian seasoning', '½ teaspoon fine salt', '¼ teaspoon black pepper', '1 (24-ounce) jar marinara sauce', '1 ½ cups water*', '3 ounces fresh spinach (2 large handfuls), roughly chopped', '8 ounces uncooked lasagna noodles (not the ‘No boil’ type), broken into small pieces**', '8 ounces (2 cups) shredded mozzarella cheese, divided', '1 cup cottage cheese, lightly drained if there is a lot of liquid***', '⅓ cup shredded Parmesan cheese', 'Fresh basil leaves, optional for garnish']",True,6
41d95bd4724a811f6364aed9,Beef Barbacoa (Slow Cooker),diethood.com,diethood.com,https://diethood.com/slow-cooker-beef-barbacoa/,4.91,44,0.03458259664862368,4.732384757826601,4.875417403351377,4.770910230334582,0.25,theoretical_max_variance,0.030000000000000006,4.490910230334582,0.65,schema_only,,Desserts | Beef,,0.0,2026-08-19T04:07:54.568060+00:00,28,0.7304056174881945,1.7716909687891083,28,33,0.0,1.0,36,0.0,0.0,0.0,0.0,0.0,0.0,,,0,,False,,14.0,5.0,0.0,1.0,2.0,0.0,0.0,0.0,C,24.0,-4.0,Raw 4.910; source/category adjustment -0.035; posterior 4.771; uncertainty -0.250 (theoretical_max_variance); evidence -0.030; final 4.491.,https://diethood.com/slow-cooker-beef-barbacoa/,https://diethood.com/wp-content/uploads/2020/04/Barbacoa-5-1.jpg,"['3 to 4 pounds chuck roast (cut into 6 to 8 pieces)', '1 large yellow onion (diced)', '4 cloves garlic (minced)', '1 can (4-ounces) green chilies', '2  chipotles in adobo (diced)', '1 tablespoon ground cumin', '1 tablespoon dried oregano', '1½ teaspoons salt', '¾ teaspoon fresh ground black pepper', '½ cup beef broth ((try to use low-sodium beef broth whenever possible))', '2 tablespoons apple cider vinegar', 'juices from 2 limes', '2  bay leaves', '¼ cup chopped fresh cilantro or parsley (for garnish)']",True,6
c1e83983ea0f7b090ba03279,Meat-Lover’s Slow Cooker Spaghetti Sauce,allrecipes.com,allrecipes.com,https://www.allrecipes.com/recipe/213266/meat-lovers-slow-cooker-spaghetti-sauce/,4.6,581,-0.11871500599879986,4.671100868261963,4.718715005998799,4.715563572724711,0.1950659200212181,theoretical_max_variance,0.030000000000000006,4.4904976527034925,0.65,schema_only,Ashley,Beef | Pork,,0.0,2026-08-19T04:46:36.227580+00:00,29,0.12706223711255138,33.66377875402582,14,115,0.0,0.5,36,0.0,0.0,0.0,0.0,0.0,0.0,,,3,2026-08-19T04:46:36.227580+00:00,False,,6.0,7.84573486395988,1.0,1.0,3.0,0.0,0.0,0.0,B,25.0,-4.0,Raw 4.600; source/category adjustment +0.119; posterior 4.716; uncertainty -0.195 (theoretical_max_variance); evidence -0.030; final 4.490.,https://www.allrecipes.com/recipe/213266/meat-lovers-slow-cooker-spaghetti-sauce/,https://www.allrecipes.com/thmb/Gq6l0lgBax26g3nzISMLqdG7cnE=/1500x0/filters:no_upscale():max_bytes(150000):strip_icc()/213266-meat-lovers-slow-cooker-spaghetti-sauce-VAT-Beauty-4x3-d9c08b145c6d46999c0b4db1bc1f5c2f.jpg,"['2 tablespoons olive oil', '0.25 pound bulk Italian sausage', '2 small onions, chopped', '1 pound ground beef', '1 teaspoon dried Italian herb seasoning', '1 teaspoon garlic powder', '0.5 teaspoon dried marjoram', '1 (29 ounce) can tomato sauce', '1 (14.5 ounce) can Italian-style diced tomatoes', '1 (14.5 ounce) can Italian-style stewed tomatoes', '1 (6 ounce) can tomato paste', '2 teaspoons garlic powder', '0.5 teaspoon dried oregano', '0.25 teaspoon dried thyme leaves', '0.25 teaspoon dried basil', '1 tablespoon white sugar']",True,3
d9047a7b4311a78fe33b2253,Crockpot Chicken Tacos Recipe,therealfooddietitians.com,therealfooddietitians.com,https://therealfooddietitians.com/slow-cooker-chicken-tacos/,5.0,55,0.15,4.670800948597065,4.85,4.768544722895143,0.25,theoretical_max_variance,0.030000000000000006,4.488544722895143,0.65,schema_only,The Real Food Dietitians,Chicken | Vegetables,,0.0,2026-08-19T04:46:36.227580+00:00,30,0.474258975237638,5.54276304943863,17,33,0.0,1.0,36,,,,,,,,,0,,False,,,,,,,,,,B,,,Raw 5.000; source/category adjustment -0.150; posterior 4.769; uncertainty -0.250 (theoretical_max_variance); evidence -0.030; final 4.489.,https://therealfooddietitians.com/slow-cooker-chicken-tacos/,https://therealfooddietitians.com/wp-content/uploads/2016/01/Slow-Cooker-Chicken-Tacos-Finals-13-225x225.jpg,"['2 lbs. chicken breast or chicken thighs*', '1 cup salsa, any kind', '½ cup water**', '2 teaspoons ground cumin***', '2 teaspoons chili powder***', '1 teaspoon garlic powder', '1 teaspoon ground coriander*** (optional but recommended)', '½ teaspoon sea salt', '¼ teaspoon cayenne pepper*** (use more for extra spice)', '¼ teaspoon black pepper', 'Taco shells for tacos, rice or cauliflower rice for taco bowls, lettuce for taco salads, or lettuce leaves for lettuce wraps', 'Your favorite toppings (diced tomatoes, red onions, jalapeno, fresh cilantro, olives, avocado, hot sauce, fresh salsa, lime wedge, shredded cheese, or sour cream)']",True,14
f8fc87a73a3a01aef1042fb2,Slow Cooker Creole Chicken and Sausage,pinchofyum.com,pinchofyum.com,https://pinchofyum.com/slow-cooker-creole-chicken-sausage,4.8,68,-0.033586741413944146,4.654195802223914,4.833586741413944,4.768060121357104,0.25,theoretical_max_variance,0.030000000000000006,4.488060121357104,0.65,schema_only,Lindsay Ostrom,Chicken | Pork,,0.0,2026-08-19T04:46:36.227580+00:00,31,0.6922846603927484,2.266911751455907,29,36,0.0,1.0,36,,,,,,,,,0,,False,,,,,,,,,,B,,,Raw 4.800; source/category adjustment +0.034; posterior 4.768; uncertainty -0.250 (theoretical_max_variance); evidence -0.030; final 4.488.,https://pinchofyum.com/slow-cooker-creole-chicken-sausage,https://pinchofyum.com/tachyon/Creole-Chicken-square.jpg?fit=225%2C225,"['1 pound boneless skinless chicken breasts', '12 ounces smoked Andouille sausage, cut into small rounds', '1 cup chopped onions', '2 cloves minced garlic', '1 1/4 cup low sodium chicken broth', '1 can (14.5 ounces) diced tomatoes', '3 tablespoons tomato paste', '1/2 cup tomato sauce', '2 teaspoons Creole seasoning', '1/4 teaspoon cayenne', '1 tablespoon brown sugar', '1 14 ounce can black beans, rinsed and drained', '2 green bell peppers, chopped', '1/2 cup sliced green onions for topping', '2 tablespoons almond butter (randomly delicious)', 'salt to taste', 'brown rice for serving']",True,2
b19e9fea7a011015198c1ab3,Slow Cooker Venison Stroganoff Meal,allrecipes.com,allrecipes.com,https://www.allrecipes.com/recipe/163894/slow-cooker-venison-stroganoff-meal/,4.7,72,-0.11871500599879986,4.675863962255907,4.8187150059988,4.761431773245112,0.25,theoretical_max_variance,0.030000000000000006,4.481431773245112,0.65,schema_only,Kristi Whittington,Vegetables | Breakfast,,0.0,2026-08-19T04:46:36.227580+00:00,32,0.46990867193694663,5.8659800734593555,31,50,0.0,1.0,36,0.0,0.0,0.0,0.0,0.0,0.0,,,3,2026-08-19T04:46:36.227580+00:00,False,,14.0,6.018490028422596,0.0,1.0,3.0,0.0,0.0,0.0,B,28.0,-4.0,Raw 4.700; source/category adjustment +0.119; posterior 4.761; uncertainty -0.250 (theoretical_max_variance); evidence -0.030; final 4.481.,https://www.allrecipes.com/recipe/163894/slow-cooker-venison-stroganoff-meal/,https://www.allrecipes.com/thmb/Gz1KtiEQasF8ntAdlY_sJWL_oLU=/1500x0/filters:no_upscale():max_bytes(150000):strip_icc()/4475984-7627e901ff26489d89f427791710c888.jpg,"['3 tablespoons olive oil', '1 pound venison stew meat', '1 teaspoon salt', '1 teaspoon ground black pepper', '1 teaspoon garlic powder', '1 teaspoon onion powder', '1 tablespoon all-purpose flour', '1 cup water', '1 (10.5 ounce) can condensed cream of mushroom soup', '1 (16 ounce) package uncooked egg noodles']",True,5
88f6def3212d8c7649ebf5be,Crockpot Sweet Potato Lentils,pinchofyum.com,pinchofyum.com,https://pinchofyum.com/crockpot-sweet-potato-lentils,4.8,56,-0.033586741413944146,4.664497681238213,4.833586741413944,4.760642013426141,0.25,theoretical_max_variance,0.030000000000000006,4.480642013426141,0.65,schema_only,Lindsay Ostrom,Potatoes | Vegetables,,0.0,2026-08-19T04:46:36.227580+00:00,33,0.6696938070472161,2.614064523559687,32,40,0.0,1.0,36,,,,,,,,,0,,False,,,,,,,,,,B,,,Raw 4.800; source/category adjustment +0.034; posterior 4.761; uncertainty -0.250 (theoretical_max_variance); evidence -0.030; final 4.481.,https://pinchofyum.com/crockpot-sweet-potato-lentils,https://pinchofyum.com/tachyon/2013/09/lentils-11.jpg?fit=150%2C225,"['3 large sweet potatoes, diced (about 6 cups)', '3 cups vegetable broth', '1 onion, minced', '4 cloves garlic, minced', '2 teaspoon each ground coriander, garam masala, and chili powder', '1/2 teaspoon salt', '1 1/2 cups uncooked red lentils (masoor dal)', '1 can coconut milk', '1 cup water']",True,3
6ed8226aec01e9e349b7bc88,Crockpot Beef Tips Recipe,therealfooddietitians.com,therealfooddietitians.com,https://therealfooddietitians.com/crockpot-beef-tips/,5.0,44,0.15,4.677616262814447,4.85,4.759012722382874,0.25,theoretical_max_variance,0.030000000000000006,4.4790127223828735,0.65,schema_only,Jessie Shafer,Potatoes | Vegetables | Beef,,0.0,2026-08-19T04:46:36.227580+00:00,34,0.5274282489673828,4.8383594556649285,23,38,0.0,1.0,36,,,,,,,,,0,,False,,,,,,,,,,C,,,Raw 5.000; source/category adjustment -0.150; posterior 4.759; uncertainty -0.250 (theoretical_max_variance); evidence -0.030; final 4.479.,https://therealfooddietitians.com/crockpot-beef-tips/,https://therealfooddietitians.com/wp-content/uploads/2021/11/Slow-Cooker-Beef-Tips-with-Gravy-6-225x225.jpg,"['1 tablespoon avocado oil, divided (for Instant Pot version only)', '2 lbs. beef tips (cubed sirloin) or cubed beef stew meat (1- to 2-inch pieces)', '1 (12-ounce) bag frozen pearl onions (add while still frozen)', '¼ cup tomato paste', '1 teaspoon garlic powder', '1 teaspoon onion powder', '1 teaspoon dried thyme', '1 teaspoon coarse sea salt', '½ teaspoon black pepper', '8 ounces fresh mushrooms, sliced or coarsely diced', '1 ½ cups low-sodium beef broth', '2 to 4 tablespoons cornstarch', 'For serving: Cooked mashed potatoes, mashed parsnips or cauliflower, or noodles', 'Snipped fresh parsley for garnish (optional)']",True,25
c4428a342b89be98960c2060,Slow Cooker Reuben Dip,allrecipes.com,allrecipes.com,https://www.allrecipes.com/recipe/89707/slow-cooker-reuben-dip/,4.6,514,-0.11871500599879986,4.7038534259669165,4.718715005998799,4.7151892003322216,0.20632722066129716,theoretical_max_variance,0.030000000000000006,4.478861979670924,0.65,schema_only,C Ella Church,Beef,,0.0,2026-08-19T04:46:36.227580+00:00,35,0.12729276966902583,37.70748157417393,18,130,0.0,0.5,36,0.0,0.0,0.0,0.0,0.0,0.0,,,3,2026-08-19T04:46:36.227580+00:00,False,,8.0,8.73053390247253,1.0,1.0,3.0,0.0,0.0,0.0,B,29.0,-6.0,Raw 4.600; source/category adjustment +0.119; posterior 4.715; uncertainty -0.206 (theoretical_max_variance); evidence -0.030; final 4.479.,https://www.allrecipes.com/recipe/89707/slow-cooker-reuben-dip/,https://www.allrecipes.com/thmb/7Yx9qtZVzNJGBXk4qrXTaWE7BsY=/1500x0/filters:no_upscale():max_bytes(150000):strip_icc()/89707-slow-cooker-reuben-dip-VAT-Beauty-4x3-a7888629a6ba42f184e95893714e1c3a.jpg,"['1 (16 ounce) jar sauerkraut, drained', '1 (8 ounce) package cream cheese, softened', '2 cups shredded Swiss cheese', '2 cups shredded cooked corned beef', '0.25 cup thousand island dressing']",True,1
194a81fc5a0fb7d586e7d27f,Tuscan Slow Cooker Chicken Thighs,kristineskitchenblog.com,kristineskitchenblog.com,https://kristineskitchenblog.com/tuscan-slow-cooker-chicken-thighs/,4.97,64,0.15,4.670043293890816,4.819999999999999,4.758133297403422,0.25,theoretical_max_variance,0.030000000000000006,4.478133297403422,0.65,schema_only,,Chicken,,0.0,2026-08-19T04:07:54.568060+00:00,36,0.43542469209042445,7.261006970263988,22,44,0.0,1.0,36,,,,,,,,,0,,False,,26.0,0.0,0.0,1.0,1.0,,,,B,26.0,-10.0,Raw 4.970; source/category adjustment -0.150; posterior 4.758; uncertainty -0.250 (theoretical_max_variance); evidence -0.030; final 4.478.,https://kristineskitchenblog.com/tuscan-slow-cooker-chicken-thighs/,https://kristineskitchenblog.com/wp-content/uploads/2023/09/slow-cooker-chicken-thighs-24-3.jpg,"['1 tablespoon olive oil', '2 pounds boneless, skinless chicken thighs (about 6 thighs)', '½ cup chopped shallots', '2 cloves garlic (minced)', '1 cup low sodium chicken broth', '1 teaspoon dried Italian seasoning', '¼ teaspoon salt', '¼ teaspoon pepper', '½ cup chopped sun-dried tomatoes', '⅓ cup heavy cream (or coconut milk)', '1 tablespoon cornstarch', '3 cups fresh spinach (chopped)', 'grated Parmesan cheese (optional, for serving)']",True,8
68dd8e8722e15e2d999b44a6,Slow Cooker Salmon with Creamy Lemon Sauce,diethood.com,diethood.com,https://diethood.com/slow-cooker-salmon/,4.87,50,0.03458259664862368,4.685309637278771,4.835417403351377,4.757180660715589,0.25,theoretical_max_variance,0.030000000000000006,4.477180660715589,0.65,schema_only,,Chicken | Vegetables | Seafood,,0.0,2026-08-19T04:07:54.568060+00:00,37,0.7283204738170812,2.1262251370288454,34,41,0.0,1.0,36,0.0,0.0,0.0,0.0,0.0,0.0,,,0,,False,,19.0,5.5,0.0,1.0,2.0,0.0,0.0,0.0,B,30.0,-7.0,Raw 4.870; source/category adjustment -0.035; posterior 4.757; uncertainty -0.250 (theoretical_max_variance); evidence -0.030; final 4.477.,https://diethood.com/slow-cooker-salmon/,https://diethood.com/wp-content/uploads/2019/01/Slow-Cooker-Salmon-with-Creamy-Lemon-Sauce-13.jpg,"['3  lemons, (divided)', '1.5 to 2 pounds skin-on salmon fillet', 'cooking spray', 'salt and fresh ground pepper (to taste)', '1/2 teaspoon sweet paprika (or to taste)', '1/2 teaspoon chili powder (or to taste)', '1 teaspoon garlic granules (or garlic powder)', '1 teaspoon Italian Seasoning', '1 cup low-sodium vegetable broth', 'juice of 1 lemon', '3 tablespoons lemon juice  ((I just scoop out juice from the slow cooker where the fish was cooked))', '1/4 cup chicken broth, water, OR white wine', '2/3 cup heavy cream', '1/8 teaspoon lemon zest', 'chopped fresh parsley (for garnish)']",True,19
f2e1e6b10c1906dfe89e8c8b,Slow Cooker Texas Style Chili,pinchofyum.com,pinchofyum.com,https://pinchofyum.com/slow-cooker-texas-style-chili,4.9,22,-0.033586741413944146,4.701364799992188,4.9335867414139445,4.756751447431901,0.25,theoretical_max_variance,0.030000000000000006,4.476751447431901,0.65,schema_only,Lindsay Ostrom,Vegetables | Beef | Snacks,,0.0,2026-08-19T04:46:36.227580+00:00,38,0.5976771632539757,3.9042355917074927,31,43,0.0,1.0,36,,,,,,,,,0,,False,,,,,,,,,,C,,,Raw 4.900; source/category adjustment +0.034; posterior 4.757; uncertainty -0.250 (theoretical_max_variance); evidence -0.030; final 4.477.,https://pinchofyum.com/slow-cooker-texas-style-chili,https://pinchofyum.com/tachyon/Slow-Cooker-Texas-Chili_HighRes-012-scaled-Square.jpg?fit=225%2C225,"['1-2 tablespoons avocado or vegetable oil', '2 1/2 to 3 pounds beef chuck roast, fat trimmed, cut into 3-inch cubes', '2 1/2 teaspoons salt (1 teaspoon per pound of meat, more to taste)', '1 yellow onion, finely diced', '5 cloves garlic, minced', '1 tablespoon brown sugar', '1 tablespoon cumin', '1/4 cup chili powder', 'two 4.5-ounce cans green chiles', 'one 14-ounce can crushed fire roasted tomatoes', 'Green onions', 'Sour cream', 'Cheddar cheese', 'Chips or cornbread']",True,7
be83651c86231bc93069be18,Sandy&#39;s Sweet Slow Cooker Sauerkraut,allrecipes.com,allrecipes.com,https://www.allrecipes.com/recipe/222427/sandys-sweet-slow-cooker-sauerkraut/,4.8,24,-0.11871500599879986,4.716237346494799,4.918715005998799,4.756707514161639,0.25,theoretical_max_variance,0.030000000000000006,4.476707514161639,0.65,schema_only,MellieLynn,Vegetables | Desserts,,0.0,2026-08-19T04:46:36.227580+00:00,39,0.580069841829016,4.2711890095798335,33,46,0.0,1.0,36,0.0,0.0,0.0,0.0,0.0,0.0,,,3,2026-08-19T04:46:36.227580+00:00,False,,17.0,6.018490028422596,0.0,1.0,3.0,0.0,0.0,0.0,C,31.0,-8.0,Raw 4.800; source/category adjustment +0.119; posterior 4.757; uncertainty -0.250 (theoretical_max_variance); evidence -0.030; final 4.477.,https://www.allrecipes.com/recipe/222427/sandys-sweet-slow-cooker-sauerkraut/,https://www.allrecipes.com/thmb/DPQWNNQ3HyU-ao8mNedJvHH1THs=/1500x0/filters:no_upscale():max_bytes(150000):strip_icc()/1059813-sandys-sweet-slow-cooker-sauerkraut-Its-A-New-Day-4x3-1-7d63627ec3d747248322e8ac175cae6b.jpg,"['1 quart sauerkraut, drained and rinsed', '1.5 cups water', '0.75 cup diced carrot', '0.75 cup brown sugar', '0.66666668653488 cup chopped apple', '0.5 sweet onion, minced', '1 teaspoon caraway seeds', 'salt and ground black pepper to taste', '1 pound fully cooked kielbasa, cut into 1-inch pieces']",True,1
75faa70c9ed709831eda6129,The BEST Turkey Chili Recipe,kristineskitchenblog.com,kristineskitchenblog.com,https://kristineskitchenblog.com/healthy-turkey-chili-recipe-stovetop-slow-cooker-or-instant-pot/,4.97,58,0.15,4.670043293890816,4.819999999999999,4.754696258370279,0.25,theoretical_max_variance,0.030000000000000006,4.474696258370279,0.65,schema_only,,Chicken,,0.0,2026-08-19T04:07:54.568060+00:00,40,0.44335216963653457,7.533259586659682,25,47,0.0,1.0,36,,,,,,,,,0,,False,,27.0,0.0,0.0,1.0,1.0,,,,B,27.0,-13.0,Raw 4.970; source/category adjustment -0.150; posterior 4.755; uncertainty -0.250 (theoretical_max_variance); evidence -0.030; final 4.475.,https://kristineskitchenblog.com/healthy-turkey-chili-recipe-stovetop-slow-cooker-or-instant-pot/,https://kristineskitchenblog.com/wp-content/uploads/2022/12/best-turkey-chili-recipe-54.jpg,"['1 tablespoon olive oil', '1 cup chopped yellow onion', '1 pound ground turkey', '4 cloves garlic (minced)', '1 tablespoon brown sugar', '2 tablespoons chili powder (use 1 tablespoon for less spice)', '1 tablespoon ground cumin', '1 teaspoon dried oregano', '½ teaspoon salt', '¼ teaspoon black pepper', '3 tablespoons tomato paste', '1 ¾ cups low sodium chicken broth (or one 14.5 ounce can)', '28 ounce can fire roasted crushed tomatoes (or fire roasted diced tomatoes)', '15 ounce can kidney beans (rinsed and drained)', '15 ounce can black beans (rinsed and drained)', '15 ounce can pinto beans (rinsed and drained)', 'For topping: shredded cheese, sour cream or plain Greek yogurt, cilantro, chopped onions, etc. (as desired)']",True,19
5bd17e4b611c45a412541bd1,Slow Cooker Chicken Quesadillas,allrecipes.com,allrecipes.com,https://www.allrecipes.com/recipe/267953/slow-cooker-chicken-quesadillas/,4.7,55,-0.11871500599879986,4.670043293890816,4.8187150059988,4.752157345084991,0.25,theoretical_max_variance,0.030000000000000006,4.472157345084991,0.65,schema_only,Proud-Meinke,Chicken,,0.0,2026-08-19T04:46:36.227580+00:00,41,0.5227241497136192,5.569634937168982,38,56,0.0,0.75,36,0.0,0.0,0.0,0.0,0.0,0.0,,,3,2026-08-19T04:46:36.227580+00:00,False,,15.0,8.831760866327848,0.0,1.0,3.0,0.0,0.0,0.0,B,36.0,-5.0,Raw 4.700; source/category adjustment +0.119; posterior 4.752; uncertainty -0.250 (theoretical_max_variance); evidence -0.030; final 4.472.,https://www.allrecipes.com/recipe/267953/slow-cooker-chicken-quesadillas/,https://www.allrecipes.com/thmb/glykfCrN1QkkYCxClOV-DdW4rsY=/1500x0/filters:no_upscale():max_bytes(150000):strip_icc()/3265499-ec993e7f12424dcda42738ed557344b1.jpg,"['1 (10 ounce) can red enchilada sauce', '0.25 cup water', '1 (1.25 ounce) package reduced-sodium taco seasoning mix', '2 skinless, boneless chicken breasts', '1 (10 ounce) package 8- to 10-inch flour tortillas', '1 (12 ounce) bag shredded Mexican cheese blend']",True,4
863fa9cbb014364a42ffb4f0,Slow Cooker Whole Chicken - Rotisserie Style,downshiftology.com,downshiftology.com,https://downshiftology.com/recipes/slow-cooker-rotisserie-chicken/,4.92,34,0.061859239390228464,4.670800948597065,4.858140760609771,4.751475973389551,0.25,theoretical_max_variance,0.030000000000000006,4.471475973389551,0.65,schema_only,Lisa Bryan,Chicken | Vegetables,,0.0,2026-08-19T04:07:54.568060+00:00,42,0.7212264966848749,2.396467307424734,40,46,0.0,1.0,36,,,,,,,,,0,,False,,32.0,0.0,0.0,1.0,1.0,,,,C,32.0,-10.0,Raw 4.920; source/category adjustment -0.062; posterior 4.751; uncertainty -0.250 (theoretical_max_variance); evidence -0.030; final 4.471.,https://downshiftology.com/recipes/slow-cooker-rotisserie-chicken/,https://i2.wp.com/www.downshiftology.com/wp-content/uploads/2020/01/Slow-Cooker-Rotisserie-Chicken-4.jpg,"['2  large carrots (cut into large chunks)', '1  parsnip (cut into large chunks)', '1/2  onion (cut into wedges)', '1  whole chicken ((4-5 pounds))', '2 tsp paprika', '1 1/2 tsp garlic powder', '1 tsp onion powder', '1 tsp dried thyme', 'salt and pepper (to taste)']",True,5
298c834fc47d07aaa7fabf7a,Slow Cooker Chicken Marsala,diethood.com,diethood.com,https://diethood.com/slow-cooker-chicken-marsala/,4.75,483,0.03458259664862368,4.670800948597065,4.715417403351377,4.711995875652355,0.2122425600938629,theoretical_max_variance,0.030000000000000006,4.469753315558492,0.65,schema_only,,Chicken | Vegetables,,0.0,2026-08-19T04:07:54.568060+00:00,43,0.16737915627433025,31.339095214905118,19,92,0.0,0.5,36,0.0,0.0,0.0,0.0,0.0,0.0,,,0,,False,,18.0,9.5,0.0,1.0,2.0,0.0,0.0,0.0,B,37.0,-6.0,Raw 4.750; source/category adjustment -0.035; posterior 4.712; uncertainty -0.212 (theoretical_max_variance); evidence -0.030; final 4.470.,https://diethood.com/slow-cooker-chicken-marsala/,https://diethood.com/wp-content/uploads/2019/07/Slow-Cooker-Chicken-Marsala-7.jpg,"['6 (1.5 to 2 pounds, total) boneless, skinless chicken breasts', '1 teaspoon garlic powder', '1 teaspoon dried basil', '1 teaspoon dried thyme', '½ teaspoon sweet paprika', '¾ teaspoons salt (or to taste)', '¼ teaspoon freshly ground black pepper (or to taste)', '1 tablespoon olive oil', '8 ounces mushrooms, (sliced)', '4 cloves garlic (minced)', '1 cup dry marsala wine', '½ cup water', '¼ cup cornstarch', '¼ cup heavy cream', 'chopped fresh parsley (for garnish, optional)']",True,8
2df89762b9273ac40e9500eb,Slow Cooker Chicken Pot Pie,allrecipes.com,allrecipes.com,https://www.allrecipes.com/recipe/269717/slow-cooker-chicken-pot-pie/,4.9,14,-0.11871500599879986,4.670800948597065,5.0,4.749174935999845,0.25,theoretical_max_variance,0.030000000000000006,4.4691749359998445,0.65,schema_only,Beverly Buonaugurio,Chicken | Vegetables,,0.0,2026-08-19T04:46:36.227580+00:00,44,0.6295104798837994,3.766629793329841,37,49,0.0,1.0,36,0.0,0.0,0.0,0.0,0.0,0.0,,,3,2026-08-19T04:46:36.227580+00:00,False,,20.0,5.557777333511022,0.0,1.0,3.0,0.0,0.0,0.0,C,33.0,-11.0,Raw 4.900; source/category adjustment +0.119; posterior 4.749; uncertainty -0.250 (theoretical_max_variance); evidence -0.030; final 4.469.,https://www.allrecipes.com/recipe/269717/slow-cooker-chicken-pot-pie/,https://www.allrecipes.com/thmb/lAXqkifLFGCTRuja3jMMZ-PauUo=/1500x0/filters:no_upscale():max_bytes(150000):strip_icc()/269717-slow-cooker-chicken-pot-pie-DDMFS-beauty-4x3-8cc734c88dbc4bfabad40216e5eed293.jpg,"['2 (10.5 ounce) cans condensed cream of chicken soup', '1.5 cups chopped carrots', '1.5 cups chopped celery', '1 medium yellow onion, chopped', '1 cup chicken stock', '0.25 cup chopped fresh parsley', '1 teaspoon paprika', '1 teaspoon dried oregano', '1 teaspoon salt', '1 teaspoon ground black pepper', '2 pounds skinless, boneless chicken breasts', '1.5 cups frozen peas', '1.5 cups frozen corn']",True,4
6234d358ebbeadc0be92aec1,Slow Cooker Leg of Lamb,allrecipes.com,allrecipes.com,https://www.allrecipes.com/recipe/257901/slow-cooker-leg-of-lamb/,4.9,14,-0.11871500599879986,4.671558603303313,5.0,4.749174935999845,0.25,theoretical_max_variance,0.030000000000000006,4.4691749359998445,0.65,schema_only,Kristin88,Vegetables,,0.0,2026-08-19T02:35:00.249379+00:00,45,0.6331191570015513,3.766629793329841,38,50,0.0,1.0,36,,,,,,,,,0,,False,,21.0,5.557777333511022,0.0,1.0,3.0,,,,C,34.0,-11.0,Raw 4.900; source/category adjustment +0.119; posterior 4.749; uncertainty -0.250 (theoretical_max_variance); evidence -0.030; final 4.469.,https://www.allrecipes.com/recipe/257901/slow-cooker-leg-of-lamb/,https://www.allrecipes.com/thmb/8yYsdGngqLdvnsK9UgqiLsgOUxM=/1500x0/filters:no_upscale():max_bytes(150000):strip_icc()/6506199-9eb54b9b1b34424bb17f8812b11eda9b.jpg,"['1 small lemon', '5 cloves garlic, minced', '2 tablespoons chopped fresh rosemary', '1 tablespoon chopped fresh thyme', '1 tablespoon chopped fresh parsley', '1 tablespoon olive oil', '1 teaspoon sea salt', '1 teaspoon ground black pepper', '0.25 teaspoon onion powder', '1 (3 pound) leg of lamb', '0.5 cup vegetable broth']",True,3
a0683b115bdf037972197cbc,Rich Chicken Bone Broth,allrecipes.com,allrecipes.com,https://www.allrecipes.com/recipe/275943/slow-cooker-chicken-bone-broth/,5.0,14,-0.11871500599879986,4.7008393289601385,5.0,4.749174935999845,0.25,theoretical_max_variance,0.030000000000000006,4.4691749359998445,0.65,schema_only,France Cevallos,Chicken | Vegetables | Desserts,,0.0,2026-08-19T04:46:36.227580+00:00,46,0.6366582130912605,3.766629793329841,39,51,0.0,0.9166666666666666,36,0.0,0.0,0.0,0.0,0.0,0.0,,,3,2026-08-19T04:46:36.227580+00:00,False,,16.0,8.956685895029603,0.0,1.0,3.0,0.0,0.0,0.0,C,35.0,-11.0,Raw 5.000; source/category adjustment +0.119; posterior 4.749; uncertainty -0.250 (theoretical_max_variance); evidence -0.030; final 4.469.,https://www.allrecipes.com/recipe/275943/slow-cooker-chicken-bone-broth/,https://www.allrecipes.com/thmb/rLNI-yh_5KDBCpuhnMY-B1O2U98=/1500x0/filters:no_upscale():max_bytes(150000):strip_icc()/275943-slow-cooker-chicken-bone-broth-VAT-Beauty-4x3-9665ad9079654e1eab65ba916cf8fee5.jpg,"['3 pounds assorted chicken bones', '2 unpeeled carrots, cut into chunks', '2 stalks celery with leaves, cut into chunks', '1 onion, unpeeled and quartered', '6 cloves garlic, unpeeled', '2 tablespoons olive oil', '2 tablespoons apple cider vinegar', '2 bay leaves', '1 teaspoon sea salt', '0.5 teaspoon black peppercorns', '12 cups water, or as needed']",True,5
c911a34cc6788044fb1fbfad,Slow Cooker Short Ribs,diethood.com,diethood.com,https://diethood.com/slow-cooker-short-ribs/,4.85,51,0.03458259664862368,4.677616262814447,4.815417403351376,4.747856272028814,0.25,theoretical_max_variance,0.030000000000000006,4.467856272028814,0.65,schema_only,,Potatoes | Vegetables | Beef,,0.0,2026-08-19T03:38:50.932867+00:00,47,0.6904746293274229,3.003470215156683,41,51,0.0,0.9166666666666666,36,,,,,,,,,0,,False,,22.0,8.0,0.0,1.0,2.0,,,,B,38.0,-9.0,Raw 4.850; source/category adjustment -0.035; posterior 4.748; uncertainty -0.250 (theoretical_max_variance); evidence -0.030; final 4.468.,https://diethood.com/slow-cooker-short-ribs/,https://diethood.com/wp-content/uploads/2021/01/braised-short-ribs-4.jpg,"['3 pounds bone-in beef short ribs', 'salt and freshly ground black pepper (to taste)', '2 tablespoons olive oil', '2 small yellow onions (thinly sliced)', '1 pound baby mushrooms (quartered)', '4 cloves garlic (minced)', '2 cups dry red wine (I use Cabernet Sauvignon)', '2 cups low sodium beef broth', '½ teaspoon dried oregano', '½ teaspoon dried thyme', '½ teaspoon dried rosemary', '½ teaspoon dried marjoram', '2  bay leaves', 'mashed potatoes or mashed cauliflower (for serving)']",True,11
7afe6f6f31a686b1a2eb3dd3,Crockpot Meatloaf Recipe,diethood.com,diethood.com,https://diethood.com/mozzarella-stuffed-crockpot-meatloaf/,4.92,25,0.03458259664862368,4.692011373587709,4.885417403351377,4.747768413170327,0.25,theoretical_max_variance,0.030000000000000006,4.467768413170327,0.65,schema_only,,Beef | Breakfast,,0.0,2026-08-19T03:38:50.932867+00:00,48,0.701034389146512,2.899952106884219,43,52,0.0,0.75,36,,,,,,,,,0,,False,,25.0,7.0,0.0,1.0,2.0,,,,C,39.0,-9.0,Raw 4.920; source/category adjustment -0.035; posterior 4.748; uncertainty -0.250 (theoretical_max_variance); evidence -0.030; final 4.468.,https://diethood.com/mozzarella-stuffed-crockpot-meatloaf/,https://diethood.com/wp-content/uploads/2019/05/Mozzarella-Stuffed-Crockpot-Meatloaf-5.jpg,"['1½ pounds 80% to 85% lean ground beef', '1 cup panko breadcrumbs', '1 small yellow onion (shredded (use the large holes on a cheese grater to shred the onion))', '3 cloves garlic (minced)', '1 teaspoon Italian Seasoning', '1 teaspoon salt', '½ teaspoon fresh ground black pepper', '½ teaspoon ground mustard', '1 large egg (lightly beaten)', '½ cup 2% milk', '2 tablespoons Worcestershire Sauce', '8 ounces shredded mozzarella cheese', '⅓ cup barbecue sauce', '2 tablespoons ketchup', '2 tablespoons honey', '1 tablespoon Worcestershire sauce', '1 teaspoon Sriracha sauce', 'chopped fresh parsley (for garnish)']",True,7
e8ff25807464258829779707,Crockpot Tuscan Chicken With Orzo,therealfooddietitians.com,therealfooddietitians.com,https://therealfooddietitians.com/crockpot-tuscan-chicken/,5.0,33,0.15,4.670043293890816,4.85,4.746954167517953,0.25,theoretical_max_variance,0.030000000000000006,4.466954167517953,0.65,schema_only,Stacie Hassing,Chicken,,0.0,2026-08-19T04:46:36.227580+00:00,49,0.504602345961097,6.774133810967192,31,52,0.0,0.8333333333333334,36,,,,,,,,,0,,False,,,,,,,,,,C,,,Raw 5.000; source/category adjustment -0.150; posterior 4.747; uncertainty -0.250 (theoretical_max_variance); evidence -0.030; final 4.467.,https://therealfooddietitians.com/crockpot-tuscan-chicken/,https://therealfooddietitians.com/wp-content/uploads/2025/10/Slow-Cooker-Creamy-Tuscan-Chicken-Orzo-015-225x225.jpg,"['1 lb raw boneless skinless chicken breast or chicken thighs, cubed, about ¾ inch pieces', '1 ¾ cups low-sodium chicken broth, plus more as needed', '¾ cup sun dried tomatoes*', '1 teaspoon garlic powder', '⅓ cup heavy cream, half and half, or whole milk', '1 cup (6 ounces) dry orzo pasta', '2-3 cups fresh baby spinach', '¾ cup shredded or grated Parmesan cheese, plus more for serving', '½ teaspoon salt, plus more to taste', '½ teaspoon black pepper, plus more to taste', '¼ cup chopped fresh basil leaves']",True,5
30e83168f57cf65c12c89666,Slow Cooker Italian Beef,diethood.com,diethood.com,https://diethood.com/slow-cooker-italian-beef/,5.0,14,0.03458259664862368,4.7038534259669165,4.965417403351377,4.7416099929829585,0.25,theoretical_max_variance,0.030000000000000006,4.461609992982958,0.65,schema_only,,Beef,,0.0,2026-08-19T03:38:50.932867+00:00,50,0.6916048302750555,3.121386800054674,47,57,0.0,0.5833333333333334,36,,,,,,,,,0,,False,,26.0,7.0,0.0,1.0,2.0,,,,C,40.0,-10.0,Raw 5.000; source/category adjustment -0.035; posterior 4.742; uncertainty -0.250 (theoretical_max_variance); evidence -0.030; final 4.462.,https://diethood.com/slow-cooker-italian-beef/,https://diethood.com/wp-content/uploads/2021/12/italian-beef-7.jpg,"['3 pounds chuck roast (cut into 4-inch chunks)', '2 tablespoons olive oil', '1 packet (0.7 ounces) Italian Dressing and Seasoning Mix', '8 ounces pepperoncini pepper slices  (+ ¼ cup pepperoncini juice)', '8 ounces Giardiniera (drained (use mild or spicy))', '2 cups beef broth', '1 teaspoon italian seasoning', 'Provolone cheese slices (for serving)', 'Giardiniera (for serving)', 'Buns (for serving)']",True,8
ac0b0519640c042866e09c78,Slow Cooker Chicken Stew,diethood.com,diethood.com,https://diethood.com/slow-cooker-chicken-stew/,5.0,13,0.03458259664862368,4.666346218789081,4.965417403351377,4.738057494405682,0.25,theoretical_max_variance,0.030000000000000006,4.458057494405682,0.65,schema_only,,Chicken | Potatoes | Vegetables,,0.0,2026-08-19T03:38:50.932867+00:00,51,0.6668970766744686,3.5463204718255357,48,60,0.0,0.3333333333333333,36,,,,,,,,,0,,False,,28.0,7.0,0.0,1.0,2.0,,,,C,42.0,-9.0,Raw 5.000; source/category adjustment -0.035; posterior 4.738; uncertainty -0.250 (theoretical_max_variance); evidence -0.030; final 4.458.,https://diethood.com/slow-cooker-chicken-stew/,https://diethood.com/wp-content/uploads/2021/01/chicken-sweet-potato-stew-4.jpg,"['1 pound boneless skinless chicken breasts (thawed or frozen)', '1 pound sweet potatoes (cubed)', '2 large carrots (cut into ½-inch slices)', '1 (about 10 ounces) large yukon gold potato (cubed)', '28 ounces canned diced tomatoes (undrained)', '3 cups low sodium chicken broth', '1 teaspoon salt', '1 teaspoon garlic powder', '1 teaspoon smoked paprika', '1 teaspoon dried marjoram', '½ teaspoon freshly ground black pepper', '¼ cup heavy cream', 'chopped fresh basil (for garnish)']",True,7
7161da35cad7cdb7ffe785f1,Slow Cooker Beef Stew,diethood.com,diethood.com,https://diethood.com/slow-cooker-beef-stew/,4.91,21,0.03458259664862368,4.687706014635115,4.875417403351377,4.737055794005197,0.25,theoretical_max_variance,0.030000000000000006,4.457055794005197,0.65,schema_only,,Vegetables | Beef,,0.0,2026-08-19T03:38:50.932867+00:00,52,0.6521400730027773,3.840572873934304,49,61,0.0,0.3333333333333333,36,,,,,,,,,0,,False,,27.0,8.0,0.0,1.0,2.0,,,,C,43.0,-9.0,Raw 4.910; source/category adjustment -0.035; posterior 4.737; uncertainty -0.250 (theoretical_max_variance); evidence -0.030; final 4.457.,https://diethood.com/slow-cooker-beef-stew/,https://diethood.com/wp-content/uploads/2018/10/Slow-Cooker-Beef-Stew-8.jpg,"['2 tablespoons olive oil (divided)', '2 1/2 pounds beef chuck roast (cut into 2-inch pieces, fat trimmed off)', '1 teaspoon salt', '1/2 teaspoon black pepper', '3  large carrots (peeled and cut into 1-inch pieces)', '3  celery ribs (sliced)', '8 ounces sliced mushrooms', '1  large yellow onion (sliced)', '3 cloves garlic, (minced)', '1 cup dry red wine', '3 tablespoons tomato paste', '1 tablespoon Worcestershire sauce', '4 cups low-sodium beef broth (divided)', '2  bay leaves', '1  sprig fresh thyme', '2 tablespoons cornstarch', '3 tablespoons water', '1/4 cup minced fresh parsley']",True,15
15b75015f2f6dd94be07ba29,Super Easy Slow Cooker Pork,pinchofyum.com,pinchofyum.com,https://pinchofyum.com/super-easy-slow-cooker-pork,4.9,14,-0.033586741413944146,4.63834831055701,4.9335867414139445,4.734647035684145,0.25,theoretical_max_variance,0.030000000000000006,4.454647035684145,0.65,schema_only,Lindsay Ostrom,Pork,,0.0,2026-08-19T04:46:36.227580+00:00,53,0.6386792613392147,4.129837231121289,51,65,0.0,0.0,36,,,,,,,,,0,,False,,,,,,,,,,C,,,Raw 4.900; source/category adjustment +0.034; posterior 4.735; uncertainty -0.250 (theoretical_max_variance); evidence -0.030; final 4.455.,https://pinchofyum.com/super-easy-slow-cooker-pork,https://pinchofyum.com/tachyon/crockpot-pork-square.jpg?fit=225%2C225,"['3 lbs. pork shoulder', '1 cup soda (I used Sprite)', '2 teaspoons minced garlic', '2 teaspoons chili powder', '1 teaspoon ground oregano', '2 tablespoons Worcestershire sauce', '1 cup Marzetti Simply Dressed Balsamic dressing']",True,4
a71447501b8d9241ff0be0b7,Slow Cooker Buffalo Chicken,diethood.com,diethood.com,https://diethood.com/slow-cooker-buffalo-chicken/,5.0,12,0.03458259664862368,4.670800948597065,4.965417403351377,4.734390399100106,0.25,theoretical_max_variance,0.030000000000000006,4.454390399100106,0.65,schema_only,,Chicken | Vegetables,,0.0,2026-08-19T03:38:50.932867+00:00,54,0.6228199607599657,4.481443219916251,50,66,0.0,0.16666666666666666,36,,,,,,,,,0,,False,,30.0,7.5,0.0,1.0,2.0,,,,C,45.0,-9.0,Raw 5.000; source/category adjustment -0.035; posterior 4.734; uncertainty -0.250 (theoretical_max_variance); evidence -0.030; final 4.454.,https://diethood.com/slow-cooker-buffalo-chicken/,https://diethood.com/wp-content/uploads/2013/09/buffalo-chicken-5.jpg,"['8 to 10  chicken drumsticks, (skin on or off*)', '½ cup Frank&#39;s Red Hot, (or your favorite buffalo sauce)', '½ cup dry white wine, (like chardonnay or pinot grigio)', '¼ cup vegetable oil', '3 cloves garlic, (minced)', '3 tablespoons dried parsley, (or use your preferred dried herbs)', 'chopped fresh parsley, (for garnish)', 'green onions (sliced, for garnish)']",True,8
8926afb40f610a7a9588175d,Slow Cooker Beef Enchilada Casserole,allrecipes.com,allrecipes.com,https://www.allrecipes.com/slow-cooker-beef-enchilada-casserole-recipe-11768128,4.7,32,-0.11871500599879986,4.7038534259669165,4.8187150059988,4.7334887328774595,0.25,theoretical_max_variance,0.030000000000000006,4.453488732877459,0.65,schema_only,Natalie Gravois,Beef,,0.0,2026-08-19T02:35:00.249379+00:00,55,0.43620052390195585,9.693927079477245,51,77,0.0,0.0,36,,,,,,,,,0,,False,,23.0,9.741092797468305,0.0,1.0,3.0,,,,C,46.0,-9.0,Raw 4.700; source/category adjustment +0.119; posterior 4.733; uncertainty -0.250 (theoretical_max_variance); evidence -0.030; final 4.453.,https://www.allrecipes.com/slow-cooker-beef-enchilada-casserole-recipe-11768128,https://www.allrecipes.com/thmb/6sKDGhXUQC2xnWXac48Mc036cZw=/1500x0/filters:no_upscale():max_bytes(150000):strip_icc()/11768128-Slow-Cooker-Beef-Enchiladas-beauty-4x3-87eb46064255470583d1e0496b8214a7.jpg,"['1.5 pounds lean ground beef', '1 packet Taco seasoning', '1 15 ounce can beans, drained and rinsed', '1 28 ounce jar enchilada sauce', '1 4 ounce Can Green chilies', '1 white Onion, diced', '10 (6 inch) corn tortillas cut into wedges', '1 1/2 shredded mexican cheese', 'Cilantro', '1/2 cup Pico de gallo', '1/2 cup Sour cream']",True,5
aa7d4611218002c5085f5db5,Slow Cooker Chicken Tacos,natashaskitchen.com,natashaskitchen.com,https://natashaskitchen.com/slow-cooker-chicken-tacos/,4.87,65,0.09651505824489025,4.670043293890816,4.77348494175511,4.732380148852801,0.25,theoretical_max_variance,0.030000000000000006,4.452380148852801,0.65,schema_only,,Chicken,,0.0,2026-08-19T04:07:54.568060+00:00,56,0.5310101723304905,6.712343521867423,50,73,0.0,0.16666666666666666,36,,,,,,,,,0,,False,,41.0,0.0,0.0,1.0,1.0,,,,B,41.0,-15.0,Raw 4.870; source/category adjustment -0.097; posterior 4.732; uncertainty -0.250 (theoretical_max_variance); evidence -0.030; final 4.452.,https://natashaskitchen.com/slow-cooker-chicken-tacos/,https://natashaskitchen.com/wp-content/uploads/2022/03/Export-Tacos.jpg,"['2 lbs 4-5 count Chicken Breasts, trimmed of fat', '1 cup very warm water', '1/4 cup white vinegar', '2 Tbsp lemon juice', '2 Tbsp worcestershire sauce', '4 Tbsp melted butter', '1/3 cup ketchup', '1/3 cup brown sugar (lightly packed)', '2 tsp dry mustard', '2 tsp salt', '2 tsp chili powder', 'Small flour tortillas (About 10-12)', 'Lettuce (chopped)', 'Tomatoes (diced)', 'Cheddar cheese (shredded)', 'Guacamole (click for yummy recipe)', 'Cilantro', 'Sour Cream', 'Hot sauce such as Tabasco']",True,8
d2fd03c2a599809eedbb47ac,Crockpot Birria Tacos (Quesabirria) Recipe,therealfooddietitians.com,therealfooddietitians.com,https://therealfooddietitians.com/crockpot-birria-tacos/,5.0,22,0.15,4.732384757826601,4.85,4.731211054222085,0.25,theoretical_max_variance,0.030000000000000006,4.451211054222084,0.65,schema_only,Jessie Shafer,Desserts | Beef,,0.0,2026-08-19T04:46:36.227580+00:00,57,0.614396921003043,4.8326148891326595,46,61,0.0,0.25,36,,,,,,,,,0,,False,,,,,,,,,,C,,,Raw 5.000; source/category adjustment -0.150; posterior 4.731; uncertainty -0.250 (theoretical_max_variance); evidence -0.030; final 4.451.,https://therealfooddietitians.com/crockpot-birria-tacos/,https://therealfooddietitians.com/wp-content/uploads/2025/01/Crockpot-Birria-Tacos-5-225x225.jpg,"['1 boneless beef chuck roast (2 ½ to 3 lbs)', '1 teaspoon sea salt', '1 teaspoon black pepper', '1 tablespoon avocado oil or olive oil', '6-10 dried red chiles, seeds removed and torn into pieces (see Notes)', '1 16-ounce jar mild to medium salsa (any brand)', '32 ounces beef broth', '1-2 canned chipotle chiles in adobo sauce (store the rest for another use)', '1 tablespoon garlic powder', '2 teaspoons ground cumin', '2 teaspoons dried oregano', '1 teaspoon ground ginger', '1 teaspoon ground cinnamon', '1 teaspoon smoked paprika', '2 tablespoons tomato paste', '2 tablespoons apple cider vinegar', 'Cooking spray', '20-30 6-inch white corn tortillas', '1-2 cups shredded Mexican blend cheese, shredded Oaxaca cheese, or crumbled queso fresco', '½ medium white onion, diced', 'Chopped fresh cilantro', 'Fresh limes, cut into wedges']",True,15
e6ac6040e32cd88a39ca4193,Slow Cooker Potato Leek Soup,diethood.com,diethood.com,https://diethood.com/slow-cooker-leek-potato-soup/,4.94,15,0.03458259664862368,4.664497681238213,4.905417403351377,4.73120703006555,0.25,theoretical_max_variance,0.030000000000000006,4.45120703006555,0.65,schema_only,,Potatoes | Vegetables,,0.0,2026-08-19T03:38:50.932867+00:00,58,0.5638028862589458,6.034622330077224,53,74,0.0,0.0,36,,,,,,,,,0,,False,,34.0,7.0,0.0,1.0,2.0,,,,C,48.0,-10.0,Raw 4.940; source/category adjustment -0.035; posterior 4.731; uncertainty -0.250 (theoretical_max_variance); evidence -0.030; final 4.451.,https://diethood.com/slow-cooker-leek-potato-soup/,https://diethood.com/wp-content/uploads/2012/12/Slow-Cooker-Leek-and-Potato-Soup-6.jpg,"['2  pounds Yukon Gold Potatoes (peeled and quartered)', '3  leeks (white and light green parts only,\xa0 roughly chopped)', '1 tablespoon olive oil', '1 large carrot (sliced)', '3  celery ribs (sliced)', '3 cloves garlic (minced)', '1¼ teaspoons salt (or to taste)', '½ teaspoon fresh ground black pepper (or to taste)', '6 to 8 cups vegetable broth', '2 tablespoons butter', '3 sprigs fresh thyme', '½ cup heavy cream (optional)', 'chopped fresh parsley (for garnish, optional)', 'fresh thyme leaves (for garnish, optional)']",True,7
3771719bfc20e8a5846c78c2,Slow Cooker Chicken Breast,diethood.com,diethood.com,https://diethood.com/slow-cooker-chicken-breast/,4.86,27,0.03458259664862368,4.670043293890816,4.825417403351377,4.730304750577627,0.25,theoretical_max_variance,0.030000000000000006,4.450304750577627,0.65,schema_only,,Chicken,,0.0,2026-08-19T03:38:50.932867+00:00,59,0.5889978861777748,5.512611802847076,56,72,0.0,0.0,36,,,,,,,,,0,,False,,32.0,8.5,0.0,1.0,2.0,,,,C,49.0,-10.0,Raw 4.860; source/category adjustment -0.035; posterior 4.730; uncertainty -0.250 (theoretical_max_variance); evidence -0.030; final 4.450.,https://diethood.com/slow-cooker-chicken-breast/,https://diethood.com/wp-content/uploads/2022/03/slow-cooker-chicken-breasts-9.jpg,"['½ cup low sodium chicken broth (or you can also use water)', '4  boneless skinless chicken breasts', '2 tablespoons olive oil', '1 teaspoon salt', '½ teaspoon fresh ground black pepper', '½ teaspoon sweet paprika', '½ teaspoon garlic powder', '½ teaspoon onion powder', '½ teaspoon dried basil', '½ teaspoon dried oregano', 'chopped fresh parsley (for garnish, optional)']",True,6
e91047d8fc926121f327c5bb,Slow Cooker Jambalaya Recipe,diethood.com,diethood.com,https://diethood.com/slow-cooker-cajun-jambalaya-recipe/,4.86,27,0.03458259664862368,4.6742395396966705,4.825417403351377,4.730304750577627,0.25,theoretical_max_variance,0.030000000000000006,4.450304750577627,0.65,schema_only,,Chicken | Pork | Seafood,,0.0,2026-08-19T03:38:50.932867+00:00,60,0.5920395047768944,5.512611802847076,57,73,0.0,0.0,36,,,,,,,,,0,,False,,31.0,9.5,0.0,1.0,2.0,,,,C,50.0,-10.0,Raw 4.860; source/category adjustment -0.035; posterior 4.730; uncertainty -0.250 (theoretical_max_variance); evidence -0.030; final 4.450.,https://diethood.com/slow-cooker-cajun-jambalaya-recipe/,https://diethood.com/wp-content/uploads/2020/08/Slow-Cooker-Jambalaya-6.jpg,"['1 pound boneless, skinless chicken thighs', '12 ounces andouille sausage (cut into 1/2-inch slices)', '1 can (28 ounces) diced tomatoes (undrained)', '2  celery ribs (diced)', '1  small green bell pepper (diced)', '1  small red bell pepper (diced)', '1  yellow onion (diced)', '4 cloves garlic (finely chopped)', '1½ cups chicken broth', '3 tablespoons tomato paste', '2 teaspoons dried oregano', '2 teaspoons Cajun seasoning', '1 teaspoon paprika', '½ teaspoon cayenne pepper (if you like your food spicier, use 1 teaspoon cayenne)', '½ teaspoon dried thyme', '1  bay leaf', '1 pound raw frozen shrimp (peeled and deveined)', '4 cups cooked rice', 'chopped fresh parsley (for garnish)', 'sliced green onions (for garnish)']",True,5
fd73616ebec09d7f0c3a5045,Crockpot Pork Roast Recipe,therealfooddietitians.com,therealfooddietitians.com,https://therealfooddietitians.com/crock-pot-pork-roast/,4.9,126,0.15,4.673213867526117,4.75,4.729813613090853,0.25,theoretical_max_variance,0.030000000000000006,4.4498136130908525,0.65,schema_only,Stacie Hassing,Chicken | Potatoes | Vegetables | Pork | Snacks,,0.0,2026-08-19T04:46:36.227580+00:00,61,0.39724447606521346,12.290466043057748,34,68,0.0,0.3333333333333333,36,,,,,,,,,0,,False,,,,,,,,,,B,,,Raw 4.900; source/category adjustment -0.150; posterior 4.730; uncertainty -0.250 (theoretical_max_variance); evidence -0.030; final 4.450.,https://therealfooddietitians.com/crock-pot-pork-roast/,https://therealfooddietitians.com/wp-content/uploads/2023/09/Slow-Cooker-Pork-Roast-6-225x225.jpg,"['2 ½ – 3 lbs boneless pork shoulder or Boston butt', '2 teaspoons garlic powder', '1 ½ teaspoons onion powder', '1 ½ teaspoons dried rosemary, crushed', '1 teaspoon paprika', '½ teaspoon dried thyme', '2 teaspoons fine salt', '½ teaspoon black pepper', '1 tablespoon avocado oil*', '1 large onion, chopped (2-2 ½ cups)', '½ cup low-sodium chicken broth', '½ cup white wine**', '6 garlic cloves, minced (2 ½ tablespoons)', '2 tablespoons Dijon mustard***', '16 oz baby or petite yellow potatoes, bite-size (if larger, cut in half)****', '12 oz carrots (about 5 medium), peeled and cut into chunks', 'Bundle of fresh thyme and fresh rosemary, optional', '1 ½ tablespoons of cornstarch, for gravy or homemade broth*****']",True,19
9d27f3cbceddb42247d46b07,Slow Cooker Vegetarian Chili Mac,kristineskitchenblog.com,kristineskitchenblog.com,https://kristineskitchenblog.com/slow-cooker-vegetarian-chili-mac/,4.97,28,0.15,4.671558603303313,4.819999999999999,4.729579434666539,0.25,theoretical_max_variance,0.030000000000000006,4.449579434666539,0.65,schema_only,,Vegetables,,0.0,2026-08-19T04:07:54.568060+00:00,62,0.5014355159417644,8.153049872423338,44,66,0.0,0.3333333333333333,36,,,,,,,,,0,,False,,44.0,0.0,0.0,1.0,1.0,,,,C,44.0,-18.0,Raw 4.970; source/category adjustment -0.150; posterior 4.730; uncertainty -0.250 (theoretical_max_variance); evidence -0.030; final 4.450.,https://kristineskitchenblog.com/slow-cooker-vegetarian-chili-mac/,https://kristineskitchenblog.com/wp-content/uploads/2017/05/slow-cooker-vegetarian-chili-mac-1200-3806-1.jpg,"['1  onion, medium (chopped)', '1  red bell pepper (chopped)', '15 ounce can pinto beans (rinsed and drained)', '15 ounce can kidney beans (rinsed and drained)', '28 ounce crushed tomatoes', '1 ½ tablespoons chili powder', '2 teaspoons cumin', '½ teaspoon salt', '1/8 teaspoon black pepper', '2 cups vegetable broth', '8 ounces whole wheat elbow macaroni pasta (uncooked)', '1 ½ cups cheddar cheese (about 6 oz, divided (or Monterey jack or mozzarella))', 'chopped green onions (for serving)']",True,6
f7068d0c5cc0f958e48f62fb,Slow Cooker Kalua Pork,downshiftology.com,downshiftology.com,https://downshiftology.com/recipes/slow-cooker-kalua-pork/,5.0,12,0.061859239390228464,4.63834831055701,4.938140760609771,4.729111048892054,0.25,theoretical_max_variance,0.030000000000000006,4.449111048892053,0.65,schema_only,Lisa Bryan,Pork,,0.0,2026-08-19T04:07:54.568060+00:00,63,0.5919973048044921,5.720334100576838,55,75,0.0,0.0,36,,,,,,,,,0,,False,,47.0,0.0,0.0,1.0,1.0,,,,C,47.0,-16.0,Raw 5.000; source/category adjustment -0.062; posterior 4.729; uncertainty -0.250 (theoretical_max_variance); evidence -0.030; final 4.449.,https://downshiftology.com/recipes/slow-cooker-kalua-pork/,https://i2.wp.com/www.downshiftology.com/wp-content/uploads/2017/01/Kalua-Pork-Slow-Cooker-main.jpg,"['4 pounds pork shoulder (pork butt)', '1 tablespoon Hawaiian Alaea sea salt', '1 tablespoon liquid smoke']",True,3
a972047e2d62705cdcef99b4,Crockpot Buffalo Chicken Dip (Dairy-free),therealfooddietitians.com,therealfooddietitians.com,https://therealfooddietitians.com/crockpot-buffalo-chicken-dip/,5.0,20,0.15,4.690094755966821,4.85,4.727817084342715,0.25,theoretical_max_variance,0.030000000000000006,4.447817084342715,0.65,schema_only,Stacie Hassing,Chicken | Vegetables | Snacks,,0.0,2026-08-19T04:46:36.227580+00:00,64,0.6046463174815458,5.49241901776136,51,67,0.0,0.0,36,,,,,,,,,0,,False,,,,,,,,,,C,,,Raw 5.000; source/category adjustment -0.150; posterior 4.728; uncertainty -0.250 (theoretical_max_variance); evidence -0.030; final 4.448.,https://therealfooddietitians.com/crockpot-buffalo-chicken-dip/,https://therealfooddietitians.com/wp-content/uploads/2020/12/Creamy-Buffalo-Chicken-Dip-8-225x225.jpg,"['1 lb. chicken breast, raw', '¾ cup buffalo sauce, divided', '½ cup mayo, divided', '1 red bell pepper, finely diced', '2 celery stalks, finely diced', '3 green onion, ends trimmed then sliced, white and green parts separated', '¼ cup unsweetened milk of choice (coconut or almond milk works great &#8211; NOT vanilla!)', 'Celery, carrots, mini bell peppers and tortilla chips for serving', 'Ranch and/or hot sauce for drizzling onto, optional (for Whole30 and Dairy-free us Primal Kitchen Ranch and Franks Red Hot Sauce)']",True,6
08b7b685d0f79f94d2899345,Slow Cooker Chicken Spaghetti,allrecipes.com,allrecipes.com,https://www.allrecipes.com/slow-cooker-chicken-spaghetti-recipe-11892541,5.0,8,-0.11871500599879986,4.670800948597065,5.0,4.723227515586036,0.25,theoretical_max_variance,0.030000000000000006,4.4432275155860355,0.65,schema_only,Diana Moutsopoulos,Chicken | Vegetables,,0.0,2026-08-19T02:35:00.249379+00:00,65,0.5773390392173688,6.222718234198156,61,82,0.0,0.0,36,,,,,,,,,0,,False,,27.0,10.198039027185569,0.0,1.0,3.0,,,,C,51.0,-14.0,Raw 5.000; source/category adjustment +0.119; posterior 4.723; uncertainty -0.250 (theoretical_max_variance); evidence -0.030; final 4.443.,https://www.allrecipes.com/slow-cooker-chicken-spaghetti-recipe-11892541,https://www.allrecipes.com/thmb/ge1dB55Xu8Y17F7W6wBFb07QPgA=/1500x0/filters:no_upscale():max_bytes(150000):strip_icc()/11892541-slow-cooker-chicken-spaghetti-recipe-VAT-Beauty-4x3-4b92d79f72dc467180ec1390942922a5.jpg,"['Cooking Spray', '1 (10.5 ounce) can condensed cream of chicken soup', '1 (10.5 ounce) can condensed cream of mushroom soup', '1 (10 ounce) can diced tomatoes and green chiles, undrained, such as Ro*Tel®', '4 ounce cream cheese, cubed', '4 ounce processed cheese product (such as Velveeta), cubed', '1/4 cup chicken broth', '1 1/2 teaspoon onion powder', '3/4 teaspoon kosher salt', '1/4 teaspoon black pepper', '1 1/2 pound skinless, boneless chicken breasts', '4 ounce Colby Jack cheese, shredded (about 1 cup)', '12 ounce uncooked spaghetti', 'Chopped fresh flat-leaf parsley']",True,5
7e833568f28a625b3983c742,Slow Cooker Beef Machaca,diethood.com,diethood.com,https://diethood.com/slow-cooker-beef-machaca/,4.81,41,0.03458259664862368,4.7038534259669165,4.775417403351376,4.7224099938615005,0.25,theoretical_max_variance,0.030000000000000006,4.4424099938615,0.65,schema_only,,Beef,,0.0,2026-08-19T03:38:50.932867+00:00,66,0.5780457036378563,6.277716322216402,63,82,0.0,0.0,36,,,,,,,,,0,,False,,35.0,9.0,0.0,1.0,2.0,,,,C,53.0,-13.0,Raw 4.810; source/category adjustment -0.035; posterior 4.722; uncertainty -0.250 (theoretical_max_variance); evidence -0.030; final 4.442.,https://diethood.com/slow-cooker-beef-machaca/,https://diethood.com/wp-content/uploads/2022/04/beef-machaca-8.jpg,"['2.5 to 3 pound chuck roast', '2 teaspoons chili powder', '1½ teaspoons salt (or to taste)', '1 teaspoon ground black pepper', '1 teaspoon ground cumin', '1 teaspoon garlic powder', '½ teaspoon onion powder', '½ teaspoon dried oregano', '¼ to ½ teaspoon cayenne pepper', '2 tablespoons olive oil', '1  bell pepper (diced)', '1  yellow onion (diced)', '6 cloves garlic (minced)', '2  chipotle peppers in adobo sauce (plus 1 tablespoon adobo sauce from the can)', '1 can (10 ounces)  diced tomatoes with chilies', '1 cup beef broth', '1 whole lime (juiced)', 'corn or flour tortillas', 'Shredded Mexican Style Blend Cheese', 'diced onions', 'shredded lettuce', 'sour cream']",True,13
4ea2c35f8b7193fdc27ae945,Slow Cooker Pulled Pork Bowls Recipe,therealfooddietitians.com,therealfooddietitians.com,https://therealfooddietitians.com/crockpot-pulled-pork-bowls/,5.0,17,0.15,4.6996322001216475,4.85,4.72234620752224,0.25,theoretical_max_variance,0.030000000000000006,4.44234620752224,0.65,schema_only,Jessica Beacom,Desserts | Pork,,0.0,2026-08-19T04:46:36.227580+00:00,67,0.675292813984666,4.183300132670378,58,70,0.0,0.0,36,,,,,,,,,0,,False,,,,,,,,,,C,,,Raw 5.000; source/category adjustment -0.150; posterior 4.722; uncertainty -0.250 (theoretical_max_variance); evidence -0.030; final 4.442.,https://therealfooddietitians.com/crockpot-pulled-pork-bowls/,https://therealfooddietitians.com/wp-content/uploads/2025/03/Crockpot-BBQ-Pork-Bowls_LowRes-021-225x225.jpg,"['1 small yellow onion, thinly sliced (about 1 heaping cup)', '2 ½ &#8211; 3 lb. boneless pork shoulder or Boston butt, patted dry', '3 garlic cloves, minced', '1 ½ cups (12 ounces) BBQ sauce of choice', '¼ cup apple cider vinegar', 'Fine salt and black pepper to taste', '1 (10-12-ounce) bag coleslaw mix (about 4 cups)', '3 green onions, thinly sliced (reserve 2 tablespoons green parts for garnish)', '½ cup chopped fresh cilantro leaves', '3 tablespoons fresh lime juice (1 large lime)', '2 tablespoons avocado oil or olive oil', '1 tablespoon apple cider vinegar', '2 teaspoons honey', '½ teaspoon ground cumin', '¼ &#8211; ½ teaspoon fine salt, or to taste', 'Pinch of chipotle powder or cayenne pepper (optional)', '6 cups cooked rice (from 2 cups uncooked)', 'Reserved sliced green onions', 'Pickles or jalapeño slices', 'Additional BBQ sauce for drizzling']",True,8
c0600b1a1e5a92644f9ebe95,French Onion Soup (Slow Cooker),allrecipes.com,allrecipes.com,https://www.allrecipes.com/recipe/231612/french-onion-soup-slow-cooker/,4.8,11,-0.11871500599879986,4.7038534259669165,4.918715005998799,4.722181327376671,0.25,theoretical_max_variance,0.030000000000000006,4.44218132737667,0.65,schema_only,Dtison,Beef,,0.0,2026-08-19T02:35:00.249379+00:00,68,0.5429967040938132,7.406359879634979,63,86,0.0,0.0,36,,,,,,,,,0,,False,,29.0,10.424330514074592,0.0,1.0,3.0,,,,C,54.0,-14.0,Raw 4.800; source/category adjustment +0.119; posterior 4.722; uncertainty -0.250 (theoretical_max_variance); evidence -0.030; final 4.442.,https://www.allrecipes.com/recipe/231612/french-onion-soup-slow-cooker/,https://www.allrecipes.com/thmb/f_0ril8enY7yObL9nDHAXNL-k5M=/1500x0/filters:no_upscale():max_bytes(150000):strip_icc()/2062741-cc734e701ee840a494b9624a6fdb60c3.jpg,"['0.25 cup butter', '4 large onions, thinly sliced', '4 cups beef broth', '1 clove garlic, minced', 'salt and ground black pepper, to taste']",True,2
db2f99aef6b3d77fb68388a5,Easy Slow Cooker Chicken Taco Soup,kristineskitchenblog.com,kristineskitchenblog.com,https://kristineskitchenblog.com/easy-slow-cooker-chicken-taco-soup/,5.0,16,0.15,4.699362832298576,4.85,4.720412059151365,0.25,theoretical_max_variance,0.030000000000000006,4.440412059151365,0.65,schema_only,,Chicken | Snacks,,0.0,2026-08-19T04:07:54.568060+00:00,69,0.6298601363898789,5.230121094837735,59,76,0.0,0.0,36,,,,,,,,,0,,False,,52.0,0.0,0.0,0.0,1.0,,,,C,52.0,-17.0,Raw 5.000; source/category adjustment -0.150; posterior 4.720; uncertainty -0.250 (theoretical_max_variance); evidence -0.030; final 4.440.,https://kristineskitchenblog.com/easy-slow-cooker-chicken-taco-soup/,https://kristineskitchenblog.com/wp-content/uploads/2016/11/slow-cooker-chicken-taco-soup-1200-0699-1.jpg,"['1 cup mild salsa', '15 ounce can black beans (rinsed and drained)', '15 ounce can pinto beans (rinsed and drained)', '15 ounce can corn (drained)', '14.5 ounce can petite diced tomatoes', '3 tablespoons homemade taco seasoning', '2 cups low sodium chicken broth', '1 pound boneless skinless chicken breasts', 'Optional toppings: cilantro, plain Greek yogurt or sour cream, grated cheese, avocado, green onion, tortilla chips']",True,3
c57840ab3e29dc35744c16b0,Slow Cooker Banh Mi Bowls Recipe,therealfooddietitians.com,therealfooddietitians.com,https://therealfooddietitians.com/banh-mi-bowls-slow-cooker-recipe/,5.0,16,0.15,4.673569305598331,4.85,4.720412059151365,0.25,theoretical_max_variance,0.030000000000000006,4.440412059151365,0.65,schema_only,Jessica Beacom,Chicken | Vegetables | Pork | Seafood,,0.0,2026-08-19T04:46:36.227580+00:00,70,0.6787853766542161,4.258977446393546,60,74,0.0,0.0,36,,,,,,,,,0,,False,,,,,,,,,,C,,,Raw 5.000; source/category adjustment -0.150; posterior 4.720; uncertainty -0.250 (theoretical_max_variance); evidence -0.030; final 4.440.,https://therealfooddietitians.com/banh-mi-bowls-slow-cooker-recipe/,https://therealfooddietitians.com/wp-content/uploads/2024/08/Slow-Cooker-Banh-Mi-Bowls-5-225x225.jpg,"['1/3 cup coconut aminos', '1/3 cup water', '2 tablespoons rice vinegar', '4 garlic cloves, minced', '2 teaspoons grated fresh ginger', '1 teaspoons fish sauce', '⅛ teaspoon black pepper', '1 &#8211; 1 ¼ lb. pork tenderloin, cut into 3 pieces', '1-2 small jalapeños, thinly sliced, divided', '1 cup shredded carrots (about 3 ounces)', '3 radishes, cut into matchsticks', '⅔ cup rice vinegar', '2 tablespoons hot water', '1 tablespoon cane sugar', '3 cups cooked brown rice', '1 medium English cucumber, thinly sliced (1 heaping cut)', '1 cup fresh cilantro leaves, stems removed', 'Optional: Hot sauce (such as sriracha) and lime wedges', '2 tablespoons mayonnaise', '1 &#8211; 2 teaspoons sriracha or chile-garlic sauce (more or less to taste)', '2 teaspoons rice vinegar, plus more as needed to get a drizzly consistency']",True,9
4e308ab6bbe37fa1522a0642,Easy Slow Cooker Carnitas,therealfooddietitians.com,therealfooddietitians.com,https://therealfooddietitians.com/easy-slow-cooker-carnitas/,5.0,16,0.15,4.6996322001216475,4.85,4.720412059151365,0.25,theoretical_max_variance,0.030000000000000006,4.440412059151365,0.65,schema_only,Jessica Beacom,Desserts | Pork,,0.0,2026-08-19T04:46:36.227580+00:00,71,0.6811898617627115,4.258977446393546,61,75,0.0,0.0,36,,,,,,,,,0,,False,,,,,,,,,,C,,,Raw 5.000; source/category adjustment -0.150; posterior 4.720; uncertainty -0.250 (theoretical_max_variance); evidence -0.030; final 4.440.,https://therealfooddietitians.com/easy-slow-cooker-carnitas/,https://therealfooddietitians.com/wp-content/uploads/2019/08/Slow-Cooker-Carnitas_8-225x225.jpg,"['3 lbs. boneless pork shoulder or butt roast, patted dry (about 3½ lbs. for bone-in)', '4 garlic cloves, minced', '1 medium yellow onion, thinly sliced (about a 1 heaping cup)', '1 tablespoon chili powder', '1 tablespoon ground cumin', '2 teaspoon dried oregano', '⅛ teaspoon ground cinnamon', 'Pinch of chipotle powder (about ⅛ teaspoon), more if you like it spicier', '2 teaspoons fine salt + more to taste', '½\xa0teaspoon black pepper', 'Juice of 2 limes (about ¼ cup)', 'Juice of 1 large orange (⅓ &#8211; ½ cup)', '¾ cup mayonnaise (we like Primal Kitchen Avocado Oil Mayo)', '2 garlic cloves, peeled and smashed', '1 cup fresh cilantro leaves', '½ teaspoon fine salt + more to taste', 'Juice of 1 lime (about 2 tablespoons)']",True,18
3096c73b8f309148f1157f05,Slow Cooker Beef Stew with Root Vegetables,therealfooddietitians.com,therealfooddietitians.com,https://therealfooddietitians.com/slow-cooker-beef-stew/,5.0,16,0.15,4.677616262814447,4.85,4.720412059151365,0.25,theoretical_max_variance,0.030000000000000006,4.440412059151365,0.65,schema_only,Jessica Beacom,Potatoes | Vegetables | Beef,,0.0,2026-08-19T04:46:36.227580+00:00,72,0.6835586162948227,4.258977446393546,62,76,0.0,0.0,36,,,,,,,,,0,,False,,,,,,,,,,C,,,Raw 5.000; source/category adjustment -0.150; posterior 4.720; uncertainty -0.250 (theoretical_max_variance); evidence -0.030; final 4.440.,https://therealfooddietitians.com/slow-cooker-beef-stew/,https://therealfooddietitians.com/wp-content/uploads/2016/01/Slow-Cooker-Beef-Stew-6-225x225.jpg,"['2 lbs. beef stew meat', '1 tablespoon avocado oil or olive oil, divided', '1 medium yellow onion, diced', '12 ounces potatoes (yellow, red, or russet), scrubbed clean and cut into ½-inch pieces (about 2 ¼ cups)', '8 ounces parsnips, peeled and cut into ½-inch pieces (about 2 cups)', '2 large carrots, peeled and cut into ½-inch pieces (about 1 cup)', '4 garlic cloves, minced', '1 (15-ounce) can diced tomatoes, with their liquid', '4 cups beef broth', '1 1/2 teaspoons dried thyme (may substitute 1 tablespoon fresh thyme)', '1 teaspoon dried rosemary (or 1 tablespoon fresh rosemary, chopped)', '8 ounces green beans, trimmed and cut into 1-inch pieces (about 2 cups, may use frozen)', 'Fine salt and black pepper, to taste', '1/4 cup cornstarch, optional for thickening*']",True,11
90d50b5d3a3392d61b4a1635,Slow Cooker Creamy Chicken and Wild Rice Soup,therealfooddietitians.com,therealfooddietitians.com,https://therealfooddietitians.com/slow-cooker-creamy-chicken-wild-rice-soup/,4.9,66,0.15,4.670800948597065,4.75,4.7193723784826735,0.25,theoretical_max_variance,0.030000000000000006,4.439372378482673,0.65,schema_only,Stacie Hassing,Chicken | Vegetables,,0.0,2026-08-19T04:46:36.227580+00:00,73,0.430638640355946,12.295832627357937,41,77,0.0,0.25,36,,,,,,,,,0,,False,,,,,,,,,,B,,,Raw 4.900; source/category adjustment -0.150; posterior 4.719; uncertainty -0.250 (theoretical_max_variance); evidence -0.030; final 4.439.,https://therealfooddietitians.com/slow-cooker-creamy-chicken-wild-rice-soup/,https://therealfooddietitians.com/wp-content/uploads/2019/02/Slow-Cooker-Chicken-Wild-Rice-Soup-7-225x225.jpg,"['1 &#8211; 1 ¼ lbs. boneless skinless chicken breasts, raw', '½ teaspoon salt, plus more to taste', '½ teaspoon black pepper, plus more to taste', '7 &#8211; 8 cups chicken broth (packaged or homemade), use less for thicker soup', '1 cup uncooked wild rice', '4 garlic cloves, minced', '1 small yellow onion, diced (1 ¼ &#8211; 1 ½ cups)', '3-4 carrots, peeled and diced (1 ½ cups)', '2-3 medium celery stalks, diced (~¾ &#8211; 1 cup)', '2 teaspoon\xa0dried rosemary, crushed between your fingers', '1 teaspoon\xa0dried thyme', '¼ &#8211; ½ teaspoon dried sage or poultry seasoning', '2 dried bay leaves', '8 ounces sliced or diced fresh cremini or baby bella mushrooms', '2 cups half and half\xa0(may use unsweetened plain non-dairy creamer or full-fat coconut milk for dairy-free)', '2 tablespoons cornstarch (optional for thickening in Instant Pot)', '¼ cup chopped fresh parsley, optional for garnish']",True,19
93fb7b5b527b0210b58f7ca4,Crockpot Chalupas,pinchofyum.com,pinchofyum.com,https://pinchofyum.com/crockpot-chalupas,4.8,17,-0.033586741413944146,4.63834831055701,4.833586741413944,4.718181649373539,0.25,theoretical_max_variance,0.030000000000000006,4.438181649373539,0.65,schema_only,Lindsay Ostrom,Pork,,0.0,2026-08-19T04:46:36.227580+00:00,74,0.6277287809696341,5.574620066774855,70,88,0.0,0.0,36,,,,,,,,,0,,False,,,,,,,,,,C,,,Raw 4.800; source/category adjustment +0.034; posterior 4.718; uncertainty -0.250 (theoretical_max_variance); evidence -0.030; final 4.438.,https://pinchofyum.com/crockpot-chalupas,https://pinchofyum.com/tachyon/2012/12/crockpot-chalupas-4.jpg?fit=166%2C225,"['1 lb. pork shoulder', '1 lb. dry pinto beans (rinsed)', '6 ounces light beer', '1 15-ounce can fire roasted tomatoes', '6 cloves garlic, minced', '2 jalapeno peppers or other hot chili, minced (ribs and seeds removed to keep it mild)', '2 teaspoons chili powder*', '2 teaspoons cumin*', '1/2 teaspoon cayenne pepper*', '*AND/OR a tablespoon or two of taco seasoning (I used them all)', 'generous pinch or two of salt', '1 1/2 cups water', '3/4 cup shredded cheese (I used Mozzarella)', '12+ flour tortillas']",True,5
defa9c8929b394702c31f07c,Slow Cooker Buffalo Chicken,therealfooddietitians.com,therealfooddietitians.com,https://therealfooddietitians.com/slow-cooker-buffalo-chicken/,4.9,54,0.15,4.663740026531965,4.75,4.715838422153752,0.25,theoretical_max_variance,0.030000000000000006,4.4358384221537515,0.65,schema_only,Stacie Hassing,Chicken | Potatoes,,0.0,2026-08-19T04:46:36.227580+00:00,75,0.46762624210284603,10.815369721938415,51,80,0.0,0.0,36,,,,,,,,,0,,False,,,,,,,,,,B,,,Raw 4.900; source/category adjustment -0.150; posterior 4.716; uncertainty -0.250 (theoretical_max_variance); evidence -0.030; final 4.436.,https://therealfooddietitians.com/slow-cooker-buffalo-chicken/,https://therealfooddietitians.com/wp-content/uploads/2023/11/SLOW-COOKER-BUFFALO-CHICKEN-STUFFED-SWEET-POTATOES-FINALS-5-225x225.jpg,"['2 lbs. boneless chicken breast or thighs (recommend 1 lb. of each)', '1 cup hot pepper sauce (such as Whole30-compatible Frank&#8217;s Red Hot or Sriracha-not Whole30-compatible)', '⅓ cup ghee, coconut oil or butter (butter is not Whole30-compatible)', '3 tablespoons coconut aminos', '1 ½ teaspoon garlic powder', '½ teaspoon cayenne (optional &#8211; adds more heat)', '8 small baked sweet potatoes (about 7 oz. each uncooked)', 'Ranch dressing (homemade or store-bought)']",True,11
15c04ad5ae1236efbab53012,Easy Crock Pot Pulled Pork,kristineskitchenblog.com,kristineskitchenblog.com,https://kristineskitchenblog.com/slow-cooker-bbq-pulled-pork-sandwiches/,5.0,13,0.15,4.6996322001216475,4.85,4.714241204825239,0.25,theoretical_max_variance,0.030000000000000006,4.434241204825239,0.65,schema_only,,Desserts | Pork,,0.0,2026-08-19T04:07:54.568060+00:00,76,0.7143033232531807,3.839668677836091,71,83,0.0,0.0,36,,,,,,,,,0,,False,,57.0,0.0,0.0,0.0,1.0,,,,C,57.0,-19.0,Raw 5.000; source/category adjustment -0.150; posterior 4.714; uncertainty -0.250 (theoretical_max_variance); evidence -0.030; final 4.434.,https://kristineskitchenblog.com/slow-cooker-bbq-pulled-pork-sandwiches/,https://kristineskitchenblog.com/wp-content/uploads/2023/04/crock-pot-pulled-pork-recipe-10-4.jpg,"['2.5-3 pound boneless pork shoulder or pork butt', '1 teaspoon chili powder', '1 teaspoon garlic powder', '½ teaspoon salt', '½ teaspoon black pepper', '1 cup BBQ sauce (store-bought or homemade)', '1 tablespoon apple cider vinegar']",True,5
435f11b61fdeecaebfb89bd7,Crock Pot Turkey Breast,diethood.com,diethood.com,https://diethood.com/slow-cooker-honey-soy-glazed-turkey-breast/,5.0,7,0.03458259664862368,4.716237346494799,4.965417403351377,4.714124872411398,0.25,theoretical_max_variance,0.030000000000000006,4.434124872411398,0.65,schema_only,,Vegetables | Desserts,,0.0,2026-08-19T03:38:50.932867+00:00,77,0.6394629810519546,5.468978169843268,72,90,0.0,0.0,36,,,,,,,,,0,,False,,45.0,6.5,0.0,1.0,2.0,,,,C,58.0,-19.0,Raw 5.000; source/category adjustment -0.035; posterior 4.714; uncertainty -0.250 (theoretical_max_variance); evidence -0.030; final 4.434.,https://diethood.com/slow-cooker-honey-soy-glazed-turkey-breast/,https://diethood.com/wp-content/uploads/2016/11/Slow-Cooker-Honey-Soy-Glazed-Turkey-Breast-Recipe.jpg,"['6 pound skin-on, bone-in turkey breast', '½ cup honey', '1 cup low sodium soy sauce', '¼ cup vegetable oil', '1 teaspoon ground ginger', '1 teaspoon ground cinnamon', '1 teaspoon ground cloves', '1 teaspoon garlic powder', 'salt and fresh ground black pepper, (to taste)', '2 cups liquid from turkey drippings', '¼ cup all-purpose flour']",True,9
9e230ace2d648139b86886bc,Slow Cooker Beef Stew,kristineskitchenblog.com,kristineskitchenblog.com,https://kristineskitchenblog.com/slow-cooker-beef-stew/,4.93,26,0.15,4.677616262814447,4.779999999999999,4.7135157355788175,0.25,theoretical_max_variance,0.030000000000000006,4.433515735578817,0.65,schema_only,,Potatoes | Vegetables | Beef,,0.0,2026-08-19T04:07:54.568060+00:00,78,0.5736386871935134,7.283924461137386,65,87,0.0,0.0,36,,,,,,,,,0,,False,,56.0,0.0,0.0,0.0,1.0,,,,C,56.0,-22.0,Raw 4.930; source/category adjustment -0.150; posterior 4.714; uncertainty -0.250 (theoretical_max_variance); evidence -0.030; final 4.434.,https://kristineskitchenblog.com/slow-cooker-beef-stew/,https://kristineskitchenblog.com/wp-content/uploads/2023/10/slow-cooker-beef-stew-30-3.jpg,"['3 tablespoons all-purpose flour', '1 teaspoon Kosher salt', '½ teaspoon black pepper', '2 pounds boneless chuck roast (cut into 1-inch cubes and trimmed of excess fat, or cubed beef stew meat)', '2 tablespoons olive oil (divided)', '1  yellow onion (chopped)', '4 cloves garlic (minced)', '4 cups low sodium beef broth (divided)', '3 ribs celery (chopped)', '4  medium carrots (cut into ¼-inch rounds or half rounds if large)', '1 ½ pounds Yukon gold potatoes* (about 4 medium, cut into 1-inch pieces)', '3 tablespoons tomato paste', '1 tablespoon Worcestershire sauce', '1  bay leaf', '1 teaspoon dried Italian seasoning', '1 teaspoon dried thyme']",True,8
ad0b4471e4704c6c252eaff2,Slow-Cooked Beef Stroganoff + Giveaway,natashaskitchen.com,natashaskitchen.com,https://natashaskitchen.com/slow-cooked-beef-stroganoff/,4.83,84,0.09651505824489025,4.6851937834929105,4.73348494175511,4.713133813518055,0.25,theoretical_max_variance,0.030000000000000006,4.4331338135180545,0.65,schema_only,,Vegetables | Beef | Breakfast,,0.0,2026-08-19T04:07:54.568060+00:00,79,0.6655802606853559,4.97423919364113,77,94,0.0,0.0,36,,,,,,,,,0,,False,,55.0,0.0,0.0,0.0,1.0,,,,B,55.0,-24.0,Raw 4.830; source/category adjustment -0.097; posterior 4.713; uncertainty -0.250 (theoretical_max_variance); evidence -0.030; final 4.433.,https://natashaskitchen.com/slow-cooked-beef-stroganoff/,https://natashaskitchen.com/wp-content/uploads/2015/05/Slow-Cooker-Beef-Stroganoff-3.jpg,"['1 1/2 lbs beef stew meat', '1 Tbsp vegetable oil', '2 cups sliced fresh mushrooms', '1/2 cup sliced green onions or chopped yellow onion', '2  garlic cloves (minced)', '1/2 tsp dried thyme (crushed)', '1/4 tsp salt', '1/4 tsp freshly ground black pepper', '1/2 tsp smoked paprika or paprika', '1  bay leaf', '1 1/2 cups beef broth', '1/3 cup dry sherry', '8 oz sour cream', '1/3 cup all-purpose flour', '2 tsp snipped fresh dill (plus more for garnish)', '1 lb Cooked egg noodles to serve']",True,5
e95f1762f16823833e4aac6d,Sweet and Savory Slow Cooker Pulled Pork,allrecipes.com,allrecipes.com,https://www.allrecipes.com/recipe/213262/sweet-and-savory-slow-cooker-pulled-pork/,4.6,280,-0.11871500599879986,4.701039275403404,4.718715005998799,4.71268908358683,0.25,theoretical_max_variance,0.030000000000000006,4.43268908358683,0.65,schema_only,strayredbolt,Desserts | Beef | Pork,,0.0,2026-08-19T04:46:36.227580+00:00,80,0.28239324817491757,25.411611519146124,43,133,0.0,0.16666666666666666,36,0.0,0.0,0.0,0.0,0.0,0.0,,,3,2026-08-19T04:46:36.227580+00:00,False,,19.0,16.81930108205715,0.0,1.0,3.0,0.0,0.0,0.0,B,60.0,-20.0,Raw 4.600; source/category adjustment +0.119; posterior 4.713; uncertainty -0.250 (theoretical_max_variance); evidence -0.030; final 4.433.,https://www.allrecipes.com/recipe/213262/sweet-and-savory-slow-cooker-pulled-pork/,https://www.allrecipes.com/thmb/Lcq3E5HwYoczH9W-yfepMq5Z73s=/1500x0/filters:no_upscale():max_bytes(150000):strip_icc()/856712-214efc60deef4de5acacca5c12033bb7.jpg,"['1 (4.5 pound) bone-in pork shoulder roast', '1 cup root beer', '2.5 tablespoons light brown sugar', '2 teaspoons kosher salt', '0.5 teaspoon ground black pepper', '1.5 teaspoons ground paprika', '0.5 teaspoon dry mustard', '0.5 teaspoon onion powder', '0.25 teaspoon garlic salt', '0.25 teaspoon celery salt', '0.25 teaspoon ground cinnamon', '0.25 teaspoon ground ginger', '0.25 teaspoon ground nutmeg', '0.33333334326744 cup balsamic vinegar', '1.5 cups root beer', '1.5 fluid ounces whiskey', '0.25 cup brown sugar', '1 tablespoon olive oil', '0.75 cup prepared barbecue sauce', '10 hamburger buns, split']",True,6
8fb2681ca05241a2c4ad7980,Slow Cooker Shredded Beef for Tacos and Burritos,allrecipes.com,allrecipes.com,https://www.allrecipes.com/recipe/223003/slow-cooker-shredded-beef-for-tacos-and-burritos/,4.7,15,-0.11871500599879986,4.7038534259669165,4.8187150059988,4.711198784522647,0.25,theoretical_max_variance,0.030000000000000006,4.431198784522647,0.65,schema_only,girlcabbie,Beef,,0.0,2026-08-19T02:35:00.249379+00:00,81,0.5661818617363151,7.738791177495933,76,100,0.0,0.0,36,,,,,,,,,0,,False,,32.0,11.841546445554407,0.0,1.0,3.0,,,,C,61.0,-20.0,Raw 4.700; source/category adjustment +0.119; posterior 4.711; uncertainty -0.250 (theoretical_max_variance); evidence -0.030; final 4.431.,https://www.allrecipes.com/recipe/223003/slow-cooker-shredded-beef-for-tacos-and-burritos/,https://www.allrecipes.com/thmb/1ybmIulyZcCvKXfYd7OR-PsNeqs=/1500x0/filters:no_upscale():max_bytes(150000):strip_icc()/Slow-Cooker-Shredded-Beef-for-Tacos-and-Burritos-fabeveryday-226575be57404a258a717fa9376260b6.jpg,"['1 (4 pound) boneless beef chuck roast', '2 (1 ounce) packages taco seasoning', '1 onion, halved and sliced', '1 teaspoon seasoned salt, or more to taste']",True,3
4a0e00277214589aca1d1fec,Healthier Slow-Cooker Chicken Tortilla Soup,allrecipes.com,allrecipes.com,https://www.allrecipes.com/recipe/222096/healthier-slow-cooker-chicken-tortilla-soup/,4.6,208,-0.11871500599879986,4.670800948597065,4.718715005998799,4.711007430820699,0.25,theoretical_max_variance,0.030000000000000006,4.431007430820698,0.65,schema_only,MakeItHealthy,Chicken | Vegetables,,0.0,2026-08-19T02:35:00.249379+00:00,82,0.3308085720181031,20.633542002175865,78,137,0.0,0.0,36,,,,,,,,,0,,False,,22.0,16.87206764645835,0.0,1.0,3.0,,,,B,63.0,-19.0,Raw 4.600; source/category adjustment +0.119; posterior 4.711; uncertainty -0.250 (theoretical_max_variance); evidence -0.030; final 4.431.,https://www.allrecipes.com/recipe/222096/healthier-slow-cooker-chicken-tortilla-soup/,https://www.allrecipes.com/thmb/yPvEUAn--NaErIvyrHd-Bn9F0Gs=/1500x0/filters:no_upscale():max_bytes(150000):strip_icc()/843180-9452d141f16949f0974b0e77bf2f2e25.jpg,"['1 pound boneless, skinless chicken breasts, cut into strips', '1 (15 ounce) can whole peeled tomatoes, mashed', '1 (10 ounce) can enchilada sauce', '1 medium onion, chopped', '2 banana peppers, chopped', '2 cloves garlic, minced', '2 cups water', '1 (14.25 ounce) can reduced-sodium chicken broth', '1 teaspoon cumin', '1 teaspoon chili powder', '1 teaspoon salt', '0.25 teaspoon ground black pepper', '1 bay leaf', '1 (10 ounce) package frozen corn', '1 tablespoon chopped cilantro', '7 corn tortillas', 'vegetable cooking spray']",True,3
ce5b425095c54273271ac7dc,Slow Cooker Omelette,diethood.com,diethood.com,https://diethood.com/slow-cooker-veggie-omelette/,4.86,14,0.03458259664862368,4.675863962255907,4.825417403351377,4.710984992982959,0.25,theoretical_max_variance,0.030000000000000006,4.430984992982959,0.65,schema_only,,Vegetables | Breakfast,,0.0,2026-08-19T03:38:50.932867+00:00,83,0.6820460277683462,4.801620096962645,77,93,0.0,0.0,36,,,,,,,,,0,,False,,46.0,8.0,0.0,1.0,2.0,,,,C,62.0,-21.0,Raw 4.860; source/category adjustment -0.035; posterior 4.711; uncertainty -0.250 (theoretical_max_variance); evidence -0.030; final 4.431.,https://diethood.com/slow-cooker-veggie-omelette/,https://diethood.com/wp-content/uploads/2014/12/Slow-Cooker-Omelette-4.jpg,"['8 large eggs', '½ cup whole milk (or Half &amp; Half)', '¼ cup grated parmesan cheese', 'salt and freshly ground black pepper (to taste)', '½ tablespoon Italian Seasoning', '½ teaspoon garlic powder (or to taste)', '½ teaspoon chili powder (or to taste)', '1 cup chopped broccoli florets', '1 small red bell pepper (diced)', '1  small yellow onion (finely diced)', '2 cloves garlic (minced)', '1 cup shredded cheddar cheese', 'cooked diced red peppers or diced tomatoes (optional)', 'finely diced onions (optional)', 'chopped fresh parsley (optional)']",True,6
12534718ff8fba403e64602e,Crockpot Beef Ramen Recipe,therealfooddietitians.com,therealfooddietitians.com,https://therealfooddietitians.com/crockpot-beef-ramen/,4.9,41,0.15,4.6814061610923865,4.75,4.7109581967471446,0.25,theoretical_max_variance,0.030000000000000006,4.430958196747144,0.65,schema_only,Jessica Beacom,Chicken | Vegetables | Beef | Breakfast,,0.0,2026-08-19T04:46:36.227580+00:00,84,0.4864193570604364,10.98072806734093,57,89,0.0,0.0,36,,,,,,,,,0,,False,,,,,,,,,,C,,,Raw 4.900; source/category adjustment -0.150; posterior 4.711; uncertainty -0.250 (theoretical_max_variance); evidence -0.030; final 4.431.,https://therealfooddietitians.com/crockpot-beef-ramen/,https://therealfooddietitians.com/wp-content/uploads/2025/01/Crockpot-Ramen-with-Beef-4-225x225.jpg,"['Cooking spray', '1 lb lean ground beef', '4-6 green onions, thinly sliced, white and green parts separated', '4 garlic cloves, finely minced', '1 (12-ounce) bag cole slaw mix', '2 cup shredded carrots*', '2 cups low-sodium chicken broth', '⅓ cup low-sodium soy sauce', '1 tablespoon toasted sesame oil', '1 tablespoon rice vinegar', '2 teaspoons pure honey', '2 teaspoons freshly grated ginger', '3 (3-oz) packages of ramen noodles (seasoning packets discarded)', '1 cup shelled edamame, frozen', 'For serving: fresh cilantro, sliced green onions, Sriracha, sesame seeds, chili crisp, hot honey, and/or crushed red pepper flakes']",True,7
141c32ccc31ab13352b5679b,Slow Cooker Cheeseburger Soup with Bacon (easy &amp; delicious),therealfooddietitians.com,therealfooddietitians.com,https://therealfooddietitians.com/slow-cooker-cheeseburger-soup/,5.0,11,0.15,4.6702349523499445,4.85,4.709790096786723,0.25,theoretical_max_variance,0.030000000000000006,4.429790096786722,0.65,schema_only,Stacie Hassing,Chicken | Potatoes | Vegetables | Beef | Pork | Breakfast,,0.0,2026-08-19T04:46:36.227580+00:00,85,0.7216052690165572,4.050891534245545,79,93,0.0,0.0,36,,,,,,,,,0,,False,,,,,,,,,,C,,,Raw 5.000; source/category adjustment -0.150; posterior 4.710; uncertainty -0.250 (theoretical_max_variance); evidence -0.030; final 4.430.,https://therealfooddietitians.com/slow-cooker-cheeseburger-soup/,https://therealfooddietitians.com/wp-content/uploads/2022/02/Slow-Cooker-Cheeseburger-Soup-6-225x225.jpg,"['1 lb. lean ground beef (or bison)', '½ yellow onion, finely diced (1 cup)', '3 garlic cloves, minced', '1 lb. yellow, russet, or Yukon gold potatoes, scrubbed clean and diced (1-2 medium-large potatoes, or 3 cups diced)', '3 medium carrots, peeled and diced (1 ½ cups)', '3 celery stalks, diced (1 cup)', '32 ounces (4 cups) low-sodium chicken broth or beef broth', '2 teaspoons Worcestershire sauce (may substitute low-sodium soy sauce or coconut aminos)', '1 ½ cups whole milk or half and half', '4 ounces cream cheese', '2 cups shredded cheddar cheese', '4 strips bacon, cooked until crisp and chopped', '2 tablespoons cornstarch + ¼ cup cold water, optional to thicken', 'Fine salt and black pepper', 'Optional toppings: Fresh chopped parsley, diced or sliced dill pickles, diced red onion, additional bacon and cheese, a dash of ketchup or mustard, or crusty bread for dunking']",True,7
f29eb79ecad8b01dafee6bfa,Easy Crock Pot Pork Tenderloin,kristineskitchenblog.com,kristineskitchenblog.com,https://kristineskitchenblog.com/crock-pot-pork-tenderloin/,4.95,17,0.15,4.654195802223914,4.8,4.709659640358061,0.25,theoretical_max_variance,0.030000000000000006,4.429659640358061,0.65,schema_only,,Chicken | Pork,,0.0,2026-08-19T04:07:54.568060+00:00,86,0.6310441166350257,6.197557762717683,75,96,0.0,0.0,36,,,,,,,,,0,,False,,59.0,0.0,0.0,0.0,1.0,,,,C,59.0,-27.0,Raw 4.950; source/category adjustment -0.150; posterior 4.710; uncertainty -0.250 (theoretical_max_variance); evidence -0.030; final 4.430.,https://kristineskitchenblog.com/crock-pot-pork-tenderloin/,https://kristineskitchenblog.com/wp-content/uploads/2022/09/crock-pot-pork-tenderloin-22-2.jpg,"['1 tablespoon brown sugar', '2 teaspoons chili powder', '1 teaspoon garlic powder', '1 teaspoon dried thyme', '1 teaspoon salt', '½ teaspoon black pepper', '2  pork tenderloins (about 1 pound each)', '4 teaspoons olive oil (divided)', '1  yellow onion (sliced)']",True,6
14886e8421d8cc14f866f666,Spinach Lasagna Recipe,diethood.com,diethood.com,https://diethood.com/spinach-feta-crock-pot-lasagna/,5.0,6,0.03458259664862368,4.680169321208501,4.965417403351377,4.70963750578747,0.25,theoretical_max_variance,0.030000000000000006,4.42963750578747,0.65,schema_only,,Breakfast,,0.0,2026-08-19T03:38:50.932867+00:00,87,0.6674681053698459,5.330728530573158,78,94,0.0,0.0,36,,,,,,,,,0,,False,,50.0,7.5,0.0,1.0,2.0,,,,C,65.0,-22.0,Raw 5.000; source/category adjustment -0.035; posterior 4.710; uncertainty -0.250 (theoretical_max_variance); evidence -0.030; final 4.430.,https://diethood.com/spinach-feta-crock-pot-lasagna/,https://diethood.com/wp-content/uploads/2014/09/spinach-lasagna-5.jpg,"['4 cups tomato sauce', '12 to 15  no boil lasagna noodles', '32 ounces container light ricotta cheese', '1 cup crumbled feta cheese', 'salt and freshly ground black pepper (to taste, I start with 3/4 teaspoon salt and add more if needed)', '3 to 4  garlic cloves (finely chopped)', '2 teaspoons Italian seasoning (or to taste)', '1 teaspoon dried parsley', '½ teaspoon dried oregano', '2  eggs (lightly beaten)', '8 ounces fresh baby spinach', '2½ cups shredded mozzarella cheese (divided)', '½ cup shredded Parmesan cheese (divided)']",True,7
f63144063c91be6b31ec3bdd,Crockpot French Onion Soup,diethood.com,diethood.com,https://diethood.com/slow-cooker-french-onion-soup/,5.0,6,0.03458259664862368,4.7038534259669165,4.965417403351377,4.70963750578747,0.25,theoretical_max_variance,0.030000000000000006,4.42963750578747,0.65,schema_only,,Beef,,0.0,2026-08-19T03:38:50.932867+00:00,88,0.669529586312879,5.330728530573158,79,95,0.0,0.0,36,,,,,,,,,0,,False,,49.0,8.5,0.0,1.0,2.0,,,,C,66.0,-22.0,Raw 5.000; source/category adjustment -0.035; posterior 4.710; uncertainty -0.250 (theoretical_max_variance); evidence -0.030; final 4.430.,https://diethood.com/slow-cooker-french-onion-soup/,https://diethood.com/wp-content/uploads/2012/11/French-Onion-Soup-4.jpg,"['6  sweet onions (sliced)', '4 tablespoons unsalted butter (melted)', '¼ teaspoon sugar', '½ teaspoon salt', '½ teaspoon fresh ground black pepper', '4 to 6 sprigs fresh thyme', '1  bay leaf', '6 cups low sodium beef broth', '½ cup dry white wine', 'salt and fresh ground black pepper (to taste)', '6 slices french bread (optional)', '1½ cups shredded Gruyere cheese (optional)']",True,7
629678f6e72f1af2273ff06d,Homestyle Kalua Pork with Cabbage in a Slow Cooker,allrecipes.com,allrecipes.com,https://www.allrecipes.com/recipe/222403/homestyle-kalua-pork-with-cabbage-in-a-slow-cooker/,4.6,153,-0.11871500599879986,4.63834831055701,4.718715005998799,4.708919171535992,0.25,theoretical_max_variance,0.030000000000000006,4.428919171535992,0.65,schema_only,Mei,Pork,,0.0,2026-08-19T02:35:00.249379+00:00,89,0.3426986268904058,20.90637196858625,81,140,0.0,0.0,36,,,,,,,,,0,,False,,24.0,17.82008853949821,0.0,1.0,3.0,,,,B,67.0,-22.0,Raw 4.600; source/category adjustment +0.119; posterior 4.709; uncertainty -0.250 (theoretical_max_variance); evidence -0.030; final 4.429.,https://www.allrecipes.com/recipe/222403/homestyle-kalua-pork-with-cabbage-in-a-slow-cooker/,https://www.allrecipes.com/thmb/pukb2p6XmGtOqlymmzm0v-rfJxQ=/1500x0/filters:no_upscale():max_bytes(150000):strip_icc()/1243918-3bcef31695804303ab662a2284827f44.jpg,"['2 tablespoons kosher salt', '2 teaspoons ground black pepper', '0.5 teaspoon ground ginger', '1 (5 pound) bone-in pork shoulder roast', '1 tablespoon soy sauce', '2 teaspoons Worcestershire sauce', '1 teaspoon liquid smoke flavoring', '0.5 large head cabbage, shredded']",True,3
10dcce4520cc77afed57f89b,Creamy Slow Cooker Potato Soup,allrecipes.com,allrecipes.com,https://www.allrecipes.com/recipe/221234/creamy-slow-cooker-potato-soup/,4.6,144,-0.11871500599879986,4.65527612120698,4.718715005998799,4.708464725607305,0.25,theoretical_max_variance,0.030000000000000006,4.428464725607305,0.65,schema_only,Donna,Chicken | Potatoes | Pork,,0.0,2026-08-19T02:35:00.249379+00:00,90,0.3489831558926097,20.520145927572955,84,141,0.0,0.0,36,,,,,,,,,0,,False,,25.0,17.82008853949821,0.0,1.0,3.0,,,,B,68.0,-22.0,Raw 4.600; source/category adjustment +0.119; posterior 4.708; uncertainty -0.250 (theoretical_max_variance); evidence -0.030; final 4.428.,https://www.allrecipes.com/recipe/221234/creamy-slow-cooker-potato-soup/,https://www.allrecipes.com/thmb/u5w_LJicfLatuoW_MoWJZOL-4N4=/1500x0/filters:no_upscale():max_bytes(150000):strip_icc()/5938862-98a0114ce3bd4291a1022fdd7db3489e.jpg,"['3 cups peeled and cubed potatoes', '1 cup chicken stock', '0.5 cup chopped celery', '0.5 cup chopped onion', '1 teaspoon dried parsley', '0.5 teaspoon salt', '1 pinch ground black pepper', '1.5 cups milk', '2 teaspoons all-purpose flour', '1 cup chopped ham', '0.5 (8 ounce) package cream cheese']",True,3
5fd31fd21edf1271c6f34966,Crockpot Creamy Chicken Pot Pasta,allrecipes.com,allrecipes.com,https://www.allrecipes.com/crockpot-creamy-chicken-pot-pasta-recipe-12003202,5.0,5,-0.11871500599879986,4.6739237394675435,5.0,4.708130834618002,0.25,theoretical_max_variance,0.030000000000000006,4.428130834618002,0.65,schema_only,Nicole McLaughlin,Chicken | Vegetables | Breakfast,,0.0,2026-08-19T02:35:00.249379+00:00,91,0.7066004595819158,4.609018936341611,84,98,0.0,0.0,36,,,,,,,,,0,,False,,31.0,13.638181696985855,0.0,1.0,3.0,,,,C,64.0,-27.0,Raw 5.000; source/category adjustment +0.119; posterior 4.708; uncertainty -0.250 (theoretical_max_variance); evidence -0.030; final 4.428.,https://www.allrecipes.com/crockpot-creamy-chicken-pot-pasta-recipe-12003202,https://www.allrecipes.com/thmb/_t-_zGG5PBY0CZgVB-7WW4prvVs=/1500x0/filters:no_upscale():max_bytes(150000):strip_icc()/Crockpot-Creamy-Chicken-Pot-Pasta-Peyton-Beckwith-Beauty-4x3-6dbb40fed8774bb4aa76f6889cf52cf0.jpg,"['2 1/2 cups chicken stock, plus more if needed', '1 10 ounce can cream of chicken', '2 pounds skinless boneless chicken thighs or breasts', '2 cloves garlic, minced', '1/2 teaspoon kosher salt', '1/2 teaspoon ground black pepper', '2 1/2 cups frozen mixed vegetables, thawed', '1/2 cup heavy cream', '8 ounces egg noodles', '1/2 cup grated parmesan cheese, divided', '2 Tablespoons chopped fresh parsley, plus more for garnish if desired']",True,5
f5ae4fad9434c99d6c73ce3f,Classic Slow Cooker Corn Chowder,allrecipes.com,allrecipes.com,https://www.allrecipes.com/recipe/221235/classic-slow-cooker-corn-chowder/,4.6,124,-0.11871500599879986,4.661878248560484,4.718715005998799,4.707286532458857,0.25,theoretical_max_variance,0.030000000000000006,4.427286532458857,0.65,schema_only,Michelle Kline,Potatoes | Vegetables | Pork | Breakfast,,0.0,2026-08-19T02:35:00.249379+00:00,92,0.3616235174762444,19.771437029771565,87,142,0.0,0.0,36,,,,,,,,,0,,False,,26.0,18.184242262647807,0.0,1.0,3.0,,,,B,70.0,-22.0,Raw 4.600; source/category adjustment +0.119; posterior 4.707; uncertainty -0.250 (theoretical_max_variance); evidence -0.030; final 4.427.,https://www.allrecipes.com/recipe/221235/classic-slow-cooker-corn-chowder/,https://www.allrecipes.com/thmb/00gcMAnjDV9iO-ly3mYODWI9pAM=/1500x0/filters:no_upscale():max_bytes(150000):strip_icc()/965096-classic-slow-cooker-corn-chowder-Robert-Owens-4x3-1-760b493796ed425ea28badd0e78286c2.jpg,"['3 cups milk', '2 (14.75 ounce) cans cream-style corn', '2 (10.75 ounce) cans condensed cream of mushroom soup', '2 (4 ounce) cans chopped green chiles', '2 cups frozen corn', '2 cups frozen shredded hash brown potatoes', '2 cups cubed cooked ham', '1 large onion, chopped', '2 tablespoons butter', '2 tablespoons hot sauce', '2 teaspoons dried parsley', '1 teaspoon chili powder', 'salt and ground black pepper to taste']",True,1
f30eea68e1de075fbaee5e21,Chicken Corn Chowder Recipe,therealfooddietitians.com,therealfooddietitians.com,https://therealfooddietitians.com/slow-cooker-chicken-corn-chowder/,4.9,33,0.15,4.674373109806514,4.75,4.707195131373375,0.25,theoretical_max_variance,0.030000000000000006,4.427195131373375,0.65,schema_only,The Real Food Dietitians,Chicken | Potatoes | Vegetables | Pork | Breakfast | Snacks,,0.0,2026-08-19T04:46:36.227580+00:00,93,0.5213399593841014,10.374916331657277,70,97,0.0,0.0,36,,,,,,,,,0,,False,,,,,,,,,,C,,,Raw 4.900; source/category adjustment -0.150; posterior 4.707; uncertainty -0.250 (theoretical_max_variance); evidence -0.030; final 4.427.,https://therealfooddietitians.com/slow-cooker-chicken-corn-chowder/,https://therealfooddietitians.com/wp-content/uploads/2017/09/Slow-Cooker-Chicken-Corn-Chowder-3-e1580762278676-225x225.jpg,"['1\xa0 lb. boneless, skinless chicken breasts or thighs, cut into bite-sized pieces', '1 tablespoon butter, ghee, or cooking oil of choice (for the Instant Pot version only)', '1 lb. red potatoes, cut into ½-inch cubes', '2 large carrots, sliced', '2 celery ribs, sliced', '1 medium yellow onion, diced', '3 cloves garlic, minced', '2 cups corn, fresh or frozen', '4 cups low-sodium chicken broth (or homemade bone broth)', '1 teaspoon dried thyme', '1 teaspoon dried parsley', '¼ teaspoon black pepper', '½ teaspoon fine salt + more to taste', '3 tablespoons cornstarch to thicken, optional (may substitute ¼ cup arrowroot starch)', '½ cup heavy cream*', '4 strips of crispy-cooked bacon, crumbled']",True,18
debc0a24ddc28bc434ee5de9,Slow Cooker Grits and Shrimp,diethood.com,diethood.com,https://diethood.com/slow-cooker-shrimp-and-grits/,4.85,13,0.03458259664862368,4.677614882135899,4.815417403351376,4.707105113453301,0.25,theoretical_max_variance,0.030000000000000006,4.427105113453301,0.65,schema_only,,Pork | Seafood | Breakfast,,0.0,2026-08-19T03:38:50.932867+00:00,94,0.7570182028692906,3.6590830666833583,89,99,0.0,0.0,36,,,,,,,,,0,,False,,51.0,9.0,0.0,0.0,2.0,,,,C,69.0,-25.0,Raw 4.850; source/category adjustment -0.035; posterior 4.707; uncertainty -0.250 (theoretical_max_variance); evidence -0.030; final 4.427.,https://diethood.com/slow-cooker-shrimp-and-grits/,https://diethood.com/wp-content/uploads/2021/09/shrimp-and-grits-7.jpg,"['1 cup stone ground grits', '6 cups water (divided)', '2 cups milk', '½ tablespoon salt (or to taste)', '¼ teaspoon fresh ground black pepper, (or to taste)', '4 tablespoons butter (cubed, divided)', '2 cups sharp shredded cheddar cheese', '6 slices bacon (diced)', '1 pound shrimp (peeled and deveined)', '2 cloves garlic (minced)', '1 tablespoon lemon juice', '4  green onions (thinly sliced)', '2 tablespoons chopped fresh parsley (plus more for garnish)']",True,8
e6d203c38745033e1e9fd962,Slow Cooker Beef and Bean Chili,therealfooddietitians.com,therealfooddietitians.com,https://therealfooddietitians.com/slow-cooker-beef-and-bean-chili/,4.9,31,0.15,4.711604269848006,4.75,4.706138221036914,0.25,theoretical_max_variance,0.030000000000000006,4.426138221036914,0.65,schema_only,Jessica Beacom,Chicken | Desserts | Beef,,0.0,2026-08-19T04:46:36.227580+00:00,95,0.526102952806401,10.358839488840221,72,100,0.0,0.0,36,,,,,,,,,0,,False,,,,,,,,,,C,,,Raw 4.900; source/category adjustment -0.150; posterior 4.706; uncertainty -0.250 (theoretical_max_variance); evidence -0.030; final 4.426.,https://therealfooddietitians.com/slow-cooker-beef-and-bean-chili/,https://therealfooddietitians.com/wp-content/uploads/2020/02/Slow-Cooker-Beef-and-Bean-Chili-7-225x225.jpg,"['Cooking spray', '2 pounds lean ground beef, bison, or turkey', '2 (15-ounce) cans no-salt-added tomato sauce', '1 (14-ounce) can fire-roasted diced or crushed tomatoes', '1 (4-ounce) can diced green chiles', '1 (15-ounce) can kidney beans, drained and rinsed', '1 (15-ounce) can pinto beans, drained and rinsed', '1 (15-ounce) can black beans, drained and rinsed (may substitute 1 ½ cups cooked lentils)', '1 ½ cups low-sodium beef broth (may substitute chicken broth)', '1 medium onion, diced', '1 medium bell pepper, any color, diced', '½ &#8211; 1 small jalapeño pepper, finely diced (seeds and membranes removed for less heat)', '4 cloves garlic, minced', '3 tablespoons chili powder', '1 tablespoon ground cumin', '1 tablespoon cocoa powder', '1 teaspoon smoked paprika', '¼ teaspoon ground cinnamon', '¼ teaspoon fine salt, plus more to taste', '¼ teaspoon ground black pepper']",True,5
3497c437b61dd982c99e54c0,Slow Cooker Potluck Spare Ribs,allrecipes.com,allrecipes.com,https://www.allrecipes.com/recipe/231768/slow-cooker-potluck-spareribs/,4.6,107,-0.11871500599879986,4.63834831055701,4.718715005998799,4.706049054432239,0.25,theoretical_max_variance,0.030000000000000006,4.426049054432239,0.65,schema_only,Maggie Ogier Luke,Pork,,0.0,2026-08-19T02:35:00.249379+00:00,96,0.344406476949639,22.081131965750508,91,149,0.0,0.0,36,,,,,,,,,0,,False,,28.0,18.184242262647807,0.0,1.0,3.0,,,,B,72.0,-24.0,Raw 4.600; source/category adjustment +0.119; posterior 4.706; uncertainty -0.250 (theoretical_max_variance); evidence -0.030; final 4.426.,https://www.allrecipes.com/recipe/231768/slow-cooker-potluck-spareribs/,https://www.allrecipes.com/thmb/nQjXfg46TVw5_Sr_G55J3Ilo5r0=/1500x0/filters:no_upscale():max_bytes(150000):strip_icc()/SlowCookerSpareRibs_231768_DDMFS_4x3_2456-5d6720befcd94be09d722a35640d9b54.jpg,"['6 pounds pork spareribs, cut into serving-size pieces', '1.5 cups ketchup', '0.75 cup packed brown sugar', '0.5 cup vinegar', '0.5 cup honey', '0.33333334326744 cup soy sauce', '1.5 teaspoons ground ginger', '1 teaspoon salt', '0.75 teaspoon ground mustard', '0.5 teaspoon garlic powder', '0.25 teaspoon ground black pepper']",True,3
55cd99d0f24f0fc6e06d13db,Slow Cooker Chicken Tacos,diethood.com,diethood.com,https://diethood.com/slow-cooker-chicken-tacos/,5.0,5,0.03458259664862368,4.670043293890816,4.965417403351377,4.7049869621954,0.25,theoretical_max_variance,0.030000000000000006,4.424986962195399,0.65,schema_only,,Chicken,,0.0,2026-08-19T03:38:50.932867+00:00,97,0.7128041778733187,4.714045207910317,91,106,0.0,0.0,36,,,,,,,,,0,,False,,56.0,8.5,0.0,0.0,2.0,,,,C,73.0,-24.0,Raw 5.000; source/category adjustment -0.035; posterior 4.705; uncertainty -0.250 (theoretical_max_variance); evidence -0.030; final 4.425.,https://diethood.com/slow-cooker-chicken-tacos/,https://diethood.com/wp-content/uploads/2016/12/Slow-Cooker-Salsa-Chicken.jpg,"['2 pounds boneless, skinless chicken breasts', 'salt and fresh ground black pepper (to taste)', '16 ounce jar chunky tomato salsa', '1  whole lime (juiced)', '1 tablespoon chili powder', '1 teaspoon ground cumin', '3 cloves garlic (minced)', '¼ cup chopped fresh cilantro or parsley (plus more for garnish)', '10 to 12  flour tortillas', 'sliced avocado', 'chopped red onions', 'sour cream or nonfat plain yogurt']",True,5
c0d41212cb496452c116c55a,Crockpot Red Curry Lentils,pinchofyum.com,pinchofyum.com,https://pinchofyum.com/crockpot-red-lentil-curry,4.7,44,-0.033586741413944146,4.678943918079802,4.733586741413944,4.70452140985323,0.25,theoretical_max_variance,0.030000000000000006,4.42452140985323,0.65,schema_only,Lindsay Ostrom,,,0.0,2026-08-19T04:46:36.227580+00:00,98,0.7546226322559605,3.8369548110737792,97,111,0.0,0.0,36,,,,,,,,,0,,False,,,,,,,,,,C,,,Raw 4.700; source/category adjustment +0.034; posterior 4.705; uncertainty -0.250 (theoretical_max_variance); evidence -0.030; final 4.425.,https://pinchofyum.com/crockpot-red-lentil-curry,http://pinchofyum.com/tachyon/2013/06/red-lentil-curry-5.jpg?fit=164%2C225,"['4 cups regular brown lentils (I used maasor lentils this time)', '2 onions, diced', '4 cloves garlic, minced', '1 tablespoon minced ginger', '4 tablespoons butter (optional)', '5 tablespoons red curry paste', '1 tablespoon garam masala', '1 1/2 teaspoon turmeric', '2 teaspoon sugar', 'a few good shakes of cayenne pepper', '2 cans tomato puree (29 ounces each)', '1 teaspoon salt plus more to taste', '1/2 cup coconut milk or cream', 'cilantro for garnishing', 'rice for serving']",True,4
7989efba484b71dc68a80ea0,Crockpot Lasagna Soup,diethood.com,diethood.com,https://diethood.com/crockpot-lasagna-soup/,4.84,12,0.03458259664862368,4.670950908429514,4.805417403351377,4.703422657164622,0.25,theoretical_max_variance,0.030000000000000006,4.423422657164622,0.65,schema_only,,Chicken | Vegetables | Beef | Pork,,0.0,2026-08-19T03:38:50.932867+00:00,99,0.7964457762520821,3.0413812651491097,98,108,0.0,0.0,36,,,,,,,,,0,,False,,54.0,11.0,0.0,0.0,2.0,,,,C,76.0,-23.0,Raw 4.840; source/category adjustment -0.035; posterior 4.703; uncertainty -0.250 (theoretical_max_variance); evidence -0.030; final 4.423.,https://diethood.com/crockpot-lasagna-soup/,https://diethood.com/wp-content/uploads/2024/02/crockpot-lasagna-soup-9.jpg,"['1 tablespoon olive oil', '1  yellow onion (diced)', '3 cloves garlic (minced)', '½ pound sweet Italian sausage (casings removed)', '½ pound ground beef', '4  carrots (sliced into rounds)', '28 ounce can diced tomatoes', '28 ounce can crushed tomatoes', '15 ounce can tomato sauce', '3 to 4 cups chicken stock', '2 tablespoons Italian seasoning', '1 teaspoon salt', '½ teaspoon freshly ground black pepper', '8 ounces lasagna noodles (broken into pieces)', '¾ cup ricotta cheese', '¾ cup freshly grated parmesan', '¾ cup shredded mozzarella cheese', '¼ cup chopped fresh parsley']",True,6
f6e886cbe446a6a525c67ad6,Slow-Cooked Texas Cowboy Baked Beans,allrecipes.com,allrecipes.com,https://www.allrecipes.com/slow-cooked-texas-cowboy-baked-beans-recipe-11922567,5.0,4,-0.11871500599879986,4.67412368591081,5.0,4.70272585007389,0.25,theoretical_max_variance,0.030000000000000006,4.42272585007389,0.65,schema_only,Amy Bizzarri,Beef | Pork | Breakfast,,0.0,2026-08-19T02:35:00.249379+00:00,100,0.7298839039775841,4.440970864824743,97,112,0.0,0.0,36,,,,,,,,,0,,False,,34.0,16.779617264870957,0.0,1.0,3.0,,,,C,75.0,-25.0,Raw 5.000; source/category adjustment +0.119; posterior 4.703; uncertainty -0.250 (theoretical_max_variance); evidence -0.030; final 4.423.,https://www.allrecipes.com/slow-cooked-texas-cowboy-baked-beans-recipe-11922567,https://www.allrecipes.com/thmb/GH7OspmkBtYv3QbwXQKyCTF6--4=/1500x0/filters:no_upscale():max_bytes(150000):strip_icc()/11922567-texas-cowboy-baked-beans-pics-4x3_1308-1e6a231d866f479b9737ac7b56034a6d.jpeg,"['1 lb ground beef', '4 (16 oz) cans baked beans with pork', '1 (4 oz) can chopped green chile peppers', '1 small Vidalia onion, chopped', '1 cup barbecue sauce (go for a smoky Texas-style one!)', '½ cup brown sugar', '1 tbsp garlic powder', '1 tbsp chili powder', '3 tbsp hot pepper sauce (adjust to taste)', 'Cooked bacon or sliced smoked sausage for extra richness']",True,4
1b05c6d8c5b93484ebac9248,Salsa Verde Chicken (Crockpot or Instant Pot),therealfooddietitians.com,therealfooddietitians.com,https://therealfooddietitians.com/slow-cooker-chicken-chile-verde/,4.9,25,0.15,4.670043293890816,4.75,4.702629278719868,0.25,theoretical_max_variance,0.030000000000000006,4.422629278719867,0.65,schema_only,The Real Food Dietitians,Chicken,,0.0,2026-08-19T04:46:36.227580+00:00,101,0.5472105840428917,10.012145402238001,78,104,0.0,0.0,36,,,,,,,,,0,,False,,,,,,,,,,C,,,Raw 4.900; source/category adjustment -0.150; posterior 4.703; uncertainty -0.250 (theoretical_max_variance); evidence -0.030; final 4.423.,https://therealfooddietitians.com/slow-cooker-chicken-chile-verde/,https://therealfooddietitians.com/wp-content/uploads/2016/09/Chicken-Chili-Verde-Finals-11-225x225.jpg,"['2 pound boneless, skinless chicken thighs and/or breast (we like to use a pound of each)', '1 (12-ounce) jar Salsa Verde (such as Trader Joe’s)', '1 (4-ounce) can fire-roasted green chiles', '½ teaspoon ground cumin', '½ teaspoon\xa0dried oregano', 'Fine salt and pepper to taste']",True,11
8dfbb82bc10b18989bd8fdd9,Slow Cooker Beef Barbacoa,therealfooddietitians.com,therealfooddietitians.com,https://therealfooddietitians.com/slow-cooker-beef-barbacoa/,5.0,8,0.15,4.7038534259669165,4.85,4.7025378604136225,0.25,theoretical_max_variance,0.030000000000000006,4.422537860413622,0.65,schema_only,The Real Food Dietitians,Beef,,0.0,2026-08-19T04:46:36.227580+00:00,102,0.690450887705391,5.469613027140647,89,106,0.0,0.0,36,,,,,,,,,0,,False,,,,,,,,,,C,,,Raw 5.000; source/category adjustment -0.150; posterior 4.703; uncertainty -0.250 (theoretical_max_variance); evidence -0.030; final 4.423.,https://therealfooddietitians.com/slow-cooker-beef-barbacoa/,https://therealfooddietitians.com/wp-content/uploads/2019/01/Slow-Cooker-Beef-Barbacoa-3-225x225.jpg,"['2 ½ lbs. boneless beef chuck roast, cut into 2-inch cubes and trimmed of fat', '½ cup water', '½ medium yellow onion, quartered', '6 garlic cloves, peeled', '3 tablespoons tomato paste', 'Juice of 1 lime (about 2-3 tablespoons)', '1 tablespoon ground cumin', '1 tablespoon dried oregano', '¾ teaspoon fine salt, plus more to taste', '¼ teaspoon black pepper', 'Pinch of ground cloves', 'Pinch of ground chipotle powder (optional)', '3 bay leaves']",True,5
ef8a30d3bf00966282f79a80,Chicken And Green Chile Stew Recipe,therealfooddietitians.com,therealfooddietitians.com,https://therealfooddietitians.com/slow-cooker-chicken-chile-verde-stew/,4.9,24,0.15,4.663740026531965,4.75,4.701989133837704,0.25,theoretical_max_variance,0.030000000000000006,4.4219891338377035,0.65,schema_only,Jessica Beacom,Chicken | Potatoes,,0.0,2026-08-19T04:46:36.227580+00:00,103,0.5472864667503694,10.174518825641503,79,107,0.0,0.0,36,,,,,,,,,0,,False,,,,,,,,,,C,,,Raw 4.900; source/category adjustment -0.150; posterior 4.702; uncertainty -0.250 (theoretical_max_variance); evidence -0.030; final 4.422.,https://therealfooddietitians.com/slow-cooker-chicken-chile-verde-stew/,https://therealfooddietitians.com/wp-content/uploads/2020/01/Slow-Cooker-Chicken-Chile-Verde-Stew-with-Potatoes-7-e1578329492643-225x225.jpg,"['2 lbs. boneless, skinless chicken thighs or breasts, cut into 1-inch pieces*', '1 (16-ounce) jar salsa verde (such as Trader Joe’s, Late July, or Herdez)', '2 (4-ounce) cans diced green chiles', '1 medium yellow onion, diced', '3 garlic cloves, minced', '1½ lbs. red potatoes, cut into 1-inch pieces', '1 teaspoon ground cumin', '1 teaspoon dried oregano', '1 teaspoon fine salt', '½ teaspoon black pepper', '1 ½ cups low sodium chicken broth', 'Optional toppings: avocado, jalapeños, warm tortillas, fresh cilantro, lime wedges, sour cream, shredded cheese']",True,3
bef86527a7a6a7c51698da94,Crockpot Chicken and Potatoes,kristineskitchenblog.com,kristineskitchenblog.com,https://kristineskitchenblog.com/crockpot-chicken-and-potatoes/,4.93,14,0.15,4.666346218789081,4.779999999999999,4.701049935999845,0.25,theoretical_max_variance,0.030000000000000006,4.421049935999845,0.65,schema_only,,Chicken | Potatoes | Vegetables,,0.0,2026-08-19T04:07:54.568060+00:00,104,0.5638500359754623,9.591663046625438,84,111,0.0,0.0,36,,,,,,,,,0,,False,,74.0,0.0,0.0,0.0,1.0,,,,C,74.0,-30.0,Raw 4.930; source/category adjustment -0.150; posterior 4.701; uncertainty -0.250 (theoretical_max_variance); evidence -0.030; final 4.421.,https://kristineskitchenblog.com/crockpot-chicken-and-potatoes/,https://kristineskitchenblog.com/wp-content/uploads/2020/01/crockpot-chicken-and-potatoes-1200-1345.jpg,"['1 tablespoon olive oil', '6  bone-in skin-on chicken thighs (about 3 pounds)', 'salt and pepper', '1  yellow onion (chopped)', '4 cloves garlic (minced)', '1 teaspoon dried thyme', '½ teaspoon dried rosemary', '1 tablespoon tomato paste', '¼ cup all purpose flour', '1 cup low sodium chicken broth', '4 large carrots (halved lengthwise and cut into ½-inch pieces)', '1 ½ pounds baby potatoes (halved or quartered as needed to make ¾-inch pieces)', '2  bay leaves', 'chopped fresh parsley (optional, for serving)']",True,5
6f5fa5a6bc180caec544a138,Crockpot Honey Garlic Chicken,diethood.com,diethood.com,https://diethood.com/crock-pot-honey-garlic-chicken/,4.7,465,0.03458259664862368,4.675106307549658,4.665417403351377,4.666730657208506,0.2159197981272236,theoretical_max_variance,0.030000000000000006,4.420810859081282,0.65,schema_only,,Chicken | Breakfast,,0.0,2026-08-19T03:38:50.932867+00:00,105,0.14433872738493106,74.10184433152345,36,197,0.0,0.25,36,,,,,,,,,0,,False,,41.0,19.0,0.0,1.0,2.0,,,,B,79.0,-26.0,Raw 4.700; source/category adjustment -0.035; posterior 4.667; uncertainty -0.216 (theoretical_max_variance); evidence -0.030; final 4.421.,https://diethood.com/crock-pot-honey-garlic-chicken/,https://diethood.com/wp-content/uploads/2015/09/Crock-Pot-Honey-Garlic-Chicken-Recipe-1.jpg,"['6  boneless (, skinless chicken thighs*)', '4  garlic cloves (, minced)', '1/3 cup honey', '1/2 cup low sodium ketchup', '1/2 cup low sodium soy sauce', '1/2 teaspoon dried oregano', '2 tablespoons fresh parsley', '1/2 tablespoon toasted sesame seeds']",True,5
61fb6db5a05bdbf785bb2167,Chicken Stroganoff,diethood.com,diethood.com,https://diethood.com/crock-pot-chicken-stroganoff-recipe/,5.0,4,0.03458259664862368,4.6739237394675435,4.965417403351377,4.700164176248067,0.25,theoretical_max_variance,0.030000000000000006,4.420164176248067,0.65,schema_only,,Chicken | Vegetables | Breakfast,,0.0,2026-08-19T03:38:50.932867+00:00,106,0.823998361422025,2.6912925436591904,104,113,0.0,0.0,36,,,,,,,,,0,,False,,59.0,10.5,0.0,0.0,2.0,,,,C,80.0,-26.0,Raw 5.000; source/category adjustment -0.035; posterior 4.700; uncertainty -0.250 (theoretical_max_variance); evidence -0.030; final 4.420.,https://diethood.com/crock-pot-chicken-stroganoff-recipe/,https://diethood.com/wp-content/uploads/2016/02/Crock-Pot-Chicken-Stroganoff-e1525556125510.jpg,"['1 large yellow onion, (sliced)', '1 clove garlic, (minced)', '8 ounces sliced mushrooms', '1 pound skinless, boneless chicken breasts, (cubed)', 'salt and freshly ground black pepper, (to taste)', '1 cup chicken broth', '1 tablespoon Worcestershire sauce', '1 teaspoon Dijon mustard', '¼ cup dry white wine', '3 tablespoons all-purpose flour', '1  bay leaf', '4 cups egg noodles', '¼ cup non-fat plain yogurt', 'chopped fresh parsley, (for garnish)']",True,8
1286e2e45c414f0577482a65,Crockpot Chicken Noodle Soup,kristineskitchenblog.com,kristineskitchenblog.com,https://kristineskitchenblog.com/crockpot-chicken-noodle-soup/,5.0,7,0.15,4.6739237394675435,4.85,4.69995080533316,0.25,theoretical_max_variance,0.030000000000000006,4.419950805333159,0.65,schema_only,,Chicken | Vegetables | Breakfast,,0.0,2026-08-19T04:07:54.568060+00:00,107,0.7179653263297394,4.988876515698588,96,113,0.0,0.0,36,,,,,,,,,0,,False,,77.0,0.0,0.0,0.0,1.0,,,,C,77.0,-30.0,Raw 5.000; source/category adjustment -0.150; posterior 4.700; uncertainty -0.250 (theoretical_max_variance); evidence -0.030; final 4.420.,https://kristineskitchenblog.com/crockpot-chicken-noodle-soup/,https://kristineskitchenblog.com/wp-content/uploads/2023/09/crockpot-chicken-noodle-soup-recipe-5558-2.jpg,"['1 pound boneless skinless chicken breasts', '1 cup chopped onion', '4  large carrots (peeled and chopped, about 2 cups)', '3  ribs celery (chopped, about 2 cups)', '3 cloves garlic (minced)', '4 sprigs fresh thyme (or 1 teaspoon dried thyme, or 3 sprigs fresh rosemary (see note))', '1  bay leaf', '½ teaspoon salt', '¼ teaspoon black pepper', '8 cups chicken stock (or low sodium chicken broth)', '7 ounces egg noodles (about 3 cups)', 'fresh parsley (optional, for serving)']",True,6
6ec380331b27b62488ed5365,Easy Crockpot Lasagna,kristineskitchenblog.com,kristineskitchenblog.com,https://kristineskitchenblog.com/easy-slow-cooker-lasagna/,5.0,7,0.15,4.7038534259669165,4.85,4.69995080533316,0.25,theoretical_max_variance,0.030000000000000006,4.419950805333159,0.65,schema_only,,Beef,,0.0,2026-08-19T04:07:54.568060+00:00,108,0.7195507815630778,4.988876515698588,97,114,0.0,0.0,36,,,,,,,,,0,,False,,78.0,0.0,0.0,0.0,1.0,,,,C,78.0,-30.0,Raw 5.000; source/category adjustment -0.150; posterior 4.700; uncertainty -0.250 (theoretical_max_variance); evidence -0.030; final 4.420.,https://kristineskitchenblog.com/easy-slow-cooker-lasagna/,https://kristineskitchenblog.com/wp-content/uploads/2025/09/crockpot-lasagna-14-2.jpg,"['1 tablespoon olive oil', '1  medium yellow onion (diced)', '1 pound lean ground beef (or ground turkey)', 'salt and pepper', '4 cloves garlic (minced)', '2 (24 ounces each) jars marinara sauce (about 5 1/2 cups total*)', '10  lasagna noodles (uncooked, whole wheat or white (NOT no boil noodles))', '10 ounces mozzarella cheese (shredded, 2 1/2 cups)', 'grated Parmesan cheese (for serving)', 'fresh chopped parsley or basil (for serving, if desired)']",True,8
24e2fc1e09c49595e032be21,Crock Pot Baked Beans with Bacon,therealfooddietitians.com,therealfooddietitians.com,https://therealfooddietitians.com/slow-cooker-baked-beans-bacon/,5.0,7,0.15,4.693144573817265,4.85,4.69995080533316,0.25,theoretical_max_variance,0.030000000000000006,4.419950805333159,0.65,schema_only,Jessica Beacom,Desserts | Pork | Breakfast,,0.0,2026-08-19T04:46:36.227580+00:00,109,0.7522224268155828,4.249182927993988,98,113,0.0,0.0,36,,,,,,,,,0,,False,,,,,,,,,,C,,,Raw 5.000; source/category adjustment -0.150; posterior 4.700; uncertainty -0.250 (theoretical_max_variance); evidence -0.030; final 4.420.,https://therealfooddietitians.com/slow-cooker-baked-beans-bacon/,https://therealfooddietitians.com/wp-content/uploads/2019/05/Slow-Cooker-Baked-Beans-with-Bacon-8-225x225.jpg,"['3 slices bacon, chopped', '½ medium yellow onion, diced', '2 (15-ounce) cans Great Northern beans, drained and rinsed', '½ cup no-sugar-added ketchup', '2 tablespoons pure maple syrup (or 1 tablespoon, if your ketchup has added sugar)', '2 tablespoons yellow or Dijon mustard', '1 tablespoon molasses', '1 tablespoon apple cider vinegar', '1 cup water']",True,3
c2ba9c5907c41cb66e166ffa,Slow Cooker Tuscan Chicken,allrecipes.com,allrecipes.com,https://www.allrecipes.com/recipe/8420617/slow-cooker-tuscan-chicken/,4.6,52,-0.11871500599879986,4.670043293890816,4.718715005998799,4.699219374665957,0.25,theoretical_max_variance,0.030000000000000006,4.419219374665957,0.65,schema_only,Bibi,Chicken,,0.0,2026-08-19T02:35:00.249379+00:00,110,0.3873576438710152,20.560716319125547,104,154,0.0,0.0,36,,,,,,,,,0,,False,,30.0,22.065558884580486,0.0,1.0,3.0,,,,B,84.0,-26.0,Raw 4.600; source/category adjustment +0.119; posterior 4.699; uncertainty -0.250 (theoretical_max_variance); evidence -0.030; final 4.419.,https://www.allrecipes.com/recipe/8420617/slow-cooker-tuscan-chicken/,https://www.allrecipes.com/thmb/uAvqEaVfcwntcEdF4pjjd77UAw4=/1500x0/filters:no_upscale():max_bytes(150000):strip_icc()/Slow-Cooker-Tuscan-Chicken-4x3-1-f86a87652bd34f5aa585b505f8e3aff9.jpg,"['cooking spray', '2.2 pounds boneless, skinless chicken thighs', '2 teaspoons dried Italian herb seasoning', '1 teaspoon crushed red pepper flakes', '1 teaspoon salt, or to taste', '1 teaspoon freshly ground black pepper', '1 cup chopped sun-dried tomatoes', '0.5 cup pitted and halved Castelvetrano olives', '0.25 cup olive oil', '1 cup sliced onion', '8 cloves garlic, minced', '1.5 cups heavy cream', '2 cups torn fresh spinach', '2 tablespoons cornstarch', '2 tablespoons water']",True,10
687946aff81900dd65b3c525,Chicken Enchilada Soup,diethood.com,diethood.com,https://diethood.com/crock-pot-chicken-enchilada-soup/,4.8,15,0.03458259664862368,4.699362832298576,4.7654174033513765,4.698899337757858,0.25,theoretical_max_variance,0.030000000000000006,4.418899337757858,0.65,schema_only,,Chicken | Snacks,,0.0,2026-08-19T03:38:50.932867+00:00,111,0.8194285203116154,2.8867513459481287,108,119,0.0,0.0,36,,,,,,,,,0,,False,,58.0,12.5,0.0,0.0,2.0,,,,C,83.0,-28.0,Raw 4.800; source/category adjustment -0.035; posterior 4.699; uncertainty -0.250 (theoretical_max_variance); evidence -0.030; final 4.419.,https://diethood.com/crock-pot-chicken-enchilada-soup/,https://diethood.com/wp-content/uploads/2019/02/Chicken-Enchilada-Soup-1.jpg,"['½ tablespoon olive oil', '1 small yellow onion (finely chopped)', '4 cloves garlic (minced)', '¾ teaspoon salt', '½ teaspoon  freshly ground black pepper', '1 tablespoon chili powder', '2 teaspoons ground cumin', '1 teaspoon sweet paprika', '1 teaspoon garlic powder', '19 ounces can of red enchilada sauce', '15 ounces can of corn (rinsed and drained)', '15 ounces can of black beans or red kidney beans ( rinsed and drained)', '28 ounces canned diced tomatoes', '4 cups low sodium chicken broth', '1.5 pounds boneless, skinless chicken breasts', '1  bay leaf', '⅓ cup shredded cheddar cheese (plus more for serving)', '¼ cup heavy cream (or to taste)', 'sour cream (for serving)', 'fresh chopped cilantro or parsley (for serving)', 'sliced lime (for serving)', 'other toppings may include sliced avocados and crushed tortilla chips']",True,9
12ee16b0321266440917781c,Fast and Easy Slow-Cooked Short Ribs,allrecipes.com,allrecipes.com,https://www.allrecipes.com/recipe/237049/fast-and-easy-slow-cooked-short-ribs/,4.6,45,-0.11871500599879986,4.7038534259669165,4.718715005998799,4.697782854462485,0.25,theoretical_max_variance,0.030000000000000006,4.417782854462485,0.65,schema_only,Susan Gartin,Beef,,0.0,2026-08-19T02:35:00.249379+00:00,112,0.41319823421412016,18.745925483214272,111,156,0.0,0.0,36,,,,,,,,,0,,False,,33.0,21.249836600678968,0.0,1.0,3.0,,,,C,85.0,-27.0,Raw 4.600; source/category adjustment +0.119; posterior 4.698; uncertainty -0.250 (theoretical_max_variance); evidence -0.030; final 4.418.,https://www.allrecipes.com/recipe/237049/fast-and-easy-slow-cooked-short-ribs/,https://www.allrecipes.com/thmb/lOmgZ_3AZebtRX-A4WAkidcrduU=/1500x0/filters:no_upscale():max_bytes(150000):strip_icc()/1946766-fast-and-easy-slow-cooked-short-ribs-Rebekah-Rose-Hills-4x3-1-04783002aa474d118009ee6902319e7f.jpg,"['3 pounds beef short ribs, or more to taste', '1 (10.5 ounce) can condensed French onion soup', 'salt and ground black pepper to taste', '1 (12 ounce) bottle chili sauce', '2 tablespoons chopped fresh rosemary, or more to taste']",True,2
34a85abdf43bfd6a42e42801,Slow Cooker Teriyaki Pork Tenderloin,allrecipes.com,allrecipes.com,https://www.allrecipes.com/recipe/165025/slow-cooker-teriyaki-pork-tenderloin/,4.5,734,-0.11871500599879986,4.654195802223914,4.6187150059988,4.622556135595802,0.17500000000000002,theoretical_max_variance,0.030000000000000006,4.4175561355958015,0.65,schema_only,Teri Carrillo-Fox,Chicken | Pork,,0.0,2026-08-19T04:46:36.227580+00:00,113,0.14129178876903245,80.83144327687229,39,225,0.0,0.16666666666666666,36,0.0,0.0,0.0,0.0,0.0,0.0,,,3,2026-08-19T04:46:36.227580+00:00,False,,18.0,28.24889378365107,0.0,1.0,3.0,0.0,0.0,0.0,B,87.0,-26.0,Raw 4.500; source/category adjustment +0.119; posterior 4.623; uncertainty -0.175 (theoretical_max_variance); evidence -0.030; final 4.418.,https://www.allrecipes.com/recipe/165025/slow-cooker-teriyaki-pork-tenderloin/,https://www.allrecipes.com/thmb/izC5tNyUYbj605LEH120AekPghI=/1500x0/filters:no_upscale():max_bytes(150000):strip_icc()/165025-slow-cooker-teriyaki-pork-tenderloin-VAT-Beauty-4x3-f0a5ab6ea43d41dcb0dab0d0bdbfe5a4.jpg,"['2 tablespoons olive oil', '2 pounds pork tenderloin', '1 cup chicken broth', '0.5 cup teriyaki sauce', '0.25 cup brown sugar', '0.5 large onion, sliced', '4 cloves garlic, chopped', '3 fresh red chile peppers, chopped, or to taste', '0.25 teaspoon black pepper']",True,4
b7d8a4ac08150a72f2c62d9d,Honey BBQ Slow Cooker Chicken Taquitos,kristineskitchenblog.com,kristineskitchenblog.com,https://kristineskitchenblog.com/honey-bbq-slow-cooker-chicken-taquitos/,5.0,6,0.15,4.719880584761145,4.85,4.697271355428395,0.25,theoretical_max_variance,0.030000000000000006,4.417271355428395,0.65,schema_only,,Chicken | Desserts | Snacks,,0.0,2026-08-19T04:07:54.568060+00:00,114,0.7434196689902871,4.624812308503869,103,118,0.0,0.0,36,,,,,,,,,0,,False,,82.0,0.0,0.0,0.0,1.0,,,,C,82.0,-32.0,Raw 5.000; source/category adjustment -0.150; posterior 4.697; uncertainty -0.250 (theoretical_max_variance); evidence -0.030; final 4.417.,https://kristineskitchenblog.com/honey-bbq-slow-cooker-chicken-taquitos/,https://kristineskitchenblog.com/wp-content/uploads/2016/05/slow-cooker-honey-bbq-chicken-taquitos-1200-7026.jpg,"['½ cup ketchup', '¼ cup honey', '2 tablespoons molasses', '1 tablespoon apple cider vinegar', '1 teaspoon chili powder', '½ teaspoon paprika', '½ teaspoon garlic powder', '½ teaspoon salt', '¼ teaspoon ground black pepper', '2 pounds boneless, skinless chicken breasts', '2 teaspoons cornstarch', '4 ounces cream cheese (cut into cubes and softened)', '4 ounces (1 cup) shredded Monterey jack cheese', '½ cup chopped fresh cilantro', '18  small whole grain tortillas', 'cooking spray', 'kosher salt']",True,8
fbd0ddd1619e0eb1b095f79e,Easy Crockpot Mashed Potatoes,kristineskitchenblog.com,kristineskitchenblog.com,https://kristineskitchenblog.com/crock-pot-mashed-potatoes/,5.0,6,0.15,4.666346218789081,4.85,4.697271355428395,0.25,theoretical_max_variance,0.030000000000000006,4.417271355428395,0.65,schema_only,,Chicken | Potatoes | Vegetables,,0.0,2026-08-19T04:07:54.568060+00:00,115,0.7448352992690588,4.624812308503869,104,119,0.0,0.0,36,,,,,,,,,0,,False,,81.0,0.0,0.0,0.0,1.0,,,,C,81.0,-34.0,Raw 5.000; source/category adjustment -0.150; posterior 4.697; uncertainty -0.250 (theoretical_max_variance); evidence -0.030; final 4.417.,https://kristineskitchenblog.com/crock-pot-mashed-potatoes/,https://kristineskitchenblog.com/wp-content/uploads/2024/10/crockpot-mashed-potatoes-13-2.jpg,"['5 pounds Russet or Yukon gold potatoes (peeled and cut into 1-inch pieces)', '1 cup low sodium chicken broth (or vegetable broth)', '½ cup unsalted butter (at room temperature, cut into 8 pieces)', '1 teaspoon salt (or to taste)', '½ teaspoon pepper (or to taste)', '1 cup whole milk (warmed, plus more as needed to make potatoes creamy)', 'chopped fresh chives (for serving, if desired)']",True,5
180e293c17d31c29b077b44c,Slow Cooker Cowboy Beans (Reduced Sugar Recipe),therealfooddietitians.com,therealfooddietitians.com,https://therealfooddietitians.com/slow-cooker-cowboy-beans/,5.0,6,0.15,4.695821786854678,4.85,4.697271355428395,0.25,theoretical_max_variance,0.030000000000000006,4.417271355428395,0.65,schema_only,Jess Beacom,Desserts | Beef | Pork | Breakfast,,0.0,2026-08-19T04:46:36.227580+00:00,116,0.7761286817236003,3.92286743197994,105,119,0.0,0.0,36,,,,,,,,,0,,False,,,,,,,,,,C,,,Raw 5.000; source/category adjustment -0.150; posterior 4.697; uncertainty -0.250 (theoretical_max_variance); evidence -0.030; final 4.417.,https://therealfooddietitians.com/slow-cooker-cowboy-beans/,https://therealfooddietitians.com/wp-content/uploads/2022/04/Slow-Cooker-Cowboy-Beans-6-1-225x225.jpg,"['Nonstick cooking spray', '1 lb. lean ground beef', '1 medium onion, diced', '1 medium bell pepper, diced (any color)', '12 ounces uncooked bacon, chopped', '3 garlic cloves, minced', '1 (14-ounce) can pinto beans, drained and rinsed', '1 (14-ounce) can cannellini beans, drained and rinsed (may substitute kidney beans)', '1 (14-ounce) can black eyed peas or navy beans, drained and rinsed', '1 cup no-sugar-added ketchup', '½ cup water or broth', '¼ cup pure maple syrup', '2 tablespoons Dijon mustard', '3 tablespoons apple cider vinegar', '1 teaspoon smoked paprika (or substitute chili powder)', '¾ teaspoon fine salt, plus more to taste', '½ teaspoon black pepper, plus more to taste', 'Optional for serving: chopped fresh parsley']",True,7
042fae5d868a69042e26c09e,Slow Cooker Creamy Chicken Pasta,diethood.com,diethood.com,https://diethood.com/slow-cooker-creamy-chicken-pasta/,4.86,7,0.03458259664862368,4.6739237394675435,4.825417403351377,4.696931889955258,0.25,theoretical_max_variance,0.030000000000000006,4.416931889955258,0.65,schema_only,,Chicken | Vegetables | Breakfast,,0.0,2026-08-19T03:38:50.932867+00:00,117,0.790252216001982,3.636237371545238,112,125,0.0,0.0,36,,,,,,,,,0,,False,,61.0,12.5,0.0,0.0,2.0,,,,C,86.0,-31.0,Raw 4.860; source/category adjustment -0.035; posterior 4.697; uncertainty -0.250 (theoretical_max_variance); evidence -0.030; final 4.417.,https://diethood.com/slow-cooker-creamy-chicken-pasta/,https://diethood.com/wp-content/uploads/2013/01/creamy-chicken-pasta-recipe-1.jpg,"['1½ pounds boneless, skinless chicken breasts, (cut into 1-inch cubes)', '2 cups low sodium chicken broth', '1 cup heavy cream', '4 tablespoons butter, (room temperature)', '2 small yellow onions, (thinly sliced)', '1 large carrot, (cut into thin rounds)', '2 large fresh tomatoes, (diced)', '½ teaspoon Italian seasoning', '½ teaspoon garlic powder', '¼ teaspoon dried thyme', '¾ teaspoon salt, (or to taste)', '¼ teaspoon freshly ground black pepper, (or to taste)', '¾ pound egg noodles', '⅓ cup grated parmesan cheese', '1 tablespoon chopped fresh parsley, (for garnish)']",True,5
9663efec40420696564d6c9a,Crockpot Chocolate Peanut Clusters,therealfooddietitians.com,therealfooddietitians.com,https://therealfooddietitians.com/crockpot-peanut-clusters/,4.9,16,0.15,4.728682370706334,4.75,4.696169634908941,0.25,theoretical_max_variance,0.030000000000000006,4.4161696349089405,0.65,schema_only,Stacie Hassing,Snacks,,0.0,2026-08-19T04:46:36.227580+00:00,118,0.5331024447597845,12.086206554948864,91,124,0.0,0.0,36,,,,,,,,,0,,False,,,,,,,,,,C,,,Raw 4.900; source/category adjustment -0.150; posterior 4.696; uncertainty -0.250 (theoretical_max_variance); evidence -0.030; final 4.416.,https://therealfooddietitians.com/crockpot-peanut-clusters/,https://therealfooddietitians.com/wp-content/uploads/2022/12/Peanut-Clusters-3-225x225.jpg,"['1 (16-ounce) can salted cocktail peanuts', '1 (10-ounce) bag semi-sweet chocolate chips', '¾ cup natural creamy peanut butter', '1 ½ cups dried cranberries', 'Flaky sea salt for garnish']",True,6
6ced118a697467b1963a6374,Easy Slow Cooker Taco Pasta,kristineskitchenblog.com,kristineskitchenblog.com,https://kristineskitchenblog.com/easy-slow-cooker-taco-pasta/,4.86,61,0.15,4.686948359928866,4.71,4.696010773909821,0.25,theoretical_max_variance,0.030000000000000006,4.416010773909821,0.65,schema_only,,Chicken | Beef,,0.0,2026-08-19T04:07:54.568060+00:00,119,0.3360729157333537,27.46007202385958,73,147,0.0,0.0,36,,,,,,,,,0,,False,,71.0,0.0,0.0,0.0,1.0,,,,B,71.0,-48.0,Raw 4.860; source/category adjustment -0.150; posterior 4.696; uncertainty -0.250 (theoretical_max_variance); evidence -0.030; final 4.416.,https://kristineskitchenblog.com/easy-slow-cooker-taco-pasta/,https://kristineskitchenblog.com/wp-content/uploads/2025/04/crockpot-taco-pasta-45-2.jpg,"['1 pound lean ground beef', 'salt and pepper', '1  bell pepper (chopped)', '15 ounce can crushed tomatoes', '1 cup jarred salsa (I used mild)', '15 ounce can corn (drained)', '3 tablespoons taco seasoning', '2 ½ cups water or low sodium chicken broth (I used one 14.5 ounce can chicken broth plus enough water to total 2 ½ cups)', '12 ounces shell pasta shapes (uncooked) (whole wheat or white)', '1 cup shredded cheddar cheese']",True,5
8dcb38c4069e079df1c2df08,Copycat Olive Garden Zuppa Toscana (Crockpot Directions),therealfooddietitians.com,therealfooddietitians.com,https://therealfooddietitians.com/copycat-olive-garden-zuppa-toscana-in-the-crockpot/,4.9,15,0.15,4.6819302567683945,4.75,4.695341475446002,0.25,theoretical_max_variance,0.030000000000000006,4.415341475446001,0.65,schema_only,Jessica Beacom,Chicken | Potatoes | Vegetables | Snacks,,0.0,2026-08-19T04:46:36.227580+00:00,120,0.5411010214611293,11.873172373979173,95,128,0.0,0.0,36,,,,,,,,,0,,False,,,,,,,,,,C,,,Raw 4.900; source/category adjustment -0.150; posterior 4.695; uncertainty -0.250 (theoretical_max_variance); evidence -0.030; final 4.415.,https://therealfooddietitians.com/copycat-olive-garden-zuppa-toscana-in-the-crockpot/,https://therealfooddietitians.com/wp-content/uploads/2022/08/Slow-Cooker-Zuppa-Toscana-10-225x225.jpg,"['1 ½ teaspoons dried Italian seasoning', '1 teaspoon dried oregano', '1 teaspoon garlic powder', '¾ teaspoon fennel seeds, lightly crushed', '1 teaspoon fine salt', '¼ teaspoon black pepper', '⅛ &#8211; ¼ teaspoon red pepper flakes, plus more for serving', '2 teaspoons avocado oil or olive oil', '1 lb. lean ground turkey (we recommend 93/7)', '1 large yellow onion, diced', '4 garlic cloves, minced', '1 lb. small red or Yukon Gold potatoes, scrubbed clean and halved (or cut into 1-inch pieces if large)', '8 oz. button or cremini mushrooms, caps and stems sliced', '4 cups low-sodium chicken broth', '4 cups fresh kale, washed and torn into bite-sized pieces (1 small bunch)', '¾ cups half-and-half', '3 tablespoons cornstarch', 'Grated or shredded Parmesan cheese for serving', 'Optional: Chopped fresh parsley and red pepper flakes for garnish']",True,7
34b9dcb50ed9ccded2deba94,Crock Pot Hot Chocolate,diethood.com,diethood.com,https://diethood.com/slow-cooker-hot-chocolate/,5.0,3,0.03458259664862368,4.678943918079802,4.965417403351377,4.695159398378193,0.25,theoretical_max_variance,0.030000000000000006,4.415159398378193,0.65,schema_only,,,,0.0,2026-08-19T03:38:50.932867+00:00,121,0.7137650893809183,5.654398484562458,116,135,0.0,0.0,36,,,,,,,,,0,,False,,69.0,12.5,0.0,0.0,2.0,,,,C,94.0,-27.0,Raw 5.000; source/category adjustment -0.035; posterior 4.695; uncertainty -0.250 (theoretical_max_variance); evidence -0.030; final 4.415.,https://diethood.com/slow-cooker-hot-chocolate/,https://diethood.com/wp-content/uploads/2018/12/Slow-Cooker-Creamy-Hot-Chocolate-7.jpg,"['3 cups 2% milk', '1/2 teaspoon pure vanilla extract', '2 tablespoons good quality cocoa powder', '1 cup chopped dark chocolate (I used 71% cocoa)', '3 tablespoons 2% milk', '1 1/2 tablespoons cornstarch', 'whipped cream (for serving (optional))', 'chocolate shavings (for garnish (optional))']",True,10
36a7db365cb057d3834ed395,Honey Glazed Ham,diethood.com,diethood.com,https://diethood.com/slow-cooker-honey-mustard-glazed-ham/,5.0,3,0.03458259664862368,4.6996322001216475,4.965417403351377,4.695159398378193,0.25,theoretical_max_variance,0.030000000000000006,4.415159398378193,0.65,schema_only,,Desserts | Pork,,0.0,2026-08-19T03:38:50.932867+00:00,122,0.715206759400998,5.654398484562458,117,136,0.0,0.0,36,,,,,,,,,0,,False,,68.0,13.5,0.0,0.0,2.0,,,,C,95.0,-27.0,Raw 5.000; source/category adjustment -0.035; posterior 4.695; uncertainty -0.250 (theoretical_max_variance); evidence -0.030; final 4.415.,https://diethood.com/slow-cooker-honey-mustard-glazed-ham/,https://diethood.com/wp-content/uploads/2014/11/Honey-Glazed-Ham-6.jpg,"['7 to 10 pounds fully cooked bone-in spiral sliced ham', '1 cup brown sugar', '½ cup honey', '½ cup unsalted butter', '¼ cup Dijon mustard', '¼ cup apple juice', 'pinch of salt']",True,6
7d17c3f284a76bdc91903faa,Crock Pot Butternut Squash,diethood.com,diethood.com,https://diethood.com/crock-pot-butternut-squash-apples-walnuts-raisins/,5.0,3,0.03458259664862368,4.704214671399367,4.965417403351377,4.695159398378193,0.25,theoretical_max_variance,0.030000000000000006,4.415159398378193,0.65,schema_only,,Vegetables | Desserts | Breakfast,,0.0,2026-08-19T03:38:50.932867+00:00,123,0.716633979774588,5.654398484562458,118,137,0.0,0.0,36,,,,,,,,,0,,False,,66.0,15.0,0.0,0.0,2.0,,,,C,96.0,-27.0,Raw 5.000; source/category adjustment -0.035; posterior 4.695; uncertainty -0.250 (theoretical_max_variance); evidence -0.030; final 4.415.,https://diethood.com/crock-pot-butternut-squash-apples-walnuts-raisins/,https://diethood.com/wp-content/uploads/2016/11/Crock-Pot-Butternut-Squash-with-Apples-Walnuts-and-Raisins.jpg,"['2½ pounds butternut squash (peeled, cut in half, seeds removed and cut into cubes (about 4 cups of cubed squash))', '2 large cooking apples (cored and cut into cubes)', '⅓ cup raisins (or dried cranberries)', '⅓ cup apple juice', '¼ cup light brown sugar (or to taste)', '1 teaspoon ground cinnamon (or to taste)', '1 tablespoon chopped fresh sage (or 1 teaspoon dried)', '¼ teaspoon  ground nutmeg', 'salt and freshly ground black pepper (to taste)', '2 tablespoons butter (cut in several pieces)', '⅓ cup chopped toasted walnuts']",True,4
8d6b29efe19bf519f923e286,Slow Cooker Turkey Chili,diethood.com,diethood.com,https://diethood.com/slow-cooker-turkey-chili/,5.0,3,0.03458259664862368,4.670043293890816,4.965417403351377,4.695159398378193,0.25,theoretical_max_variance,0.030000000000000006,4.415159398378193,0.65,schema_only,,Chicken,,0.0,2026-08-19T03:38:50.932867+00:00,124,0.7180469666584555,5.654398484562458,119,138,0.0,0.0,36,,,,,,,,,0,,False,,70.0,13.5,0.0,0.0,2.0,,,,C,97.0,-27.0,Raw 5.000; source/category adjustment -0.035; posterior 4.695; uncertainty -0.250 (theoretical_max_variance); evidence -0.030; final 4.415.,https://diethood.com/slow-cooker-turkey-chili/,https://diethood.com/wp-content/uploads/2022/12/slow-cooker-turkey-chili-10.jpg,"['8 cups turkey broth, (or chicken broth)', '2 cups dried great northern beans', '1  poblano pepper, (diced, you can also use green bell pepper)', '4 cloves garlic, (minced)', '1 teaspoon ground cumin', '½ teaspoon chili powder', '2 to 3 cups shredded cooked turkey meat', '2 cans (4 ounces-each) chopped green chiles', '¾ teaspoon salt, (or to taste)', '¼ teaspoon fresh ground black pepper, (or to taste)', '1 cup corn kernels', '1 cup sour cream, (divided)', '1 cup shredded white cheddar cheese, (for topping)', '1  jalapeno, (thinly sliced, for garnish)', 'Fresh cilantro leaves, (for garnish)', 'Thinly sliced avocado, (for garnish)']",True,7
c9cdc76d71ca7de1b80084d0,Crock Pot Chicken Drumsticks,diethood.com,diethood.com,https://diethood.com/crock-pot-citrus-soy-chicken-drumsticks-recipe/,5.0,3,0.03458259664862368,4.670043293890816,4.965417403351377,4.695159398378193,0.25,theoretical_max_variance,0.030000000000000006,4.415159398378193,0.65,schema_only,,Chicken,,0.0,2026-08-19T03:38:50.932867+00:00,125,0.7194459319193512,5.654398484562458,120,139,0.0,0.0,36,,,,,,,,,0,,False,,67.0,15.5,0.0,0.0,2.0,,,,C,98.0,-27.0,Raw 5.000; source/category adjustment -0.035; posterior 4.695; uncertainty -0.250 (theoretical_max_variance); evidence -0.030; final 4.415.,https://diethood.com/crock-pot-citrus-soy-chicken-drumsticks-recipe/,https://diethood.com/wp-content/uploads/2016/06/crock-pot-chicken-drumsticks-8.jpg,"['1  orange (thinly sliced)', '8 to 10  chicken drumsticks (or enough to cover the bottom of a 6-quart crock pot)', '1 tablespoon all purpose flour', '1 teaspoon lemon zest', 'salt and freshly ground black pepper (to taste)', '½ cup sweet chili sauce', '3 tablespoons low sodium soy sauce', '½ tablespoon fresh lemon juice', '3 cloves garlic (minced)', 'green onions (sliced, for garnish, optional)', 'sesame seeds (for garnish, optional)']",True,5
b24b0039798dabac48d4cee2,Crock Pot Ham and Bean Soup,platedcravings.com,platedcravings.com,https://platedcravings.com/crock-pot-ham-and-bean-soup/,5.0,3,0.045661856939149904,4.6599834025837135,4.95433814306085,4.69453227043722,0.25,theoretical_max_variance,0.030000000000000006,4.41453227043722,0.65,schema_only,,Chicken | Vegetables | Pork,,0.0,2026-08-19T04:46:36.227580+00:00,126,0.7179139335325959,5.736699593165239,122,141,0.0,0.0,36,,,,,,,,,0,,False,,,,,,,,,,C,,,Raw 5.000; source/category adjustment -0.046; posterior 4.695; uncertainty -0.250 (theoretical_max_variance); evidence -0.030; final 4.415.,https://platedcravings.com/crock-pot-ham-and-bean-soup/,https://platedcravings.com/wp-content/uploads/2018/11/Ham-and-Bean-Soup-Crock-Pot-Plated-Cravings-3.jpg,"['1  small yellow onion (diced (about 1 cup))', '2 tsp minced garlic (2 cloves)', '3  celery stalks (diced (about 3/4 cup))', '2  large carrots (diced (about 1 cup))', '6 cups unsalted chicken stock', '1 pound dried Navy or Great Northern beans (sorted of debris and rinsed)', '2  bay leaves', '1 Tbsp fresh thyme (chopped or 1 tsp dried thyme)', '2 tsp fresh rosemary (chopped or 1/2 tsp dried rosemary)', '1 tsp salt (more to taste)', '1/2 tsp ground black pepper', '2 cups diced or shredded ham', '1  meaty ham bone (optional)', '2 Tbsp fresh parsley (chopped for serving)']",True,4
f12227f22ac1e3e858b4bd45,Slow Cooker Pulled Pork Gyros,platedcravings.com,platedcravings.com,https://platedcravings.com/slow-cooker-pulled-pork-gyros/,5.0,3,0.045661856939149904,4.6996322001216475,4.95433814306085,4.69453227043722,0.25,theoretical_max_variance,0.030000000000000006,4.41453227043722,0.65,schema_only,,Desserts | Pork,,0.0,2026-08-19T04:46:36.227580+00:00,127,0.7192942252239302,5.736699593165239,123,142,0.0,0.0,36,,,,,,,,,0,,False,,,,,,,,,,C,,,Raw 5.000; source/category adjustment -0.046; posterior 4.695; uncertainty -0.250 (theoretical_max_variance); evidence -0.030; final 4.415.,https://platedcravings.com/slow-cooker-pulled-pork-gyros/,https://platedcravings.com/wp-content/uploads/2016/07/Greek-Carnitas-1.jpg,"['3 1/2 lb boneless pork shoulder (1.5 kg)', '1/2 cup orange juice', '1  lemon (juice only)', '2 tbsp apple cider vinegar', '2 cloves garlic (minced)', '4-6 tbsp greek spice rub', '2 tsp onion powder', '2 tsp garlic powder', '2 tsp ground rosemary', '2 tsp ground coriander (cilantro)', '1 tsp ground cumin', '1/2 tsp chili powder', '6 tsp dried oregano', '4 tsp dried thyme', '3 tsp salt', '3 tsp ground black pepper', '3 tsp paprika', '3 tsp dried marjoram', '2 tsp sugar']",True,4
3ba4778ff13fbccb8c09cda1,Slow Cooker Honey Garlic Chicken,kristineskitchenblog.com,kristineskitchenblog.com,https://kristineskitchenblog.com/slow-cooker-honey-garlic-chicken/,5.0,5,0.15,4.71547969178855,4.85,4.694494470981637,0.25,theoretical_max_variance,0.030000000000000006,4.414494470981637,0.65,schema_only,,Chicken | Desserts,,0.0,2026-08-19T04:07:54.568060+00:00,128,0.6615990770283195,7.57004329945051,108,131,0.0,0.0,36,,,,,,,,,0,,False,,90.0,0.0,0.0,0.0,1.0,,,,C,90.0,-38.0,Raw 5.000; source/category adjustment -0.150; posterior 4.694; uncertainty -0.250 (theoretical_max_variance); evidence -0.030; final 4.414.,https://kristineskitchenblog.com/slow-cooker-honey-garlic-chicken/,https://kristineskitchenblog.com/wp-content/uploads/2022/01/easy-slow-cooker-honey-garlic-chicken-recipe-14.jpg,"['⅓ cup honey', '⅓ cup low sodium soy sauce', '2 tablespoons tomato paste', '1 tablespoon apple cider vinegar', '4 cloves garlic (minced)', '¼ teaspoon black pepper', 'pinch red pepper flakes (optional)', '2 pounds boneless, skinless chicken breasts (or boneless, skinless chicken thighs)', '1 tablespoon cornstarch', '1 tablespoon water', 'cooked white or brown rice and chopped green onions or cilantro (for serving)']",True,7
4a90e6bc4e64bffb217e5c2d,Crockpot White Chicken Chili,kristineskitchenblog.com,kristineskitchenblog.com,https://kristineskitchenblog.com/slow-cooker-white-chicken-chili/,5.0,5,0.15,4.670043293890816,4.85,4.694494470981637,0.25,theoretical_max_variance,0.030000000000000006,4.414494470981637,0.65,schema_only,,Chicken,,0.0,2026-08-19T04:07:54.568060+00:00,129,0.6631050862445099,7.57004329945051,109,132,0.0,0.0,36,,,,,,,,,0,,False,,92.0,0.0,0.0,0.0,1.0,,,,C,92.0,-37.0,Raw 5.000; source/category adjustment -0.150; posterior 4.694; uncertainty -0.250 (theoretical_max_variance); evidence -0.030; final 4.414.,https://kristineskitchenblog.com/slow-cooker-white-chicken-chili/,https://kristineskitchenblog.com/wp-content/uploads/2025/12/crockpot-white-chicken-chili-05-2.jpg,"['1 ½ pounds boneless skinless chicken breasts', '1 cup chopped yellow onion', '2 (15 ounce) cans cannellini beans (or other white beans, rinsed and drained)', '2 (4 ounce) cans mild diced green chiles', '1  medium jalapeño (remove and discard stem, seeds and ribs, then dice)', '2 cloves garlic (minced)', '2 teaspoons ground cumin', '1 teaspoon chili powder', '1 teaspoon dried oregano', '½ teaspoon smoked paprika', '½ teaspoon salt', '⅛-¼ teaspoon cayenne pepper (optional, to taste)', '3 cups low sodium chicken broth', '1 cup frozen corn', 'For serving: squeeze of fresh lime juice, chopped fresh cilantro, avocado, tortilla chip strips, plain Greek yogurt or sour cream, as desired']",True,4
805f154c7d5cee6fbe2f15d9,Slow Cooker Turkey Chickpea Chili,kristineskitchenblog.com,kristineskitchenblog.com,https://kristineskitchenblog.com/slow-cooker-turkey-chickpea-chili/,5.0,5,0.15,4.699362832298576,4.85,4.694494470981637,0.25,theoretical_max_variance,0.030000000000000006,4.414494470981637,0.65,schema_only,,Chicken | Snacks,,0.0,2026-08-19T04:07:54.568060+00:00,130,0.6645977502562075,7.57004329945051,110,133,0.0,0.0,36,,,,,,,,,0,,False,,91.0,0.0,0.0,0.0,1.0,,,,C,91.0,-39.0,Raw 5.000; source/category adjustment -0.150; posterior 4.694; uncertainty -0.250 (theoretical_max_variance); evidence -0.030; final 4.414.,https://kristineskitchenblog.com/slow-cooker-turkey-chickpea-chili/,https://kristineskitchenblog.com/wp-content/uploads/2026/01/turkey-chickpea-chili-in-slow-cooker-2.jpg,"['1 tablespoon olive oil', '1  medium yellow onion (chopped)', '1 pound ground turkey', '3 cloves garlic (minced)', '3 tablespoon tomato paste', '1 ½ cups low sodium chicken broth', '1 tablespoon chili powder', '2 teaspoons ground cumin', '1 teaspoon dried oregano', '½ teaspoon onion powder', '½ teaspoon salt', '¼ teaspoon black pepper', '1  red bell pepper (chopped)', '1  yellow bell pepper (chopped)', '28 ounce can petite diced tomatoes (undrained)', '2  (15 ounces each) cans chickpeas, rinsed and drained', 'Optional toppings: sliced green onions, chopped red onion, crumbled tortilla chips, avocado, plain Greek yogurt or sour cream']",True,3
94192ada4d9726897e45a448,Crock Pot Baked Potatoes,kristineskitchenblog.com,kristineskitchenblog.com,https://kristineskitchenblog.com/crock-pot-baked-potatoes/,5.0,5,0.15,4.657436759173113,4.85,4.694494470981637,0.25,theoretical_max_variance,0.030000000000000006,4.414494470981637,0.65,schema_only,,Potatoes,,0.0,2026-08-19T04:07:54.568060+00:00,131,0.666077245664811,7.57004329945051,111,134,0.0,0.0,36,,,,,,,,,0,,False,,88.0,0.0,0.0,0.0,1.0,,,,C,88.0,-43.0,Raw 5.000; source/category adjustment -0.150; posterior 4.694; uncertainty -0.250 (theoretical_max_variance); evidence -0.030; final 4.414.,https://kristineskitchenblog.com/crock-pot-baked-potatoes/,https://kristineskitchenblog.com/wp-content/uploads/2022/02/crock-pot-baked-potatoes-recipe-1143.jpg,"['4  russet potatoes', '1 tablespoon olive oil', 'salt (to taste)', 'black pepper (to taste)']",True,6
ef1dffc2cce3d27ad0c20f2b,Slow Cooker Butter Chicken,kristineskitchenblog.com,kristineskitchenblog.com,https://kristineskitchenblog.com/slow-cooker-butter-chicken/,5.0,5,0.15,4.670043293890816,4.85,4.694494470981637,0.25,theoretical_max_variance,0.030000000000000006,4.414494470981637,0.65,schema_only,,Chicken,,0.0,2026-08-19T04:07:54.568060+00:00,132,0.6675437459693724,7.57004329945051,112,135,0.0,0.0,36,,,,,,,,,0,,False,,89.0,0.0,0.0,0.0,1.0,,,,C,89.0,-43.0,Raw 5.000; source/category adjustment -0.150; posterior 4.694; uncertainty -0.250 (theoretical_max_variance); evidence -0.030; final 4.414.,https://kristineskitchenblog.com/slow-cooker-butter-chicken/,https://kristineskitchenblog.com/wp-content/uploads/2024/03/crockpot-butter-chicken-06-2.jpg,"['2 tablespoons unsalted butter (divided)', '1  medium onion (chopped)', '4 cloves garlic (minced)', '1 tablespoon minced fresh ginger', '8 ounces tomato sauce', '6 ounces tomato paste', '¼ cup water', '1 tablespoon garam masala', '1 ½ teaspoons ground cumin', '½ teaspoon chili powder', '½ teaspoon ground turmeric', '¾ teaspoon salt', '2 pounds boneless, skinless chicken breasts', '¾ cup full fat coconut milk*', 'For serving: cooked rice, naan bread, chopped fresh cilantro (as desired)']",True,8
55a2b5d507f121f367e0e8a1,Red Wine and Garlic Slow Cooker Roast,allrecipes.com,allrecipes.com,https://www.allrecipes.com/recipe/242061/red-wine-and-garlic-slow-cooker-roast/,4.6,32,-0.11871500599879986,4.6593467417310634,4.718715005998799,4.694464342633557,0.25,theoretical_max_variance,0.030000000000000006,4.414464342633557,0.65,schema_only,_Happy_Cook_,Chicken | Potatoes | Vegetables | Pork,,0.0,2026-08-19T02:35:00.249379+00:00,133,0.4852635256683919,16.22926026930645,118,164,0.0,0.0,36,,,,,,,,,0,,False,,35.0,26.335442953471574,0.0,1.0,3.0,,,,C,99.0,-34.0,Raw 4.600; source/category adjustment +0.119; posterior 4.694; uncertainty -0.250 (theoretical_max_variance); evidence -0.030; final 4.414.,https://www.allrecipes.com/recipe/242061/red-wine-and-garlic-slow-cooker-roast/,https://www.allrecipes.com/thmb/_FfD9P07y9NoYoK9ymvH3QS29Xk=/1500x0/filters:no_upscale():max_bytes(150000):strip_icc()/4236360-730450e7fbc747ad9a9d085dd92897e0.jpg,"['0.5 cup chopped onion, or more to taste', '2 tablespoons minced garlic, or more to taste', '1 quart hot water', '4 cubes chicken bouillon', '1 (3 pound) pork roast', '1 tablespoon olive oil', '2 large Idaho potatoes, cut into 1-inch cubes', '1 cup baby carrots, or as desired', '0.25 cup butter', '2 bay leaves', '1.5 tablespoons raw sugar', '1 tablespoon salt', '1 teaspoon ground black pepper', '1.5 cups port wine, or to taste']",True,4
f3c98b46fd2c2abf5162a4d5,Slow Cooker Hoisin Chicken,allrecipes.com,allrecipes.com,https://www.allrecipes.com/slow-cooker-hoisin-chicken-recipe-11881916,4.7,6,-0.11871500599879986,4.675106307549658,4.8187150059988,4.693919391785409,0.25,theoretical_max_variance,0.030000000000000006,4.4139193917854085,0.65,schema_only,Juliana Hale,Chicken | Breakfast,,0.0,2026-08-19T02:35:00.249379+00:00,134,0.708303271942436,6.342099196813483,125,145,0.0,0.0,36,,,,,,,,,0,,False,,41.0,24.097026095903757,0.0,1.0,3.0,,,,C,100.0,-34.0,Raw 4.700; source/category adjustment +0.119; posterior 4.694; uncertainty -0.250 (theoretical_max_variance); evidence -0.030; final 4.414.,https://www.allrecipes.com/slow-cooker-hoisin-chicken-recipe-11881916,https://www.allrecipes.com/thmb/tLEsqBRHAjjuraVmcdnZTKdyRBY=/1500x0/filters:no_upscale():max_bytes(150000):strip_icc()/11881916-Slow-Cooker-Hoisin-Chicken-PICS-beauty-4x3-a09d597f16534edaaa9a4404e7443285.jpg,"['2/3 cup hoisin sauce', '2 tablespoons reduced sodium soy sauce', '2 tablespoons honey', '1 tablespoon grated fresh ginger', '3 cloves garlic, minced', '¼ teaspoon crushed red pepper', '2 pounds boneless, skinless chicken thighs, cut into 1-to 1 1/2-inch pieces', '2 tablespoons water', '2 tablespoons cornstarch', '1 red bell pepper, cut into thin strips', '2 cups bias-sliced sugar snap peas or snow peas', 'Steamed long grain white rice, for serving', 'Sliced green onion, for garnish', 'Toasted sesame seeds, for garnish']",True,6
a9ac59b8a21994600ff8d8fe,Crock Pot Balsamic Chicken,diethood.com,diethood.com,https://diethood.com/crock-pot-balsamic-chicken/,4.8,10,0.03458259664862368,4.670043293890816,4.7654174033513765,4.693356165625064,0.25,theoretical_max_variance,0.030000000000000006,4.413356165625064,0.65,schema_only,,Chicken,,0.0,2026-08-19T03:38:50.932867+00:00,135,0.8367948059265401,3.0230595245361758,132,143,0.0,0.0,36,,,,,,,,,0,,False,,62.0,19.5,0.0,0.0,2.0,,,,C,101.0,-34.0,Raw 4.800; source/category adjustment -0.035; posterior 4.693; uncertainty -0.250 (theoretical_max_variance); evidence -0.030; final 4.413.,https://diethood.com/crock-pot-balsamic-chicken/,https://diethood.com/wp-content/uploads/2016/09/Crock-Pot-Balsamic-Chicken.jpg,"['1 tablespoon olive oil', '3 cloves garlic (minced)', '2 pounds boneless, skinless chicken breasts', 'salt and freshly ground black pepper (to taste)', '⅓ cup balsamic vinegar of Modena', '2 tablespoons brown sugar', '1 large yellow onion (sliced)', '1  red bell pepper (sliced)', '1  green bell pepper (sliced)', '1 teaspoon Italian seasoning']",True,6
d440c1439452869210317e53,Slow Cooker Cauliflower Soup,diethood.com,diethood.com,https://diethood.com/slow-cooker-creamy-cauliflower-soup/,4.8,10,0.03458259664862368,4.666346218789081,4.7654174033513765,4.693356165625064,0.25,theoretical_max_variance,0.030000000000000006,4.413356165625064,0.65,schema_only,,Chicken | Potatoes | Vegetables,,0.0,2026-08-19T03:38:50.932867+00:00,136,0.8376711667299753,3.0230595245361758,133,144,0.0,0.0,36,,,,,,,,,0,,False,,63.0,19.5,0.0,0.0,2.0,,,,C,102.0,-34.0,Raw 4.800; source/category adjustment -0.035; posterior 4.693; uncertainty -0.250 (theoretical_max_variance); evidence -0.030; final 4.413.,https://diethood.com/slow-cooker-creamy-cauliflower-soup/,https://diethood.com/wp-content/uploads/2020/10/Slow-Cooker-Cauliflower-Soup-7.jpg,"['1½ pounds fresh or frozen cauliflower florets', '1 pound baby potatoes (or russet potatoes, cut into 1-inch cubes (may substitute turnips for a lower carb option))', '1  yellow onion (chopped)', '6 cups vegetable broth (or chicken broth)', '1 teaspoon garlic powder', '½ teaspoon onion powder', '½ teaspoon dried thyme', '½ teaspoon dried rosemary', '½ teaspoon sweet or smoked paprika', '¼ teaspoon chili powder (or to taste)', '⅛ teaspoon ground nutmeg', '1 cup heavy cream (Half &amp; Half will also work, as well as evaporated milk)', '1 tablespoon butter', '¾ teaspoon salt (or to taste)', 'freshly ground black pepper (to taste)', '1 cup shredded cheddar cheese (for garnish)', 'chopped fresh green onions (for garnish)', 'chopped fresh parsley (for garnish)']",True,5
5cbe08c3a69b052d316e836e,Crock Pot Pork Loin Recipe,diethood.com,diethood.com,https://diethood.com/crock-pot-pork-loin-recipe/,4.73,237,0.03458259664862368,4.654195802223914,4.695417403351377,4.692547458182113,0.25,theoretical_max_variance,0.030000000000000006,4.412547458182113,0.65,schema_only,,Chicken | Pork,,0.0,2026-08-19T03:38:50.932867+00:00,137,0.41302551966679013,22.312179035973454,84,148,0.0,0.0,36,,,,,,,,,0,,False,,53.0,27.5,0.0,0.0,2.0,,,,B,108.0,-29.0,Raw 4.730; source/category adjustment -0.035; posterior 4.693; uncertainty -0.250 (theoretical_max_variance); evidence -0.030; final 4.413.,https://diethood.com/crock-pot-pork-loin-recipe/,https://diethood.com/wp-content/uploads/2020/02/Balsamic-Pork-Loin-Roast-7.jpg,"['3 pound boneless pork loin', '1 teaspoon salt', '1 teaspoon paprika (sweet or smoked)', '½ teaspoon onion powder', '¼ teaspoon fresh ground black pepper', '⅓ cup chicken broth', '4 tablespoons olive oil (divided)', '3 tablespoons balsamic vinegar', '5 cloves garlic (smashed)', '½ tablespoon Italian seasoning']",True,9
1bf4010f6ce2c402b615553e,Healthy Slow Cooker Sweet Potato Casserole,kristineskitchenblog.com,kristineskitchenblog.com,https://kristineskitchenblog.com/healthy-slow-cooker-sweet-potato-casserole/,5.0,4,0.15,4.6995073900226325,4.85,4.691614738962779,0.25,theoretical_max_variance,0.030000000000000006,4.411614738962779,0.65,schema_only,,Potatoes | Desserts | Breakfast,,0.0,2026-08-19T04:07:54.568060+00:00,138,0.6658167950096942,7.93025150224688,119,144,0.0,0.0,36,,,,,,,,,0,,False,,106.0,0.0,0.0,0.0,1.0,,,,C,106.0,-32.0,Raw 5.000; source/category adjustment -0.150; posterior 4.692; uncertainty -0.250 (theoretical_max_variance); evidence -0.030; final 4.412.,https://kristineskitchenblog.com/healthy-slow-cooker-sweet-potato-casserole/,https://kristineskitchenblog.com/wp-content/uploads/2015/11/slow-cooker-sweet-potato-casserole-2073-1.jpg,"['4 pounds sweet potatoes (about 5 medium)', '2  medium apples', '½ cup water', '¼ cup honey', '2 teaspoons cinnamon', '¼ teaspoon nutmeg', '½ teaspoon salt', '2 tablespoons unsalted butter (optional)', '½ cup milk', '½ cup coarsely chopped pecans (lightly toasted)']",True,3
3f576647147c916d9d6825fa,Crockpot Potato Soup,kristineskitchenblog.com,kristineskitchenblog.com,https://kristineskitchenblog.com/crockpot-potato-soup/,5.0,4,0.15,4.663511257626551,4.85,4.691614738962779,0.25,theoretical_max_variance,0.030000000000000006,4.411614738962779,0.65,schema_only,,Chicken | Potatoes | Vegetables | Pork | Breakfast,,0.0,2026-08-19T04:07:54.568060+00:00,139,0.6672191436376926,7.93025150224688,120,145,0.0,0.0,36,,,,,,,,,0,,False,,104.0,0.0,0.0,0.0,1.0,,,,C,104.0,-35.0,Raw 5.000; source/category adjustment -0.150; posterior 4.692; uncertainty -0.250 (theoretical_max_variance); evidence -0.030; final 4.412.,https://kristineskitchenblog.com/crockpot-potato-soup/,https://kristineskitchenblog.com/wp-content/uploads/2021/12/best-crockpot-potato-soup-recipe-0735.jpg,"['2 tablespoons unsalted butter', '1 cup finely chopped yellow onion', '3 cloves garlic (minced)', '2 ½ pounds gold potatoes, such as Yukon gold (or russet potatoes, peeled and cut into 1 ½-inch pieces)', '½ teaspoon dried thyme (or 3 sprigs fresh thyme)', '¾ teaspoon salt (or to taste)', '¼ teaspoon black pepper (or to taste)', '3 ½ cups low sodium vegetable broth (or chicken broth, may need up to 4 cups)', '1 cup shredded sharp cheddar cheese*', '½ cup plain Greek yogurt (or sour cream, optional*)', 'optional, for serving: crumbled cooked bacon, chopped green onions, shredded cheddar cheese, sour cream or plain Greek yogurt, etc.']",True,8
b184de6df99d7e22b0c7fa2d,Slow Cooker Baked Ziti,kristineskitchenblog.com,kristineskitchenblog.com,https://kristineskitchenblog.com/healthier-slow-cooker-baked-ziti/,5.0,4,0.15,4.671100868261963,4.85,4.691614738962779,0.25,theoretical_max_variance,0.030000000000000006,4.411614738962779,0.65,schema_only,,Beef | Pork,,0.0,2026-08-19T04:07:54.568060+00:00,140,0.6686097719657361,7.93025150224688,121,146,0.0,0.0,36,,,,,,,,,0,,False,,105.0,0.0,0.0,0.0,1.0,,,,C,105.0,-35.0,Raw 5.000; source/category adjustment -0.150; posterior 4.692; uncertainty -0.250 (theoretical_max_variance); evidence -0.030; final 4.412.,https://kristineskitchenblog.com/healthier-slow-cooker-baked-ziti/,https://kristineskitchenblog.com/wp-content/uploads/2025/09/crock-pot-baked-ziti-34-2.jpg,"['1 tablespoon olive oil', '1 pound Italian sausage (or ground beef or ground turkey)', '1  small onion (chopped)', '4 cloves garlic (minced)', '28 ounce can crushed tomatoes', '15 ounce can diced tomatoes', '1 ½ teaspoons Italian seasoning', '1 teaspoon dried oregano', '1 teaspoon dried basil', '¾ teaspoon salt', '⅛ teaspoon black pepper', '2 ½ cups water', '16 ounces uncooked ziti pasta (or penne pasta)', '1 cup (4 ounces) shredded mozzarella cheese']",True,6
b64c1d1fd9ddbec1c78df8be,Slow Cooker BBQ Chicken,kristineskitchenblog.com,kristineskitchenblog.com,https://kristineskitchenblog.com/slow-cooker-bbq-chicken-sandwiches/,5.0,4,0.15,4.71547969178855,4.85,4.691614738962779,0.25,theoretical_max_variance,0.030000000000000006,4.411614738962779,0.65,schema_only,,Chicken | Desserts,,0.0,2026-08-19T04:07:54.568060+00:00,141,0.6699888263131419,7.93025150224688,122,147,0.0,0.0,36,,,,,,,,,0,,False,,107.0,0.0,0.0,0.0,1.0,,,,C,107.0,-34.0,Raw 5.000; source/category adjustment -0.150; posterior 4.692; uncertainty -0.250 (theoretical_max_variance); evidence -0.030; final 4.412.,https://kristineskitchenblog.com/slow-cooker-bbq-chicken-sandwiches/,https://kristineskitchenblog.com/wp-content/uploads/2023/06/slow-cooker-bbq-chicken-23.jpg,"['1 cup BBQ sauce (plus more for serving)', '2 tablespoons honey', '2 tablespoons apple cider vinegar', '1 teaspoon garlic powder', '2 pounds boneless skinless chicken breasts (or thighs)']",True,5
db0479e4b6d3a30fcfa26966,Crock Pot Pork Chops with Mushroom Gravy,kristineskitchenblog.com,kristineskitchenblog.com,https://kristineskitchenblog.com/crock-pot-pork-chops/,5.0,4,0.15,4.6599834025837135,4.85,4.691614738962779,0.25,theoretical_max_variance,0.030000000000000006,4.411614738962779,0.65,schema_only,,Chicken | Vegetables | Pork,,0.0,2026-08-19T04:07:54.568060+00:00,142,0.6713564505737349,7.93025150224688,123,148,0.0,0.0,36,,,,,,,,,0,,False,,103.0,0.0,0.0,0.0,1.0,,,,C,103.0,-39.0,Raw 5.000; source/category adjustment -0.150; posterior 4.692; uncertainty -0.250 (theoretical_max_variance); evidence -0.030; final 4.412.,https://kristineskitchenblog.com/crock-pot-pork-chops/,https://kristineskitchenblog.com/wp-content/uploads/2023/11/crock-pot-pork-chops-30-2.jpg,"['4  thick cut pork chops (at least 1 inch thick, boneless or bone-in)', '1 teaspoon garlic powder', '1 teaspoon onion powder', '1 teaspoon dried thyme', '½ teaspoon paprika', '½ teaspoon salt', '¼ teaspoon black pepper', '1 tablespoon unsalted butter', '1 tablespoon olive oil', '1 medium yellow onion (sliced)', '8 ounces mushrooms (crimini or white, sliced)', '3 cloves garlic (minced)', '¼ cup all-purpose flour', '1 ¾ cups low sodium chicken broth', '1 tablespoon cornstarch (optional, to thicken gravy)']",True,7
136409817a254035f0948013,Crockpot Tacos Al Pastor Recipe,therealfooddietitians.com,therealfooddietitians.com,https://therealfooddietitians.com/slow-cooker-al-pastor/,5.0,4,0.15,4.6996322001216475,4.85,4.691614738962779,0.25,theoretical_max_variance,0.030000000000000006,4.411614738962779,0.65,schema_only,Jessica Beacom,Desserts | Pork,,0.0,2026-08-19T04:46:36.227580+00:00,143,0.705792521822397,6.794605703546503,124,147,0.0,0.0,36,,,,,,,,,0,,False,,,,,,,,,,C,,,Raw 5.000; source/category adjustment -0.150; posterior 4.692; uncertainty -0.250 (theoretical_max_variance); evidence -0.030; final 4.412.,https://therealfooddietitians.com/slow-cooker-al-pastor/,https://therealfooddietitians.com/wp-content/uploads/2025/08/Crockpot-Al-Pastor-12-225x225.jpg,"['3 &#8211; 3 ½\xa0 lb. boneless pork shoulder or Boston butt, cut into 3-inch pieces', '1 cup fresh pineapple chunks (plus more finely diced pineapple for serving)', '½ small white onion, quartered', '¼ cup tomato paste', '¼ cup fresh orange juice (1 medium orange)', '1 tablespoon pure honey', '4 garlic cloves, peeled', '2 tablespoons apple cider vinegar', '2 tablespoons chili powder', '1 tablespoon paprika', '2 teaspoons dried oregano', '2 teaspoons ground cumin', '1 ½ teaspoons fine salt, plus more to taste', '⅛–¼ teaspoon cayenne*', 'For serving: Small corn or flour tortillas, or cooked rice', 'Optional toppings: finely diced pineapple, finely diced white onion, chopped cilantro, lime wedges, diced avocado or guacamole']",True,7
28a3c8681fd078c47ba6b722,Slow Cooker Taco Bean Soup,allrecipes.com,allrecipes.com,https://www.allrecipes.com/recipe/234498/slow-cooker-taco-bean-soup/,4.6,23,-0.11871500599879986,4.7038534259669165,4.718715005998799,4.6914745348214035,0.25,theoretical_max_variance,0.030000000000000006,4.411474534821403,0.65,schema_only,Janelleh,Beef,,0.0,2026-08-19T02:35:00.249379+00:00,144,0.5800551767969806,11.873172373979173,136,167,0.0,0.0,36,,,,,,,,,0,,False,,38.0,29.769484749021476,0.0,1.0,3.0,,,,C,110.0,-34.0,Raw 4.600; source/category adjustment +0.119; posterior 4.691; uncertainty -0.250 (theoretical_max_variance); evidence -0.030; final 4.411.,https://www.allrecipes.com/recipe/234498/slow-cooker-taco-bean-soup/,https://www.allrecipes.com/thmb/qm8kOeMlZAWZeWmUni9cnfjOMsw=/1500x0/filters:no_upscale():max_bytes(150000):strip_icc()/1571771-3607968f8b7c4f248d9d7f166815bbe0.jpg,"['1 pound ground beef', '1 onion, chopped', '1 (1.25 ounce) package taco seasoning mix', '1 (15 ounce) can white beans, undrained', '1 (15 ounce) can red kidney beans, undrained', '1 (15 ounce) can white kidney beans, undrained', '1 (15 ounce) can ranch-style beans, undrained', '1 (15 ounce) can pinto beans, undrained', '1 (15 ounce) can black beans, undrained', '1 (15 ounce) can white hominy, drained', '1 (10 ounce) can diced tomatoes with green chile peppers']",True,3
2aa3d2607258d729d1f850a8,Slow Cooker Potato-Bacon Soup,allrecipes.com,allrecipes.com,https://www.allrecipes.com/recipe/277373/slow-cooker-potato-bacon-soup/,4.6,23,-0.11871500599879986,4.661878248560484,4.718715005998799,4.6914745348214035,0.25,theoretical_max_variance,0.030000000000000006,4.411474534821403,0.65,schema_only,meyer,Potatoes | Vegetables | Pork | Breakfast,,0.0,2026-08-19T02:35:00.249379+00:00,145,0.5815352538841243,11.873172373979173,137,168,0.0,0.0,36,,,,,,,,,0,,False,,37.0,30.506829836393468,0.0,1.0,3.0,,,,C,111.0,-34.0,Raw 4.600; source/category adjustment +0.119; posterior 4.691; uncertainty -0.250 (theoretical_max_variance); evidence -0.030; final 4.411.,https://www.allrecipes.com/recipe/277373/slow-cooker-potato-bacon-soup/,https://www.allrecipes.com/thmb/X6VaN_hvw5ZYK27Xxo2aGBks9H8=/1500x0/filters:no_upscale():max_bytes(150000):strip_icc()/277373-slow-cooker-potato-bacon-soup-PICS-Beauty-4x3-6771eacf7e77481a8f4e6a072676d7fa.jpg,"['9 slices bacon', '1 onion, finely diced', '7 potatoes, peeled and cubed', '1 teaspoon garlic powder', '3 cups vegetable broth', '2 cups half-and-half', '3 tablespoons all-purpose flour', '3.25 cups shredded Cheddar-Monterey Jack cheese blend, divided', '1 teaspoon finely chopped fresh chives, or to taste']",True,5
0d0b7f9e32fc8e986766e3c8,Best Slow Cooker Chili Recipe,kristineskitchenblog.com,kristineskitchenblog.com,https://kristineskitchenblog.com/slow-cooker-chili/,4.88,16,0.15,4.7038534259669165,4.7299999999999995,4.691321150060456,0.25,theoretical_max_variance,0.030000000000000006,4.411321150060456,0.65,schema_only,,Beef,,0.0,2026-08-19T04:07:54.568060+00:00,146,0.44687080628726006,20.54720175595694,102,154,0.0,0.0,36,,,,,,,,,0,,False,,93.0,0.0,0.0,0.0,1.0,,,,C,93.0,-53.0,Raw 4.880; source/category adjustment -0.150; posterior 4.691; uncertainty -0.250 (theoretical_max_variance); evidence -0.030; final 4.411.,https://kristineskitchenblog.com/slow-cooker-chili/,https://kristineskitchenblog.com/wp-content/uploads/2025/09/slow-cooker-chili-43-3.jpg,"['1 tablespoon olive oil', '1 medium yellow onion (chopped)', '2 pounds lean ground beef', '4 cloves garlic (minced)', '6 ounce can tomato paste', '1 ½ tablespoons chili powder (use 2 tablespoons for spicier chili)', '1 tablespoon ground cumin', '1 ½ teaspoons dried oregano', '¾ teaspoon salt', '¼ teaspoon black pepper', '1 ¼ cups low sodium beef broth', '28 ounce can fire roasted crushed tomatoes (or fire roasted diced tomatoes)', '1 ½ tablespoons brown sugar', '15 ounce can red kidney beans (rinsed and drained)', '15 ounce can black beans (rinsed and drained)', '15 ounce can pinto beans (rinsed and drained)']",True,7
2343d63dd1b4b6de229c8ffc,Slow Cooker Pulled Pork Chalupa Nachos,allrecipes.com,allrecipes.com,https://www.allrecipes.com/slow-cooker-pulled-pork-chalupa-nachos-recipe-12022688,5.0,2,-0.11871500599879986,4.679529761522219,5.0,4.691292228922887,0.25,theoretical_max_variance,0.030000000000000006,4.411292228922886,0.65,schema_only,Ashley Elizabeth,Vegetables | Pork | Snacks,,0.0,2026-08-19T02:35:00.249379+00:00,147,0.7791132615744225,4.73462423711393,135,151,0.0,0.0,36,,,,,,,,,0,,False,,43.0,26.981475126464083,0.0,1.0,3.0,,,,C,109.0,-38.0,Raw 5.000; source/category adjustment +0.119; posterior 4.691; uncertainty -0.250 (theoretical_max_variance); evidence -0.030; final 4.411.,https://www.allrecipes.com/slow-cooker-pulled-pork-chalupa-nachos-recipe-12022688,https://www.allrecipes.com/thmb/4btE8N5p73q9_aLu3_mHSDNhCoc=/1500x0/filters:no_upscale():max_bytes(150000):strip_icc()/12022688-slow-cooker-pulled-pork-chalupa-nachos-VAT-Beauty-4x3-935e5607abd441a28e6e7509a38c453a.jpg,"['2- to 3-pound pork loin or pork butt/shoulder', '16 ounces dried pinto beans, soaked overnight', '2 tablespoons chili powder', '2 tablespoons ground cumin', '2 tablespoons oregano', '2 tablespoons onion powder', '2 tablespoons garlic powder', '1 ½ tablespoons kosher salt', '2 teaspoons black pepper', 'Optional: Vegetable broth for braising', 'Tortilla chips, for serving']",True,4
b729c481c2cd1af2edcf13e9,Slow Cooker Shepherd’s Pie,allrecipes.com,allrecipes.com,https://www.allrecipes.com/slow-cooker-shepherd-s-pie-recipe-11695630,4.6,22,-0.11871500599879986,4.677616262814447,4.718715005998799,4.69109619494394,0.25,theoretical_max_variance,0.030000000000000006,4.41109619494394,0.65,schema_only,Juliana Hale,Potatoes | Vegetables | Beef,,0.0,2026-08-19T02:35:00.249379+00:00,148,0.6077641000277353,10.842303978193728,138,169,0.0,0.0,36,,,,,,,,,0,,False,,39.0,29.87752778706208,0.0,1.0,3.0,,,,C,112.0,-36.0,Raw 4.600; source/category adjustment +0.119; posterior 4.691; uncertainty -0.250 (theoretical_max_variance); evidence -0.030; final 4.411.,https://www.allrecipes.com/slow-cooker-shepherd-s-pie-recipe-11695630,https://www.allrecipes.com/thmb/rtZdDBEBH8PLX5w0mhanktJr0As=/1500x0/filters:no_upscale():max_bytes(150000):strip_icc()/11695630-Slow-Cooker-Shepherds-Pie-ddmfs-beauty-4x3-16493-c1dd7ae156ce4d03ac249fec106d3416.jpg,"['2 pounds 85% lean ground beef', '1 cup chopped onion', '3 cloves garlic, minced', '1 (12-ounce) package frozen mixed vegetables', '1 1/2 cups lower-sodium beef broth', '1/4 cup tomato paste', '1 tablespoon Worcestershire sauce', '1 tablespoon quick-cooking tapioca, finely crushed', '1 teaspoon dried Italian seasoning', '1/2 teaspoon salt', '1/2 teaspoon ground black pepper', '2 (24-ounce) packages refrigerated mashed potatoes', '1 cup shredded cheddar cheese (4 ounces)', 'Paprika', 'Chopped fresh parsley']",True,8
acc0a2f24d7464bc6d4a4574,Slow Cooker Chuck Roast Chili Recipe,therealfooddietitians.com,therealfooddietitians.com,https://therealfooddietitians.com/slow-cooker-chunky-beef-chili/,4.9,10,0.15,4.680645092570015,4.75,4.690786598399835,0.25,theoretical_max_variance,0.030000000000000006,4.4107865983998344,0.65,schema_only,Jessica Beacom,Potatoes | Beef,,0.0,2026-08-19T04:46:36.227580+00:00,149,0.5159651055875938,15.854152978531104,112,150,0.0,0.0,36,,,,,,,,,0,,False,,,,,,,,,,C,,,Raw 4.900; source/category adjustment -0.150; posterior 4.691; uncertainty -0.250 (theoretical_max_variance); evidence -0.030; final 4.411.,https://therealfooddietitians.com/slow-cooker-chunky-beef-chili/,https://therealfooddietitians.com/wp-content/uploads/2020/02/Chuck_Roast_Chili_6-225x225.jpg,"['2 lbs. boneless beef chuck or round roast, well-trimmed and cut into 1-inch cubes', '1 tablespoon avocado oil or olive oil', '1 medium yellow onion, diced', '1 green bell pepper, diced', '6 garlic cloves, peeled and minced', '2 medium sweet potatoes, peeled and cut into ½-inch cubes (about 3 cups)', '1 (4-ounce) can diced green chilies', '2 tablespoons chili powder', '1 tablespoon ground cumin', '1 teaspoon fine salt, plus more to taste', '½ teaspoon black pepper, plus more to taste', '2 (28-ounce) cans fire-roasted diced tomatoes, undrained', '3 ounces no-salt-added tomato paste (½ of a 6-ounce can)', '1 cup low-sodium beef broth', 'Optional toppings: sour cream, sliced avocado, pickled or fresh jalapeno slices, cilantro, cheddar cheese, and/or lime wedges']",True,4
3139f4d23e8d8046a807f833,Crock Pot Banana French Toast,diethood.com,diethood.com,https://diethood.com/crock-pot-creamy-banana-french-toast/,4.77,13,0.03458259664862368,4.720542705447393,4.735417403351376,4.6905971769453645,0.25,theoretical_max_variance,0.030000000000000006,4.410597176945364,0.65,schema_only,,Desserts | Breakfast,,0.0,2026-08-19T03:38:50.932867+00:00,150,0.9072446677501446,1.7380544678845176,146,152,0.0,0.0,36,,,,,,,,,0,,False,,74.0,19.5,0.0,0.0,2.0,,,,C,113.0,-37.0,Raw 4.770; source/category adjustment -0.035; posterior 4.691; uncertainty -0.250 (theoretical_max_variance); evidence -0.030; final 4.411.,https://diethood.com/crock-pot-creamy-banana-french-toast/,https://diethood.com/wp-content/uploads/2015/01/Slow-Cooker-Banana-French-Toast-6.jpg,"['1 (10-inch)  stale French baguette ((a day or two old bread) cut into 1-inch slices)', '4 ounces cream cheese (at room temperature)', '2  bananas (plus more for serving)', '3 large eggs (lightly beaten to break up the yolks)', '1 to 1½ cups milk', '¼ cup light brown sugar', '½ tablespoon pure vanilla extract', '1 teaspoon ground cinnamon', 'pinch of nutmeg', '2 tablespoons butter (cut into thin slices)', '½ cup pecans (optional, for serving)', 'maple syrup (optional, for serving)']",True,6
21cb976ab970f1c48e2f3d9f,Slow Cooker Pumpkin Puree,diethood.com,diethood.com,https://diethood.com/slow-cooker-pumpkin-puree/,5.0,2,0.03458259664862368,4.678943918079802,4.965417403351377,4.689962129051786,0.25,theoretical_max_variance,0.030000000000000006,4.409962129051785,0.65,schema_only,,,,0.0,2026-08-19T03:38:50.932867+00:00,151,0.9054634181918051,1.7853571071357126,148,154,0.0,0.0,36,,,,,,,,,0,,False,,79.0,17.5,0.0,0.0,2.0,,,,C,114.0,-37.0,Raw 5.000; source/category adjustment -0.035; posterior 4.690; uncertainty -0.250 (theoretical_max_variance); evidence -0.030; final 4.410.,https://diethood.com/slow-cooker-pumpkin-puree/,https://diethood.com/wp-content/uploads/2017/11/Slow-Cooker-Pumpkin.jpg,['2 small sugar pumpkins (or pie pumpkins) (scoop out the seeds and cut the pumpkin in wedges)'],True,7
5299622083e4a7ac156ea185,Slow Cooker Pulled Pork,diethood.com,diethood.com,https://diethood.com/slow-cooker-pulled-pork/,5.0,2,0.03458259664862368,4.6996322001216475,4.965417403351377,4.689962129051786,0.25,theoretical_max_variance,0.030000000000000006,4.409962129051785,0.65,schema_only,,Desserts | Pork,,0.0,2026-08-19T03:38:50.932867+00:00,152,0.9059613629040099,1.7853571071357126,149,155,0.0,0.0,36,,,,,,,,,0,,False,,78.0,18.5,0.0,0.0,2.0,,,,C,115.0,-37.0,Raw 5.000; source/category adjustment -0.035; posterior 4.690; uncertainty -0.250 (theoretical_max_variance); evidence -0.030; final 4.410.,https://diethood.com/slow-cooker-pulled-pork/,https://diethood.com/wp-content/uploads/2022/09/slow-cooker-pulled-pork-2.jpg,"['3 to 4 pound pork shoulder', '1  yellow onion (thinly sliced)', '2 teaspoons salt', '2 teaspoons sweet paprika', '1 teaspoon garlic powder', '1 teaspoon onion powder', '1 teaspoon fresh ground black pepper', '12 ounces Dr. Pepper', '12 ounces Dr. Pepper', '1 cup ketchup (I use sugar free ketchup)', '¼ cup apple cider vinegar', '3 tablespoons light brown sugar', '2-½ tablespoons tomato paste', '2 tablespoons worcestershire sauce', '2 teaspoons paprika', '½ teaspoon salt', '½ teaspoon fresh ground black pepper', '½ teaspoon garlic powder']",True,7
cfe32a155d71c86c5380c448,Hearty Slow Cooker Vegan Chili (with lentils),therealfooddietitians.com,therealfooddietitians.com,https://therealfooddietitians.com/hearty-slow-cooker-vegan-chili-with-lentils/,4.9,9,0.15,4.671558603303313,4.75,4.68978298142356,0.25,theoretical_max_variance,0.030000000000000006,4.40978298142356,0.65,schema_only,Jessica Beacom,Vegetables,,0.0,2026-08-19T04:46:36.227580+00:00,153,0.5301033623456242,15.335144820531259,116,154,0.0,0.0,36,,,,,,,,,0,,False,,,,,,,,,,C,,,Raw 4.900; source/category adjustment -0.150; posterior 4.690; uncertainty -0.250 (theoretical_max_variance); evidence -0.030; final 4.410.,https://therealfooddietitians.com/hearty-slow-cooker-vegan-chili-with-lentils/,https://therealfooddietitians.com/wp-content/uploads/2021/12/Slow-Cooker-Lentil-Chili-4-225x225.jpg,"['1 medium bell pepper, any color, diced', '1 medium yellow onion, diced', '2 large carrots, peeled and diced small', '4 garlic cloves, minced', '1 cup dry green lentils', '1 (14-ounce) can kidney beans, drained and rinsed', '1 (14-ounce) can crushed tomatoes or tomato sauce', '1 (14-ounce) can diced tomatoes', '1 (4-ounce) can diced green chiles', '2 tablespoons coconut oil (may substitute avocado oil or olive oil)', '2 tablespoons chili powder', '1 teaspoon dried oregano', '1 teaspoon smoked paprika', '1 teaspoon ground cumin', '3-4 cups vegetable broth', 'Fine salt and black pepper to taste', 'Optional: Cayenne pepper or chipotle pepper powder for additional heat', 'Optional for Topping: Thinly sliced green onions, fresh cilantro, jalapeno slices, diced or sliced avocado, and/or lime wedges']",True,4
cc8b31e9e4b69d0f2248d460,Slow Cooker Pulled Pork with Root Beer Recipe,allrecipes.com,allrecipes.com,https://www.allrecipes.com/recipe/276493/slow-cooker-pulled-pork-with-root-beer/,4.6,17,-0.11871500599879986,4.63834831055701,4.718715005998799,4.689035089641338,0.25,theoretical_max_variance,0.030000000000000006,4.409035089641338,0.65,schema_only,sbellingham,Pork,,0.0,2026-08-19T02:35:00.249379+00:00,154,0.6277387403631104,10.318537794776072,152,179,0.0,0.0,36,,,,,,,,,0,,False,,40.0,33.595634637057636,0.0,1.0,3.0,,,,C,122.0,-32.0,Raw 4.600; source/category adjustment +0.119; posterior 4.689; uncertainty -0.250 (theoretical_max_variance); evidence -0.030; final 4.409.,https://www.allrecipes.com/recipe/276493/slow-cooker-pulled-pork-with-root-beer/,https://www.allrecipes.com/thmb/TzrXMBwJUQgyT3z-sABFijvkppg=/1500x0/filters:no_upscale():max_bytes(150000):strip_icc()/1023567-e97869d5fb454130934c3edc170eca4c.jpg,"['1 (3 1/2) pound boneless pork shoulder', '8 fluid ounces root beer', '3 tablespoons brown sugar', '1 tablespoon ground cumin', '1 tablespoon paprika', '1 tablespoon salt', '1 tablespoon freshly ground black pepper', '2 teaspoons garlic powder', '1 teaspoon onion powder', '1 teaspoon dried oregano']",True,4
0a759b8f79af5a1028ce3dd1,Slow Cooker Ribs,kristineskitchenblog.com,kristineskitchenblog.com,https://kristineskitchenblog.com/slow-cooker-ribs/,5.0,3,0.15,4.63834831055701,4.85,4.688626337811134,0.25,theoretical_max_variance,0.030000000000000006,4.408626337811134,0.65,schema_only,,Pork,,0.0,2026-08-19T04:07:54.568060+00:00,155,0.7581431700360207,5.582711408148075,141,157,0.0,0.0,36,,,,,,,,,0,,False,,120.0,0.0,0.0,0.0,1.0,,,,C,120.0,-35.0,Raw 5.000; source/category adjustment -0.150; posterior 4.689; uncertainty -0.250 (theoretical_max_variance); evidence -0.030; final 4.409.,https://kristineskitchenblog.com/slow-cooker-ribs/,https://kristineskitchenblog.com/wp-content/uploads/2021/05/slow-cooker-ribs-1200-square-424.jpg,"['2 racks baby back pork ribs (3-4 pounds)', '4 teaspoons paprika', '2 teaspoons garlic powder', '1½ teaspoons onion powder', '1 teaspoon chili powder', '1½ teaspoons salt', '1 teaspoon black pepper', '1½ cups BBQ sauce (divided, plus more for serving if desired)']",True,10
7d880824784facfaf873b4b5,Crock Pot Pork Roast Recipe,kristineskitchenblog.com,kristineskitchenblog.com,https://kristineskitchenblog.com/crock-pot-pork-roast/,5.0,3,0.15,4.6593467417310634,4.85,4.688626337811134,0.25,theoretical_max_variance,0.030000000000000006,4.408626337811134,0.65,schema_only,,Chicken | Potatoes | Vegetables | Pork,,0.0,2026-08-19T04:07:54.568060+00:00,156,0.7591864338100717,5.582711408148075,142,158,0.0,0.0,36,,,,,,,,,0,,False,,116.0,0.0,0.0,0.0,1.0,,,,C,116.0,-40.0,Raw 5.000; source/category adjustment -0.150; posterior 4.689; uncertainty -0.250 (theoretical_max_variance); evidence -0.030; final 4.409.,https://kristineskitchenblog.com/crock-pot-pork-roast/,https://kristineskitchenblog.com/wp-content/uploads/2025/10/crock-pot-pork-roast-11.jpg,"['3 pound boneless pork shoulder roast (or boneless pork butt)', '1 teaspoon sweet paprika', '1 teaspoon garlic powder', '1 teaspoon onion powder', '1 teaspoon salt', '½ teaspoon black pepper', '1 tablespoon olive oil', '1  large yellow onion (chopped)', '4 cloves garlic (minced)', '3 tablespoons all-purpose flour', '1 ½ cups low sodium chicken broth', '6  medium carrots (cut into 1-inch pieces)', '1 ½ pounds whole baby potatoes']",True,7
8f97f01a92b03957f2ead866,"Slow Cooker Ham, Cheese and Veggie Frittata",kristineskitchenblog.com,kristineskitchenblog.com,https://kristineskitchenblog.com/slow-cooker-ham-cheese-veggie-frittata/,5.0,3,0.15,4.6592588158827555,4.85,4.688626337811134,0.25,theoretical_max_variance,0.030000000000000006,4.408626337811134,0.65,schema_only,,Pork | Breakfast,,0.0,2026-08-19T04:07:54.568060+00:00,157,0.7602207358806873,5.582711408148075,143,159,0.0,0.0,36,,,,,,,,,0,,False,,117.0,0.0,0.0,0.0,1.0,,,,C,117.0,-40.0,Raw 5.000; source/category adjustment -0.150; posterior 4.689; uncertainty -0.250 (theoretical_max_variance); evidence -0.030; final 4.409.,https://kristineskitchenblog.com/slow-cooker-ham-cheese-veggie-frittata/,https://kristineskitchenblog.com/wp-content/uploads/2017/12/slow-cooker-frittata-close-up-1200-7025.jpg,"['8  eggs', '¼ cup milk', '½ cup chopped onion', '1 cup chopped bell pepper', '1 cup chopped cooked ham', '1 cup shredded cheddar cheese']",True,5
90dbb64851c46aaea04db236,Slow Cooker Pumpkin Apple Crisp,kristineskitchenblog.com,kristineskitchenblog.com,https://kristineskitchenblog.com/slow-cooker-pumpkin-apple-crisp/,5.0,3,0.15,4.760916089686285,4.85,4.688626337811134,0.25,theoretical_max_variance,0.030000000000000006,4.408626337811134,0.65,schema_only,,Desserts,,0.0,2026-08-19T04:07:54.568060+00:00,158,0.7612461912264508,5.582711408148075,144,160,0.0,0.0,36,,,,,,,,,0,,False,,119.0,0.0,0.0,0.0,1.0,,,,C,119.0,-39.0,Raw 5.000; source/category adjustment -0.150; posterior 4.689; uncertainty -0.250 (theoretical_max_variance); evidence -0.030; final 4.409.,https://kristineskitchenblog.com/slow-cooker-pumpkin-apple-crisp/,https://kristineskitchenblog.com/wp-content/uploads/2021/07/slow-cooker-pumpkin-apple-crisp-1200-square-9920.jpg,"['15 ounce pumpkin puree (not pumpkin pie filling) ((1 ¾ cups))', '½ cup pure maple syrup', '2 teaspoons ground cinnamon', '½ teaspoon ground ginger', '¼ teaspoon ground cloves', '¼ teaspoon allspice', '¼ teaspoon ground nutmeg', '¼ teaspoon salt', '6  Granny Smith apples (peeled, cored and cut into ¼-inch thick slices)', '1 cup old-fashioned oats', '¾ cup white whole wheat flour (or all-purpose or whole wheat per preference)', '½ teaspoon ground cinnamon', '½ cup cold unsalted butter (cut into small cubes)', '¼ cup pure maple syrup', 'freshly whipped cream or ice cream (if desired)']",True,3
b4bd989cb4e7c9bfe5567ab5,Slow Cooker Pot Roast,kristineskitchenblog.com,kristineskitchenblog.com,https://kristineskitchenblog.com/slow-cooker-pot-roast/,5.0,3,0.15,4.677616262814447,4.85,4.688626337811134,0.25,theoretical_max_variance,0.030000000000000006,4.408626337811134,0.65,schema_only,,Potatoes | Vegetables | Beef,,0.0,2026-08-19T04:07:54.568060+00:00,159,0.7622629128674223,5.582711408148075,145,161,0.0,0.0,36,,,,,,,,,0,,False,,118.0,0.0,0.0,0.0,1.0,,,,C,118.0,-41.0,Raw 5.000; source/category adjustment -0.150; posterior 4.689; uncertainty -0.250 (theoretical_max_variance); evidence -0.030; final 4.409.,https://kristineskitchenblog.com/slow-cooker-pot-roast/,https://kristineskitchenblog.com/wp-content/uploads/2023/11/crock-pot-roast-918-2.jpg,"['3 pound beef chuck roast', '1 teaspoon Kosher salt (or to taste)', '½ teaspoon black pepper (or to taste)', '1 tablespoon olive oil', '1  large yellow onion (coarsely chopped)', '4 cloves garlic (minced)', '3 tablespoons all purpose flour', '1 ½ cups low sodium beef broth', '1 tablespoon tomato paste', '1 tablespoon Worcestershire sauce', '1 ½ teaspoons dried thyme', '6  medium carrots (cut into 1-inch pieces)', '1 ½ pounds whole baby potatoes (halved if large)', '2 tablespoons cornstarch (optional, for thicker gravy)', 'chopped fresh parsley (if desired for serving)']",True,7
c3253dfad44b89c92ea99629,Overnight Slow Cooker Bread,allrecipes.com,allrecipes.com,https://www.allrecipes.com/recipe/279727/overnight-slow-cooker-bread/,4.6,16,-0.11871500599879986,4.678943918079802,4.718715005998799,4.688585393938952,0.25,theoretical_max_variance,0.030000000000000006,4.408585393938952,0.65,schema_only,Bren,,,0.0,2026-08-19T02:35:00.249379+00:00,160,0.6327566303942079,10.446955962809879,153,180,0.0,0.0,36,,,,,,,,,0,,False,,42.0,33.209770985191824,0.0,1.0,3.0,,,,C,123.0,-37.0,Raw 4.600; source/category adjustment +0.119; posterior 4.689; uncertainty -0.250 (theoretical_max_variance); evidence -0.030; final 4.409.,https://www.allrecipes.com/recipe/279727/overnight-slow-cooker-bread/,https://www.allrecipes.com/thmb/ELBjsls7wFbcGDbhAKE2iffZNbo=/1500x0/filters:no_upscale():max_bytes(150000):strip_icc()/8002063-e90d218ab6c84d6bb02bbd7aee1e4cf7.jpg,"['3.5 cups bread flour', '1.5 cups warm water', '1 teaspoon fine salt', '0.5 teaspoon quick-rise yeast', '2 tablespoons bread flour']",True,4
21e2257d063d6059dc7bec4f,Slow-Cooker Teriyaki Ribs,allrecipes.com,allrecipes.com,https://www.allrecipes.com/recipe/264148/slow-cooker-teriyaki-ribs/,4.6,14,-0.11871500599879986,4.678943918079802,4.718715005998799,4.687643843562082,0.25,theoretical_max_variance,0.030000000000000006,4.407643843562082,0.65,schema_only,kimmi,,,0.0,2026-08-19T02:35:00.249379+00:00,161,0.6658959977044088,9.081421817216851,159,181,0.0,0.0,36,,,,,,,,,0,,False,,44.0,32.82614134429381,0.0,1.0,3.0,,,,C,124.0,-37.0,Raw 4.600; source/category adjustment +0.119; posterior 4.688; uncertainty -0.250 (theoretical_max_variance); evidence -0.030; final 4.408.,https://www.allrecipes.com/recipe/264148/slow-cooker-teriyaki-ribs/,https://www.allrecipes.com/thmb/8iy10jvn7nBGPahNNfRVZm30I_U=/1500x0/filters:no_upscale():max_bytes(150000):strip_icc()/9160920-3b14006c94384ef9a01ccc79cb9f5e01.jpg,"['2.5 pounds baby back ribs, cut into 2-rib portions', '0.5 teaspoon ground black pepper', '0.66666668653488 cup teriyaki sauce, divided', '1 tablespoon balsamic vinegar', '2 cloves garlic, pressed']",True,2
1cb2180a34aee4187110bfc2,Slow Cooked Goose,allrecipes.com,allrecipes.com,https://www.allrecipes.com/recipe/229864/slow-cooked-goose/,4.6,13,-0.11871500599879986,4.670800948597065,4.718715005998799,4.687150650507531,0.25,theoretical_max_variance,0.030000000000000006,4.407150650507531,0.65,schema_only,Alex Waltman,Chicken | Vegetables,,0.0,2026-08-19T02:35:00.249379+00:00,162,0.6215471942050427,11.081766806586193,160,189,0.0,0.0,36,,,,,,,,,0,,False,,45.0,32.744804507314164,0.0,1.0,3.0,,,,C,125.0,-37.0,Raw 4.600; source/category adjustment +0.119; posterior 4.687; uncertainty -0.250 (theoretical_max_variance); evidence -0.030; final 4.407.,https://www.allrecipes.com/recipe/229864/slow-cooked-goose/,https://www.allrecipes.com/thmb/OCqmCQigJ0wD-eFbI4na4NnAN6E=/1500x0/filters:no_upscale():max_bytes(150000):strip_icc()/5042369-aa0a6e14d59d4a93b9630778b80b7e29.jpg,"['1 bunch celery, chopped', '1 (12 ounce) package baby carrots, chopped', '1 cup cream of celery soup', '1 cup cream of chicken soup', '1 cup cream of mushroom soup', '1 cup cut-up mushrooms', '8 fresh sage leaves', '3 tablespoons fresh rosemary', '2 tablespoons fresh thyme', '2 (10 pound) goose, cut up']",True,3
621c93f734a1a54631324d25,Spiked Crockpot Hot Chocolate,diethood.com,diethood.com,https://diethood.com/spiked-crockpot-hot-chocolate/,4.8,5,0.03458259664862368,4.74479923019631,4.7654174033513765,4.686805144013581,0.25,theoretical_max_variance,0.030000000000000006,4.406805144013581,0.65,schema_only,,Desserts | Snacks,,0.0,2026-08-19T03:38:50.932867+00:00,163,0.9147351480027526,1.70579079087156,159,164,0.0,0.0,36,,,,,,,,,0,,False,,83.0,21.5,0.0,0.0,2.0,,,,C,126.0,-37.0,Raw 4.800; source/category adjustment -0.035; posterior 4.687; uncertainty -0.250 (theoretical_max_variance); evidence -0.030; final 4.407.,https://diethood.com/spiked-crockpot-hot-chocolate/,https://diethood.com/wp-content/uploads/2019/12/Spiked-Crockpot-Hot-Chocolate-5.jpg,"['8 ounces dark chocolate chips ( or semi-sweet chocolate chips)', '¼ cup unsweetened cocoa powder', '½ cup granulated sugar', '6 cups whole milk (you can also use 2% milk)', '2 cups heavy cream (you can also use evaporated milk or Half &amp; Half)', '2 teaspoons pure vanilla extract', '1 cup Kahlua (or bourbon, or any other liquor that you prefer)', 'marshmallows, chopped peppermint, cinnamon sticks, chocolate syrup, whipped cream, etc.']",True,4
762c6171cda534a9b16545d5,Slow Cooker Pot Roast,diethood.com,diethood.com,https://diethood.com/slow-cooker-balsamic-pot-roast/,4.8,5,0.03458259664862368,4.677616262814447,4.7654174033513765,4.686805144013581,0.25,theoretical_max_variance,0.030000000000000006,4.406805144013581,0.65,schema_only,,Potatoes | Vegetables | Beef,,0.0,2026-08-19T03:38:50.932867+00:00,164,0.9151592290691684,1.70579079087156,160,165,0.0,0.0,36,,,,,,,,,0,,False,,82.0,22.5,0.0,0.0,2.0,,,,C,127.0,-37.0,Raw 4.800; source/category adjustment -0.035; posterior 4.687; uncertainty -0.250 (theoretical_max_variance); evidence -0.030; final 4.407.,https://diethood.com/slow-cooker-balsamic-pot-roast/,https://diethood.com/wp-content/uploads/2016/12/Slow-Cooker-Pot-Roast-12.jpg,"['2 pounds small potatoes (halved)', '1 pound baby carrots', 'salt and fresh ground pepper (to taste)', '3 pounds boneless rump roast', '6 cloves garlic (halved lengthwise)', 'salt and freshly ground black pepper (to taste)', '1 tablespoon olive oil', '¼ cup balsamic vinegar of Modena', '¼ cup extra virgin olive oil', '¼ cup low sodium beef broth', '2 tablespoons Dijon mustard', '1 tablespoon brown sugar', '1 teaspoon dried oregano', '1 teaspoon dried thyme', '1 teaspoon dried basil', '¼ teaspoon ground nutmeg', '¼ cup chopped fresh parsley (for garnish)']",True,7
724760ffce1f4464e7d55127,Crockpot Chicken and Mushrooms,kristineskitchenblog.com,kristineskitchenblog.com,https://kristineskitchenblog.com/crockpot-chicken-and-mushrooms/,4.86,14,0.15,4.670800948597065,4.71,4.685737435999846,0.25,theoretical_max_variance,0.030000000000000006,4.405737435999845,0.65,schema_only,,Chicken | Vegetables,,0.0,2026-08-19T04:07:54.568060+00:00,165,0.42277875234892176,25.2581120082682,118,181,0.0,0.0,36,,,,,,,,,0,,False,,121.0,0.0,0.0,0.0,1.0,,,,C,121.0,-44.0,Raw 4.860; source/category adjustment -0.150; posterior 4.686; uncertainty -0.250 (theoretical_max_variance); evidence -0.030; final 4.406.,https://kristineskitchenblog.com/crockpot-chicken-and-mushrooms/,https://kristineskitchenblog.com/wp-content/uploads/2021/04/crockpot-chicken-and-mushrooms-1200-square-7212.jpg,"['1 tablespoon olive oil', '1 ½ pounds boneless, skinless chicken thighs (see note below)', '¼ teaspoon salt', '¼ teaspoon pepper', '1 small onion (chopped)', '8 ounces crimini mushrooms (sliced)', '2 cloves garlic (minced)', '½ teaspoon dried oregano', '½ teaspoon garlic powder', '½ teaspoon paprika', '1 cup low sodium chicken broth', '1 cup orzo pasta', 'grated Parmesan cheese and chopped fresh parsley (optional, for serving)']",True,7
6e4eb04f7e0a881b5d02cd73,Crockpot Chicken Tacos,kristineskitchenblog.com,kristineskitchenblog.com,https://kristineskitchenblog.com/3-ingredient-slow-cooker-taco-chicken/,5.0,2,0.15,4.670043293890816,4.85,4.6855229981536555,0.25,theoretical_max_variance,0.030000000000000006,4.405522998153655,0.65,schema_only,,Chicken,,0.0,2026-08-19T04:07:54.568060+00:00,166,0.7926030336042237,4.866980583482946,154,168,0.0,0.0,36,,,,,,,,,0,,False,,128.0,0.0,0.0,0.0,1.0,,,,C,128.0,-38.0,Raw 5.000; source/category adjustment -0.150; posterior 4.686; uncertainty -0.250 (theoretical_max_variance); evidence -0.030; final 4.406.,https://kristineskitchenblog.com/3-ingredient-slow-cooker-taco-chicken/,https://kristineskitchenblog.com/wp-content/uploads/2024/07/crockpot-chicken-tacos-08-3.jpg,"['2 pounds boneless skinless chicken breasts (or boneless skinless chicken thighs)', '1 tablespoon taco seasoning', '1 cup mild salsa', 'for serving: tortillas, shredded cheese, avocado or guacamole, tomatoes, additional salsa, etc.']",True,4
8ac85722e504d0bae754610a,Slow Cooker Chicken Stew,kristineskitchenblog.com,kristineskitchenblog.com,https://kristineskitchenblog.com/slow-cooker-chicken-stew/,5.0,2,0.15,4.666346218789081,4.85,4.6855229981536555,0.25,theoretical_max_variance,0.030000000000000006,4.405522998153655,0.65,schema_only,,Chicken | Potatoes | Vegetables,,0.0,2026-08-19T04:07:54.568060+00:00,167,0.7934830655865182,4.866980583482946,155,169,0.0,0.0,36,,,,,,,,,0,,False,,131.0,0.0,0.0,0.0,1.0,,,,C,131.0,-36.0,Raw 5.000; source/category adjustment -0.150; posterior 4.686; uncertainty -0.250 (theoretical_max_variance); evidence -0.030; final 4.406.,https://kristineskitchenblog.com/slow-cooker-chicken-stew/,https://kristineskitchenblog.com/wp-content/uploads/2024/12/slow-cooker-chicken-stew-03-3.jpg,"['1 tablespoon olive oil', '1 ½ pounds boneless, skinless chicken breasts', 'salt and pepper (to season the chicken)', '2 tablespoons unsalted butter', '1  small yellow onion (chopped)', '4 cloves garlic (minced)', '3 tablespoons all-purpose flour', '3 ½ cups low sodium chicken broth (divided)', '4  medium carrots (sliced into ¼-inch thick rounds or half rounds)', '3 ribs celery (chopped)', '1 pound baby potatoes (halved)', '1 ½ teaspoons Italian seasoning', '½ teaspoon salt', '¼ teaspoon black pepper']",True,6
aec5fab05b37609d551b87fc,"Slow Cooker Broccoli, Cheddar and White Bean Soup",kristineskitchenblog.com,kristineskitchenblog.com,https://kristineskitchenblog.com/slow-cooker-broccoli-cheddar-white-bean-soup/,5.0,2,0.15,4.671558603303313,4.85,4.6855229981536555,0.25,theoretical_max_variance,0.030000000000000006,4.405522998153655,0.65,schema_only,,Vegetables,,0.0,2026-08-19T04:07:54.568060+00:00,168,0.7943556607774638,4.866980583482946,156,170,0.0,0.0,36,,,,,,,,,0,,False,,130.0,0.0,0.0,0.0,1.0,,,,C,130.0,-38.0,Raw 5.000; source/category adjustment -0.150; posterior 4.686; uncertainty -0.250 (theoretical_max_variance); evidence -0.030; final 4.406.,https://kristineskitchenblog.com/slow-cooker-broccoli-cheddar-white-bean-soup/,https://kristineskitchenblog.com/wp-content/uploads/2017/11/broccoli-white-bean-soup-1200-6421.jpg,"['1  small yellow onion (chopped)', '1 pound chopped broccoli crowns', '15 ounce can cannellini beans (rinsed and drained)', '2 cloves garlic (minced)', '½ teaspoon salt', '¼ teaspoon ground black pepper', '3 ½ cups low sodium vegetable broth', '1 ½ cups loosely packed fresh spinach*', '6 ounces shredded sharp cheddar cheese (white or yellow, divided)', '¼ cup half and half**']",True,4
d85c25ac535c0c84831f1d6f,Crockpot Shredded Chicken,kristineskitchenblog.com,kristineskitchenblog.com,https://kristineskitchenblog.com/crockpot-shredded-chicken/,5.0,2,0.15,4.670043293890816,4.85,4.6855229981536555,0.25,theoretical_max_variance,0.030000000000000006,4.405522998153655,0.65,schema_only,,Chicken,,0.0,2026-08-19T04:07:54.568060+00:00,169,0.795220913048362,4.866980583482946,157,171,0.0,0.0,36,,,,,,,,,0,,False,,129.0,0.0,0.0,0.0,1.0,,,,C,129.0,-40.0,Raw 5.000; source/category adjustment -0.150; posterior 4.686; uncertainty -0.250 (theoretical_max_variance); evidence -0.030; final 4.406.,https://kristineskitchenblog.com/crockpot-shredded-chicken/,https://kristineskitchenblog.com/wp-content/uploads/2025/01/crockpot-shredded-chicken-07-3.jpg,"['3 pounds boneless skinless chicken breasts*', '¾ cup low sodium chicken broth', '1 teaspoon dried oregano', '½ teaspoon garlic powder', '½ teaspoon salt', '¼ teaspoon black pepper']",True,3
e18801bd069dfc809fb93a64,Slow Cooker Shredded Chicken,therealfooddietitians.com,therealfooddietitians.com,https://therealfooddietitians.com/crockpot-shredded-chicken/,5.0,2,0.15,4.670043293890816,4.85,4.6855229981536555,0.25,theoretical_max_variance,0.030000000000000006,4.405522998153655,0.65,schema_only,Stacie Hassing,Chicken,,0.0,2026-08-19T04:46:36.227580+00:00,170,0.8235300330205624,4.071411166768702,158,171,0.0,0.0,36,,,,,,,,,0,,False,,,,,,,,,,C,,,Raw 5.000; source/category adjustment -0.150; posterior 4.686; uncertainty -0.250 (theoretical_max_variance); evidence -0.030; final 4.406.,https://therealfooddietitians.com/crockpot-shredded-chicken/,https://therealfooddietitians.com/wp-content/uploads/2025/09/Slow-Cooker-Shredded-Chicken-13-225x225.jpg,"['2 lbs boneless skinless chicken breast', '½ cup low-sodium chicken broth or water', '1 teaspoon fine salt', '½ teaspoon black pepper', '¼ teaspoon garlic powder', 'Optional: Additional seasonings of choice']",True,7
b41a98ca7a1799375d3d8497,Slow Cooker Apple Butter Meatballs,allrecipes.com,allrecipes.com,https://www.allrecipes.com/slow-cooker-apple-butter-meatballs-recipe-12024372,5.0,1,-0.11871500599879986,4.732384757826601,5.0,4.685239135372354,0.25,theoretical_max_variance,0.030000000000000006,4.405239135372354,0.65,schema_only,Ramona Cruz-Peters,Desserts | Beef,,0.0,2026-08-19T02:35:00.249379+00:00,171,0.8721935409347197,2.798809270624444,163,172,0.0,0.0,36,,,,,,,,,0,,False,,46.0,35.188381921057726,0.0,1.0,3.0,,,,C,132.0,-39.0,Raw 5.000; source/category adjustment +0.119; posterior 4.685; uncertainty -0.250 (theoretical_max_variance); evidence -0.030; final 4.405.,https://www.allrecipes.com/slow-cooker-apple-butter-meatballs-recipe-12024372,https://www.allrecipes.com/thmb/YithcvbQYs2k4tAWKeaf7t4ke1o=/1500x0/filters:no_upscale():max_bytes(150000):strip_icc()/12024372-slow-cooker-apple-butter-meatballs-recipe-3x2-0bf4175b58a748179638eb30018056e0.jpg,"['1 (17-ounce) jar apple butter', '1 (12-ounce) bottle tomato-based chili sauce', '3/4 cup pure maple syrup', '1/2 teaspoon ground allspice', '1 (32-ounce) bag frozen cooked meatballs']",True,2
25708c37ece9362f514b2c0a,Slow Cooker Butter Chicken,diethood.com,diethood.com,https://diethood.com/slow-cooker-butter-chicken/,5.0,1,0.03458259664862368,4.670043293890816,4.965417403351377,4.684561045241989,0.25,theoretical_max_variance,0.030000000000000006,4.404561045241989,0.65,schema_only,,Chicken,,0.0,2026-08-19T03:38:50.932867+00:00,172,0.9077677980488181,1.9507833184532708,167,173,0.0,0.0,36,,,,,,,,,0,,False,,90.0,21.5,0.0,0.0,2.0,,,,C,133.0,-39.0,Raw 5.000; source/category adjustment -0.035; posterior 4.685; uncertainty -0.250 (theoretical_max_variance); evidence -0.030; final 4.405.,https://diethood.com/slow-cooker-butter-chicken/,https://diethood.com/wp-content/uploads/2026/04/slow-cooker-butter-chicken-3.jpg,"['2 pounds skinless, boneless chicken thighs', '1 tablespoon coconut oil', '1  yellow onion (chopped)', '1 inch knob of fresh ginger (finely grated)', '2 cloves garlic (minced)', '1 tablespoon mild curry powder', '1 tablespoon chilli powder', '½ tablespoon garam masala', '1 teaspoon cumin powder', 'salt and freshly ground black pepper (to taste)', '15 ounce can of tomato sauce', '½ cup heavy cream', '3 tablespoons unsalted butter (thinly sliced)', 'chopped parsley or cilantro (for garnish)', 'Naan bread (or cooked rice)']",True,5
39605c990190ac9559f0fbc9,Quinoa Enchilada Casserole,diethood.com,diethood.com,https://diethood.com/crock-pot-chicken-quinoa-enchiladas-casserole/,5.0,1,0.03458259664862368,4.670043293890816,4.965417403351377,4.684561045241989,0.25,theoretical_max_variance,0.030000000000000006,4.404561045241989,0.65,schema_only,,Chicken,,0.0,2026-08-19T03:38:50.932867+00:00,173,0.908201815941566,1.9507833184532708,168,174,0.0,0.0,36,,,,,,,,,0,,False,,86.0,24.0,0.0,0.0,2.0,,,,C,134.0,-39.0,Raw 5.000; source/category adjustment -0.035; posterior 4.685; uncertainty -0.250 (theoretical_max_variance); evidence -0.030; final 4.405.,https://diethood.com/crock-pot-chicken-quinoa-enchiladas-casserole/,https://diethood.com/wp-content/uploads/2017/03/Crock-Pot-Chicken-Quinoa-Enchiladas.jpg,"['½ tablespoon olive oil', '1  yellow onion (diced)', '3  garlic cloves (minced)', '1 pound lean ground chicken', '1  can ((14.5 ounces) Hunt&#39;s Diced Tomatoes)', '1  can black beans (well rinsed)', '1 cup sweet corn kernels (rinsed)', '1 cup quinoa (rinsed)', '1 tablespoon chili powder (or to taste)', '1 tablespoon ground cumin (or to taste)', '1 10-ounce can of red enchilada sauce', '1 ½ cups low sodium (fat-free chicken broth)', 'salt and fresh ground pepper (to taste)', '6-8  (8-inch) low-carb whole wheat flour tortillas', '1 cup Mexican-blend shredded cheese', 'Chopped fresh cilantro or parsley (for garnish, optional)', 'Diced avocado (for serving, optional)', 'Sour cream (for serving, optional)']",True,6
41d0ac151bb37b30b8fd3c88,Slow Cooker Breakfast Casserole,diethood.com,diethood.com,https://diethood.com/overnight-slow-cooker-breakfast-casserole/,5.0,1,0.03458259664862368,4.658651463646208,4.965417403351377,4.684561045241989,0.25,theoretical_max_variance,0.030000000000000006,4.404561045241989,0.65,schema_only,,Potatoes | Pork | Breakfast,,0.0,2026-08-19T03:38:50.932867+00:00,174,0.9086317682420941,1.9507833184532708,169,175,0.0,0.0,36,,,,,,,,,0,,False,,89.0,23.0,0.0,0.0,2.0,,,,C,135.0,-39.0,Raw 5.000; source/category adjustment -0.035; posterior 4.685; uncertainty -0.250 (theoretical_max_variance); evidence -0.030; final 4.405.,https://diethood.com/overnight-slow-cooker-breakfast-casserole/,https://diethood.com/wp-content/uploads/2017/11/slow-cooker-breakfast-casserole-6.jpg,"['2 to 3  russet potatoes (peeled and shredded (see note))', '8 ounces shredded part-skim mozzarella cheese (divided)', '4 ounces shredded parmigiano reggiano', '10  fully cooked breakfast sausage links ((I use Johnsonville), sliced into coins)', '1 cup  sun-dried tomatoes in oil (chopped)', '10 large eggs', '½ cup half and half', '½ cup 2% milk', '1 tablespoon dried basil', '1 teaspoon garlic powder', '¼ to ½ teaspoon chili powder (or to taste)', '1 teaspoon salt', '¼ teaspoon freshly ground black pepper (or to taste)', 'chopped green onions (for garnish, optional)', 'halved cherry tomatoes (for garnish, optional)']",True,6
66fe4d7e0a0145f24bd64e7a,Slow Cooker Pork Shoulder,diethood.com,diethood.com,https://diethood.com/slow-cooker-pork-shoulder/,5.0,1,0.03458259664862368,4.679660611322108,4.965417403351377,4.684561045241989,0.25,theoretical_max_variance,0.030000000000000006,4.404561045241989,0.65,schema_only,,Chicken | Potatoes | Vegetables | Desserts | Pork,,0.0,2026-08-19T03:38:50.932867+00:00,175,0.9090577118097554,1.9507833184532708,170,176,0.0,0.0,36,,,,,,,,,0,,False,,91.0,22.5,0.0,0.0,2.0,,,,C,136.0,-39.0,Raw 5.000; source/category adjustment -0.035; posterior 4.685; uncertainty -0.250 (theoretical_max_variance); evidence -0.030; final 4.405.,https://diethood.com/slow-cooker-pork-shoulder/,https://diethood.com/wp-content/uploads/2026/07/slow-cooker-pork-shoulder-recipe-diethood-12.jpg,"['4 pounds boneless pork shoulder', '3 teaspoons salt', 'freshly ground black pepper (to taste)', '1 teaspoon garlic powder', '1 teaspoon onion powder', '2 tablespoons olive oil (to sear the pork)', '¼ cup water (to deglaze the skillet)', '1  large onion (thinly sliced)', '1 tablespoon minced garlic', '1  stalk celery (chopped)', '1½ pounds Yukon Gold potatoes (halved)', '1 pound carrots (cut into 1-inch chunks)', '½ cup chicken broth', '2 tablespoons apple cider vinegar', '2 tablespoons light soy sauce', '1 tablespoon maple syrup', '1 tablespoon Dijon mustard', '1 teaspoon dried thyme', '¼ teaspoon dried rosemary', 'salt (to taste)', '2½ tablespoons cornstarch', '2½ tablespoons water']",True,7
80cd0c0b66ad64d26a610c4f,Crockpot Lasagna,diethood.com,diethood.com,https://diethood.com/crockpot-lasagna/,5.0,1,0.03458259664862368,4.671100868261963,4.965417403351377,4.684561045241989,0.25,theoretical_max_variance,0.030000000000000006,4.404561045241989,0.65,schema_only,,Beef | Pork,,0.0,2026-08-19T03:38:50.932867+00:00,176,0.9094797024485475,1.9507833184532708,171,177,0.0,0.0,36,,,,,,,,,0,,False,,88.0,24.5,0.0,0.0,2.0,,,,C,137.0,-39.0,Raw 5.000; source/category adjustment -0.035; posterior 4.685; uncertainty -0.250 (theoretical_max_variance); evidence -0.030; final 4.405.,https://diethood.com/crockpot-lasagna/,https://diethood.com/wp-content/uploads/2024/04/crockpot-lasagna-recipe-6.jpg,"['2 tablespoons olive oil', '1 small yellow onion (diced)', '½ pound ground beef', '½ pound ground Italian sausage', '1 teaspoon salt', '½ teaspoon ground black pepper', '1 teaspoon garlic powder', '¾ cup dry white wine', '15 ounces canned tomato sauce', '15 ounces canned crushed tomatoes', '2½ tablespoons tomato paste', '1 teaspoon Italian seasoning', 'salt and freshly ground black pepper (to taste)', '16 ounces whole milk ricotta', '1¼ cup shredded mozzarella cheese (divided)', '1¼ cup shredded parmesan cheese (divided)', '1 tablespoon olive oil', '½ cup chopped fresh basil', '½ pound regular lasagna noodles', 'chopped fresh parsley (for garnish)']",True,10
9f1b88e913c648ae071e3282,Crockpot French Toast Casserole,diethood.com,diethood.com,https://diethood.com/crockpot-eggnog-french-toast-casserole/,5.0,1,0.03458259664862368,4.720542705447393,4.965417403351377,4.684561045241989,0.25,theoretical_max_variance,0.030000000000000006,4.404561045241989,0.65,schema_only,,Desserts | Breakfast,,0.0,2026-08-19T03:38:50.932867+00:00,177,0.9098977949314846,1.9507833184532708,172,178,0.0,0.0,36,,,,,,,,,0,,False,,87.0,25.5,0.0,0.0,2.0,,,,C,138.0,-39.0,Raw 5.000; source/category adjustment -0.035; posterior 4.685; uncertainty -0.250 (theoretical_max_variance); evidence -0.030; final 4.405.,https://diethood.com/crockpot-eggnog-french-toast-casserole/,https://diethood.com/wp-content/uploads/2019/12/Crock-Pot-Eggnog-French-Toast-6.jpg,"['16 ounces French Brioche or Challah bread (cut into 1-inch cubes)', '8  large eggs', '2 cups eggnog (or whole milk)', '1 cup whole milk', '3 tablespoons sugar', '1½ teaspoons ground cinnamon', '1 teaspoon pure vanilla extract', '¼ teaspoon ground nutmeg', '¼ teaspoon salt', 'powdered sugar', 'chopped pecans', 'berries', 'maple syrup']",True,9
c11d9f13e15e5c1dd0a7a578,Creamy Crock Pot Mashed Potatoes,platedcravings.com,platedcravings.com,https://platedcravings.com/creamy-crock-pot-mashed-potatoes/,5.0,1,0.045661856939149904,4.663740026531965,4.95433814306085,4.684343804844136,0.25,theoretical_max_variance,0.030000000000000006,4.404343804844136,0.65,schema_only,,Chicken | Potatoes,,0.0,2026-08-19T04:46:36.227580+00:00,178,0.9149344964605611,1.8408935028645435,173,179,0.0,0.0,36,,,,,,,,,0,,False,,,,,,,,,,C,,,Raw 5.000; source/category adjustment -0.046; posterior 4.684; uncertainty -0.250 (theoretical_max_variance); evidence -0.030; final 4.404.,https://platedcravings.com/creamy-crock-pot-mashed-potatoes/,https://platedcravings.com/wp-content/uploads/2016/12/Crock-Pot-Mashed-Potatoes-Plated-Cravings-5.jpg,"['2 pounds russet potatoes', '1/2 cup chicken stock', '1/2 tsp salt', '1/8 tsp black pepper', '1 cup milk', '1/2 stick butter', '2 tbsp creamed horseradish (optional)']",True,7
506c2b005b24764e310a01a5,Easy Crockpot Italian Meatballs,platedcravings.com,platedcravings.com,https://platedcravings.com/easy-crockpot-italian-meatballs/,5.0,1,0.045661856939149904,4.692011373587709,4.95433814306085,4.684343804844136,0.25,theoretical_max_variance,0.030000000000000006,4.404343804844136,0.65,schema_only,,Beef | Breakfast,,0.0,2026-08-19T04:46:36.227580+00:00,179,0.9153257660444364,1.8408935028645435,174,180,0.0,0.0,36,,,,,,,,,0,,False,,,,,,,,,,C,,,Raw 5.000; source/category adjustment -0.046; posterior 4.684; uncertainty -0.250 (theoretical_max_variance); evidence -0.030; final 4.404.,https://platedcravings.com/easy-crockpot-italian-meatballs/,https://platedcravings.com/wp-content/uploads/2016/10/Easy-Crockpot-Italian-Meatballs-with-Marinara.jpg,"['28 oz can crushed tomatoes', '1/2  white onion (finely diced)', '2 cloves garlic (finely diced)', '1/4 tsp chili powder', '2 tsp balsamic vinegar', '1 tsp olive oil', '1 tsp dried oregano', '1/2 tsp salt', '1/4 tsp freshly ground black pepper', '1 pound ground beef', '1/2 cup breadcrumbs or panko crumbs', '1  egg (large)', '2 tsp dijon mustard', '1 tbsp dried oregano', '1/2 tsp salt', '1/4 tsp freshly ground black pepper']",True,4
6f5f87df0239fd0de6e47a31,Slow Cooker Carnitas,platedcravings.com,platedcravings.com,https://platedcravings.com/slow-cooker-carnitas/,5.0,1,0.045661856939149904,4.654195802223914,4.95433814306085,4.684343804844136,0.25,theoretical_max_variance,0.030000000000000006,4.404343804844136,0.65,schema_only,,Chicken | Pork,,0.0,2026-08-19T04:46:36.227580+00:00,180,0.9157134527200959,1.8408935028645435,175,181,0.0,0.0,36,,,,,,,,,0,,False,,,,,,,,,,C,,,Raw 5.000; source/category adjustment -0.046; posterior 4.684; uncertainty -0.250 (theoretical_max_variance); evidence -0.030; final 4.404.,https://platedcravings.com/slow-cooker-carnitas/,https://platedcravings.com/wp-content/uploads/2019/10/Slow-Cooker-Pork-Carnitas-Plated-Cravings-1-2.jpg,"['2 tsp salt', '1/2 tsp black pepper', '1 Tbsp garlic powder  (or 4 fresh garlic cloves, minced)', '1 Tbsp ground cumin', '1 1/2 tsp dried oregano', '1 1/2 tsp chili powder', '4 pound boneless pork shoulder roast', 'Oil Spray', '2  bay leaves', '2 cups chicken broth', '4  stalks fresh cilantro']",True,5
70dc790f957ec2d6a605e03a,Slow Cooker Shrimp Boil,allrecipes.com,allrecipes.com,https://www.allrecipes.com/slow-cooker-shrimp-boil-recipe-11998691,4.6,7,-0.11871500599879986,4.670037361457436,4.718715005998799,4.683828086771608,0.25,theoretical_max_variance,0.030000000000000006,4.4038280867716075,0.65,schema_only,Nicole McLaughlin,Potatoes | Pork | Seafood,,0.0,2026-08-19T02:35:00.249379+00:00,181,0.8320019042124293,4.058598553961973,179,190,0.0,0.0,36,,,,,,,,,0,,False,,47.0,37.74770044504551,0.0,1.0,3.0,,,,C,139.0,-42.0,Raw 4.600; source/category adjustment +0.119; posterior 4.684; uncertainty -0.250 (theoretical_max_variance); evidence -0.030; final 4.404.,https://www.allrecipes.com/slow-cooker-shrimp-boil-recipe-11998691,https://www.allrecipes.com/thmb/R1mi_8OxIv-hwDAgSGf7PhCDqTY=/1500x0/filters:no_upscale():max_bytes(150000):strip_icc()/Slow-Cooker-Shrimp-Boil-Peyton-Beckwith-Beauty-4x3-a89e9ae836b44bdcb45428bd350c2c43.jpg,"['1 onion, cut in wedges', '1 1/2 pounds baby red potatoes, halved', '8 cloves garlic', 'Salt and freshly ground black pepper to taste', '1 large lemon, cut in half', '1/4 cup seafood seasoning, such as Old Bay, divided', '2 Tablespoons hot sauce, such as Crystal, plus more to taste if desired', '1 Tablespoon worcestershire', '3/4 cup water', '2 bayleaves', '2-3 ears corn, cut in 2 inch-thick rounds', '1 pound smoked sausage, cut in 1 inch pieces', '3/4 cup butter, divided', '2 pounds unpeeled shrimp', 'chopped fresh parsley for serving Optional', 'Cocktail sauce and lemon wedges for serving']",True,4
02577183124f245f960f10d8,Crockpot Sesame Chicken,kristineskitchenblog.com,kristineskitchenblog.com,https://kristineskitchenblog.com/honey-sesame-chicken-slow-cooker/,5.0,1,0.15,4.670043293890816,4.85,4.682297958901766,0.25,theoretical_max_variance,0.030000000000000006,4.402297958901766,0.65,schema_only,,Chicken,,0.0,2026-08-19T04:07:54.568060+00:00,182,0.9274078898069226,1.5811388300841898,180,184,0.0,0.0,36,,,,,,,,,0,,False,,142.0,0.0,0.0,0.0,1.0,,,,C,142.0,-40.0,Raw 5.000; source/category adjustment -0.150; posterior 4.682; uncertainty -0.250 (theoretical_max_variance); evidence -0.030; final 4.402.,https://kristineskitchenblog.com/honey-sesame-chicken-slow-cooker/,https://kristineskitchenblog.com/wp-content/uploads/2012/11/crockpot-sesame-chicken-1200-square-342.jpg,"['2 pounds boneless, skinless chicken breasts (or boneless, skinless chicken thighs)', '⅓ cup low sodium soy sauce', '⅓ cup ketchup', '¼ cup honey', '2 teaspoons sesame oil', '3 cloves garlic (minced)', '¼ teaspoon black pepper', 'pinch red pepper flakes (optional)', '1 tablespoon cornstarch', '1 tablespoon water', 'cooked brown or white rice, sesame seeds and chopped green onions (for serving)']",True,7
0ce4224bad66ba9e40806beb,Crockpot Orange Chicken,kristineskitchenblog.com,kristineskitchenblog.com,https://kristineskitchenblog.com/slow-cooker-orange-chicken/,5.0,1,0.15,4.670043293890816,4.85,4.682297958901766,0.25,theoretical_max_variance,0.030000000000000006,4.402297958901766,0.65,schema_only,,Chicken,,0.0,2026-08-19T04:07:54.568060+00:00,183,0.9277396463519396,1.5811388300841898,181,185,0.0,0.0,36,,,,,,,,,0,,False,,143.0,0.0,0.0,0.0,1.0,,,,C,143.0,-40.0,Raw 5.000; source/category adjustment -0.150; posterior 4.682; uncertainty -0.250 (theoretical_max_variance); evidence -0.030; final 4.402.,https://kristineskitchenblog.com/slow-cooker-orange-chicken/,https://kristineskitchenblog.com/wp-content/uploads/2021/07/slow-cooker-orange-chicken-1200-square-8221.jpg,"['½ cup freshly squeezed orange juice', '¼ cup water', '¼ cup honey', '3 tablespoons low sodium soy sauce (or tamari for gluten-free)', '3 tablespoons rice vinegar', '2 cloves garlic (minced)', '¼ teaspoon ground ginger', 'pinch of crushed red pepper flakes (optional, more or less to taste)', '1 ½ pounds boneless skinless chicken breasts', 'salt and pepper', '2 tablespoons cornstarch', '¼ cup water', 'cooked brown or white rice (for serving)', 'chopped green onions (for serving)']",True,6
39ec582feffb6afbf3f2caac,Easy Crockpot Chicken Fajitas,kristineskitchenblog.com,kristineskitchenblog.com,https://kristineskitchenblog.com/crockpot-chicken-fajitas/,5.0,1,0.15,4.670043293890816,4.85,4.682297958901766,0.25,theoretical_max_variance,0.030000000000000006,4.402297958901766,0.65,schema_only,,Chicken,,0.0,2026-08-19T04:07:54.568060+00:00,184,0.928068384340479,1.5811388300841898,182,186,0.0,0.0,36,,,,,,,,,0,,False,,140.0,0.0,0.0,0.0,1.0,,,,C,140.0,-44.0,Raw 5.000; source/category adjustment -0.150; posterior 4.682; uncertainty -0.250 (theoretical_max_variance); evidence -0.030; final 4.402.,https://kristineskitchenblog.com/crockpot-chicken-fajitas/,https://kristineskitchenblog.com/wp-content/uploads/2026/03/crockpot-chicken-fajitas-recipe-11-2.jpg,"['1  yellow onion (sliced)', '2 pounds boneless skinless chicken breasts', '10 ounce can petite diced tomatoes with jalapeño and cilantro (can sub Rotel (diced tomatoes with green chilies))', '2 tablespoons fresh lime juice', '2  cloves garlic (minced)', '2 teaspoons chili powder', '1 teaspoon ground cumin', '1 teaspoon paprika', '1 teaspoon granulated sugar (optional)', '½ teaspoon salt', '¼ teaspoon black pepper', '1  red bell pepper (sliced into strips)', '1  yellow bell pepper (sliced into strips)', '12 small flour tortillas', 'sliced avocado', 'chopped fresh cilantro', 'sour cream or plain Greek yogurt']",True,6
55942fb7d6e63e02ff85cc2e,Slow Cooker Potato Leek Soup with Cheddar,kristineskitchenblog.com,kristineskitchenblog.com,https://kristineskitchenblog.com/slow-cooker-potato-leek-soup-with-cheddar/,5.0,1,0.15,4.664497681238213,4.85,4.682297958901766,0.25,theoretical_max_variance,0.030000000000000006,4.402297958901766,0.65,schema_only,,Potatoes | Vegetables,,0.0,2026-08-19T04:07:54.568060+00:00,185,0.928394144783421,1.5811388300841898,183,187,0.0,0.0,36,,,,,,,,,0,,False,,144.0,0.0,0.0,0.0,1.0,,,,C,144.0,-41.0,Raw 5.000; source/category adjustment -0.150; posterior 4.682; uncertainty -0.250 (theoretical_max_variance); evidence -0.030; final 4.402.,https://kristineskitchenblog.com/slow-cooker-potato-leek-soup-with-cheddar/,https://kristineskitchenblog.com/wp-content/uploads/2018/03/slow-cooker-potato-leek-soup-600-8951.jpg,"['1 tablespoon olive oil', '1 tablespoon butter', '2-3  leeks (white and light green parts only, sliced into ½-inch pieces and washed well)', '2 cloves garlic (minced)', '2 ½ pounds russet potatoes (3-4 medium, peeled and chopped into 1-inch pieces)', '4 sprigs fresh thyme', '½ teaspoon salt', '¼ teaspoon pepper', '4 cups low sodium vegetable stock or broth', '1 cup shredded cheddar cheese', 'additional shredded cheddar and sliced green onions for serving (if desired)']",True,5
8dc55a78e9d41a42d2663995,Easy Crockpot Chicken Recipes: Crockpot Chicken and Dumplings,kristineskitchenblog.com,kristineskitchenblog.com,https://kristineskitchenblog.com/crockpot-chicken-recipes/,5.0,1,0.15,4.670800948597065,4.85,4.682297958901766,0.25,theoretical_max_variance,0.030000000000000006,4.402297958901766,0.65,schema_only,,Chicken | Vegetables,,0.0,2026-08-19T04:07:54.568060+00:00,186,0.9287169679520829,1.5811388300841898,184,188,0.0,0.0,36,,,,,,,,,0,,False,,141.0,0.0,0.0,0.0,1.0,,,,C,141.0,-45.0,Raw 5.000; source/category adjustment -0.150; posterior 4.682; uncertainty -0.250 (theoretical_max_variance); evidence -0.030; final 4.402.,https://kristineskitchenblog.com/crockpot-chicken-recipes/,https://kristineskitchenblog.com/wp-content/uploads/2023/09/crock-pot-chicken-and-dumplings-14-2.jpg,"['1 medium sweet yellow onion (diced)', '2 tablespoons unsalted butter (cut into 4 pieces)', '1 ½ pounds boneless skinless chicken breasts', '1 teaspoon dried thyme', '½ teaspoon garlic powder', '½ teaspoon salt', '¼ teaspoon black pepper', '2  bay leaves', '3 cups low sodium chicken broth', '2 tablespoons cornstarch', '2 tablespoons water', '12 ounces frozen peas and carrots* (2 ½ cups)', '1 ¼ cups all-purpose flour', '1 ½ teaspoon baking powder', '½ teaspoon salt', '½ cup milk (whole milk is best)', '2 tablespoons unsalted butter (melted)']",True,6
39818bda661f283f2107a667,Crockpot French Toast Casserole,therealfooddietitians.com,therealfooddietitians.com,https://therealfooddietitians.com/crockpot-french-toast/,5.0,1,0.15,4.720542705447393,4.85,4.682297958901766,0.25,theoretical_max_variance,0.030000000000000006,4.402297958901766,0.65,schema_only,Jessica Beacom,Desserts | Breakfast,,0.0,2026-08-19T04:46:36.227580+00:00,187,0.8765438412541993,2.9154759474226504,180,189,0.0,0.0,36,,,,,,,,,0,,False,,,,,,,,,,C,,,Raw 5.000; source/category adjustment -0.150; posterior 4.682; uncertainty -0.250 (theoretical_max_variance); evidence -0.030; final 4.402.,https://therealfooddietitians.com/crockpot-french-toast/,https://therealfooddietitians.com/wp-content/uploads/2019/02/Slow-Cooker-French-Toast-Casserole-4-225x225.jpg,"['6 large eggs', '2 cups milk of choice (we used 2% dairy)', '2 tablespoons pure maple syrup', '1 teaspoon pure vanilla extract', '1½ teaspoons ground cinnamon, divided', 'Pinch of ground nutmeg', '6 cups bread cubes (use gluten-free if needed)', '1 tablespoon cane sugar, brown sugar, or coconut sugar', '1 lb. frozen berries of choice', '2 tablespoons pure maple syrup', '1 teaspoon pure vanilla extract', 'Pinch of salt']",True,10
363ed8d12f2939768d065de5,Slow Cooker Butternut Squash and Sweet Potato Soup,kristineskitchenblog.com,kristineskitchenblog.com,https://kristineskitchenblog.com/slow-cooker-butternut-squash-sweet-potato-soup/,4.82,11,0.15,4.689988686513382,4.67,4.67733108039328,0.25,theoretical_max_variance,0.030000000000000006,4.39733108039328,0.65,schema_only,,Chicken | Potatoes | Vegetables | Desserts,,0.0,2026-08-19T04:07:54.568060+00:00,188,0.6409157390088809,11.653564070942226,162,190,0.0,0.0,36,,,,,,,,,0,,False,,145.0,0.0,0.0,0.0,1.0,,,,C,145.0,-43.0,Raw 4.820; source/category adjustment -0.150; posterior 4.677; uncertainty -0.250 (theoretical_max_variance); evidence -0.030; final 4.397.,https://kristineskitchenblog.com/slow-cooker-butternut-squash-sweet-potato-soup/,https://kristineskitchenblog.com/wp-content/uploads/2017/11/slow-cooker-butternut-sweet-potato-soup-1200-6305.jpg,"['1  medium yellow onion (chopped)', '1  medium-large butternut squash (peeled, seeded and chopped into 1-inch pieces)', '2  medium sweet potatoes (about 1 ½ pounds, peeled and chopped into 1-inch pieces)', '1  apple (cored and cut into 1-inch pieces (apple is optional - see note below*))', '½ teaspoon ground cinnamon', '1 pinch nutmeg', '¼ teaspoon salt', 'black pepper (to taste)', '4 cups low sodium vegetable broth (or chicken broth)']",True,3
d9905cb3468e380558a1192e,Crock Pot White Chicken Chili,diethood.com,diethood.com,https://diethood.com/crock-pot-white-chicken-chili/,4.71,71,0.03458259664862368,4.670043293890816,4.675417403351377,4.6768746408424615,0.25,theoretical_max_variance,0.030000000000000006,4.396874640842461,0.65,schema_only,,Chicken,,0.0,2026-08-19T03:38:50.932867+00:00,189,0.9146294771926744,1.9507833184532708,186,192,0.0,0.0,36,,,,,,,,,0,,False,,81.0,33.0,0.0,0.0,2.0,,,,B,147.0,-42.0,Raw 4.710; source/category adjustment -0.035; posterior 4.677; uncertainty -0.250 (theoretical_max_variance); evidence -0.030; final 4.397.,https://diethood.com/crock-pot-white-chicken-chili/,https://diethood.com/wp-content/uploads/2014/10/Slow-Cooker-White-Chicken-Chili-5.jpg,"['1 pound boneless skinless chicken breasts', '4 cups chicken broth', '1 cup Dos Equis beer', '1 large yellow onion (diced)', '3 cloves garlic (minced)', '2 cans (15-ounces, each) Great Northern Beans (drained and rinsed well)', '1 can (4.5 ounces) green chilies', '1 cup canned sweet corn kernels (drained and rinsed)', '2 teaspoons ground cumin', '1½ teaspoons salt (or to taste)', '¾ teaspoon freshly ground black pepper (or to taste)', '¾ teaspoon chili powder (or to taste)', '½ teaspoon smoked paprika (or to taste)', 'lime wedges (for serving)', '1  avocado (sliced or diced, for garnish)', 'jalapenos slices (for garnish, optional)', 'sour cream (for garnish, optional)', 'chopped fresh cilantro (for garnish)']",True,6
0f6ffbd711647f0e1d78c4c7,Crockpot Meatballs,kristineskitchenblog.com,kristineskitchenblog.com,https://kristineskitchenblog.com/slow-cooker-italian-meatballs/,4.8,5,0.15,4.692011373587709,4.6499999999999995,4.67631265279982,0.25,theoretical_max_variance,0.030000000000000006,4.3963126527998195,0.65,schema_only,,Beef | Breakfast,,0.0,2026-08-19T04:07:54.568060+00:00,190,0.9333333333333333,1.5,188,191,0.0,0.0,36,,,,,,,,,0,,False,,146.0,0.0,0.0,0.0,1.0,,,,C,146.0,-44.0,Raw 4.800; source/category adjustment -0.150; posterior 4.676; uncertainty -0.250 (theoretical_max_variance); evidence -0.030; final 4.396.,https://kristineskitchenblog.com/slow-cooker-italian-meatballs/,https://kristineskitchenblog.com/wp-content/uploads/2023/02/crockpot-meatballs-1536-2.jpg,"['1  egg', '2 cloves garlic (minced)', '⅓ cup Panko breadcrumbs', '¼ cup grated Parmesan cheese', '1 tablespoon finely chopped fresh parsley', '½ teaspoon salt', '¼ teaspoon pepper', '1 pound ground beef (or ground turkey)', '1 cup chopped yellow onion', '3 cloves garlic (minced)', '28 ounce can crushed tomatoes', '15 ounce can tomato sauce', '3 tablespoons tomato paste', '2  bay leaves', '1 teaspoon dried oregano', '1 teaspoon dried basil', '1 teaspoon dried Italian seasoning', '¼ teaspoon salt (plus more to taste)', '¼ teaspoon pepper (plus more to taste)']",True,9
c5cbb748b4413bfe3f8e4d37,Crockpot Pulled Pork with Honey-Mustard BBQ Sauce,therealfooddietitians.com,therealfooddietitians.com,https://therealfooddietitians.com/crockpot-pulled-pork/,4.8,14,0.15,4.685567053138803,4.6499999999999995,4.672612435999845,0.25,theoretical_max_variance,0.030000000000000006,4.392612435999845,0.65,schema_only,Jessica Beacom,Potatoes | Desserts | Pork,,0.0,2026-08-19T04:46:36.227580+00:00,191,0.8100759412982976,4.94694069321861,179,192,0.0,0.0,36,,,,,,,,,0,,False,,,,,,,,,,C,,,Raw 4.800; source/category adjustment -0.150; posterior 4.673; uncertainty -0.250 (theoretical_max_variance); evidence -0.030; final 4.393.,https://therealfooddietitians.com/crockpot-pulled-pork/,https://therealfooddietitians.com/wp-content/uploads/2021/11/Slow-Cooker-Shredded-Pork-Honey-Mustard-5-225x225.jpg,"['1 small yellow onion, thinly sliced', '3 lb. boneless pork butt (Boston butt), netting removed if wrapped', '1 teaspoon onion powder', '1 teaspoon garlic powder', '¾ teaspoon smoked paprika', '½ teaspoon dried thyme', '½ teaspoon fine salt', '¼ teaspoon ground cumin', '¼ teaspoon black pepper', '½ cup Primal Kitchen Dijon Mustard', '¼ cup honey', '2 tablespoons apple cider vinegar', '½ teaspoon Worcestershire sauce (may substitute soy sauce or coconut aminos)', '1 teaspoon chili powder', '¼ teaspoon smoked paprika', 'Fine salt and black pepper to taste', 'Optional: Liquid smoke, a few drops to taste', 'Baked sweet potatoes or potatoes', 'Buns (gluten-free, if needed)', 'Sliced green onions', 'Primal Kitchen Golden BBQ Sauce (for a convenient pre-made option, use this in place of the homemade Honey-Mustard BBQ Sauce recipe above, if desired)']",True,6
6e984ecbf51c59cba580220a,Slow Cooker Apple Crisp,kristineskitchenblog.com,kristineskitchenblog.com,https://kristineskitchenblog.com/slow-cooker-apple-crisp/,4.67,3,0.15,4.760916089686285,4.52,4.6699470925281155,0.25,theoretical_max_variance,0.030000000000000006,4.389947092528115,0.65,schema_only,,Desserts,,0.0,2026-08-19T04:07:54.568060+00:00,192,0.9309543566403246,1.5723301886761005,190,194,0.0,0.0,36,,,,,,,,,0,,False,,148.0,0.0,0.0,0.0,1.0,,,,C,148.0,-44.0,Raw 4.670; source/category adjustment -0.150; posterior 4.670; uncertainty -0.250 (theoretical_max_variance); evidence -0.030; final 4.390.,https://kristineskitchenblog.com/slow-cooker-apple-crisp/,https://kristineskitchenblog.com/wp-content/uploads/2021/07/slow-cooker-apple-crisp-1200-square-1720.jpg,"['8  Granny Smith apples (peeled, cored, and cut into 1/4-inch thick slices)', '½ cup packed light brown sugar', '2 tablespoons granulated sugar', '2 teaspoons cinnamon', '¼ teaspoon nutmeg', '¼ teaspoon salt', '1 cup old-fashioned oats', '¾ cup white whole wheat flour', '¼ cup packed light brown sugar', '1 teaspoon cinnamon', '¼ teaspoon salt', '½ cup cold unsalted butter (cut into cubes)']",True,7
57beb36a532157afeab78117,Slow Cooker Spinach Lasagna,kristineskitchenblog.com,kristineskitchenblog.com,https://kristineskitchenblog.com/slow-cooker-spinach-ricotta-lasagna/,4.5,2,0.15,4.671558603303313,4.35,4.666292228922886,0.25,theoretical_max_variance,0.030000000000000006,4.386292228922886,0.65,schema_only,,Vegetables,,0.0,2026-08-19T04:07:54.568060+00:00,193,0.9306303245062572,1.5877132402714709,191,196,0.0,0.0,36,,,,,,,,,0,,False,,150.0,0.0,0.0,0.0,1.0,,,,C,150.0,-43.0,Raw 4.500; source/category adjustment -0.150; posterior 4.666; uncertainty -0.250 (theoretical_max_variance); evidence -0.030; final 4.386.,https://kristineskitchenblog.com/slow-cooker-spinach-ricotta-lasagna/,https://kristineskitchenblog.com/wp-content/uploads/2015/12/slow-cooker-spinach-lasagna-square-2519.jpg,"['1 tablespoon olive oil', '1  small onion (chopped)', '6 cloves garlic (minced)', '8 ounces crimini mushrooms (chopped)', '28 ounce can crushed tomatoes*', '14.5 ounce can petite diced tomatoes', '8 ounces tomato sauce', '2 teaspoons dried oregano', '2 teaspoons dried basil', '2 teaspoons Italian seasoning', '½ teaspoon salt', '1/8 teaspoon black pepper', '10  whole wheat lasagna noodles (uncooked, not no-boil)', '1 1/3 cups part-skim ricotta cheese', '5 ounces fresh baby spinach', '2 ¾ cups grated part-skim mozzarella cheese']",True,5
afc5498b0e57315c1b858962,Slow Cooker Maple Chicken Stew,kristineskitchenblog.com,kristineskitchenblog.com,https://kristineskitchenblog.com/slow-cooker-maple-chicken-stew/,4.5,2,0.15,4.689988686513382,4.35,4.666292228922886,0.25,theoretical_max_variance,0.030000000000000006,4.386292228922886,0.65,schema_only,,Chicken | Potatoes | Vegetables | Desserts,,0.0,2026-08-19T04:07:54.568060+00:00,194,0.9309320929978365,1.5877132402714709,192,197,0.0,0.0,36,,,,,,,,,0,,False,,149.0,0.0,0.0,0.0,1.0,,,,C,149.0,-45.0,Raw 4.500; source/category adjustment -0.150; posterior 4.666; uncertainty -0.250 (theoretical_max_variance); evidence -0.030; final 4.386.,https://kristineskitchenblog.com/slow-cooker-maple-chicken-stew/,https://kristineskitchenblog.com/wp-content/uploads/2016/02/slow-cooker-maple-chicken-stew-square-3497.jpg,"['1  small onion (chopped)', '3  medium red potatoes (cut into 1-inch pieces)', '2  turnips (cut into ½-inch pieces)', '2  parsnips (sliced into ¼-inch thick rounds)', '6  carrots (sliced into ¼-inch thick rounds)', '1 ½ pounds boneless, skinless chicken breasts', '2 cloves garlic (minced)', '¼ cup low sodium soy sauce', '3 tablespoons pure maple syrup', '1 tablespoon apple cider vinegar', '½ teaspoon dried thyme', '¼ teaspoon salt', '1/8 teaspoon pepper', '3 cups low sodium chicken broth', '1 ½ tablespoons cornstarch', 'fresh parsley (for serving (optional))']",True,4
a9d368a5063713cb738cb046,Slow Cooker Cheesy Hash Brown Potatoes,allrecipes.com,allrecipes.com,https://www.allrecipes.com/recipe/268693/slow-cooker-cheesy-hash-brown-potatoes/,4.5,14,-0.11871500599879986,4.66921645809081,4.6187150059988,4.665768843562082,0.25,theoretical_max_variance,0.030000000000000006,4.385768843562082,0.65,schema_only,KHardy,Chicken | Potatoes | Breakfast,,0.0,2026-08-19T02:35:00.249379+00:00,195,0.8541761385630517,3.670452590924207,192,202,0.0,0.0,36,,,,,,,,,0,,False,,48.0,42.16106682183879,0.0,1.0,3.0,,,,C,151.0,-44.0,Raw 4.500; source/category adjustment +0.119; posterior 4.666; uncertainty -0.250 (theoretical_max_variance); evidence -0.030; final 4.386.,https://www.allrecipes.com/recipe/268693/slow-cooker-cheesy-hash-brown-potatoes/,https://www.allrecipes.com/thmb/0_lV5xpuOqWmMhIReYbQEmGkduM=/1500x0/filters:no_upscale():max_bytes(150000):strip_icc()/268693-slow-cooker-cheesy-hash-brown-potatoes-VAT-Beauty-4x3-5409f180523d46f4974e2a1184513b96.jpg,"['1 (30 ounce) package frozen shredded hash brown potatoes', '0.5 cup butter, melted', '2 (10.5 ounce) cans condensed cream of chicken soup', '0.75 cup sour cream', '2 cups shredded Cheddar cheese']",True,2
0dd87309e63d65319f07ca07,Honey Glazed Crockpot Chicken Adobo,pinchofyum.com,pinchofyum.com,https://pinchofyum.com/honey-glazed-crockpot-chicken-adobo,4.6,22,-0.033586741413944146,4.670043293890816,4.633586741413944,4.665084780765234,0.25,theoretical_max_variance,0.030000000000000006,4.385084780765234,0.65,schema_only,Lindsay Ostrom,Chicken,,0.0,2026-08-19T04:46:36.227580+00:00,196,0.925765170757857,1.7320508075688772,195,200,0.0,0.0,36,,,,,,,,,0,,False,,,,,,,,,,C,,,Raw 4.600; source/category adjustment +0.034; posterior 4.665; uncertainty -0.250 (theoretical_max_variance); evidence -0.030; final 4.385.,https://pinchofyum.com/honey-glazed-crockpot-chicken-adobo,https://pinchofyum.com/tachyon/2013/10/chicken-adobo-4.jpg?fit=225%2C152,"['3 lbs. or more boneless skinless chicken thighs', '1 cup soy sauce (Silver Swan is the Filipino brand I use)', '1/2 cup white cane vinegar', '8-10 cloves garlic, peeled and smashed', '3 bay leaves', '1/2 teaspoon whole black peppercorns', '1/4 cup + 2 tablespoons honey', '2 tablespoons cornstarch', 'lime or calamansi for topping', 'rice for serving']",True,4
444502e02559f71d73ef9662,Slow Cooker Chicken and Rice,diethood.com,diethood.com,https://diethood.com/slow-cooker-chicken-rice-recipe/,4.5,4,0.03458259664862368,4.670043293890816,4.465417403351377,4.66312713921103,0.25,theoretical_max_variance,0.030000000000000006,4.383127139211029,0.65,schema_only,,Chicken,,0.0,2026-08-19T03:38:50.932867+00:00,197,0.9260819796870106,1.7320508075688772,196,201,0.0,0.0,36,,,,,,,,,0,,False,,94.0,31.0,0.0,0.0,2.0,,,,C,156.0,-41.0,Raw 4.500; source/category adjustment -0.035; posterior 4.663; uncertainty -0.250 (theoretical_max_variance); evidence -0.030; final 4.383.,https://diethood.com/slow-cooker-chicken-rice-recipe/,https://diethood.com/wp-content/uploads/2018/01/Slow-Cooker-Chicken-and-Rice-1-of-1.jpg,"['2 tablespoons olive oil (divided)', '2 small yellow onions (thinly sliced)', '3 cloves garlic (minced)', '14.5 ounces canned diced tomatoes', '¼ teaspoon (or to taste) ground cumin', '1 teaspoon  garlic powder', 'salt and freshly ground black pepper (to taste)', '2 cups long grain brown rice', '1½ cups reduced sodium chicken broth', '6 (about 1.5 to 2 pounds) chicken pieces (you can use chicken legs, thighs, and/or breasts)', '½ teaspoon smoked paprika (or to taste)', 'salt and freshly ground black pepper (to taste)', 'chopped fresh parsley (for garnish)']",True,5
354c1092877afb69f9f3d4f7,Crockpot Chicken Breast,kristineskitchenblog.com,kristineskitchenblog.com,https://kristineskitchenblog.com/crockpot-chicken-breast/,4.67,6,0.15,4.670043293890816,4.52,4.661914212571252,0.25,theoretical_max_variance,0.030000000000000006,4.381914212571251,0.65,schema_only,,Chicken,,0.0,2026-08-19T04:07:54.568060+00:00,198,0.9455426727515198,1.2555432644432802,195,199,0.0,0.0,36,,,,,,,,,0,,False,,155.0,0.0,0.0,0.0,1.0,,,,C,155.0,-43.0,Raw 4.670; source/category adjustment -0.150; posterior 4.662; uncertainty -0.250 (theoretical_max_variance); evidence -0.030; final 4.382.,https://kristineskitchenblog.com/crockpot-chicken-breast/,https://kristineskitchenblog.com/wp-content/uploads/2022/03/easy-crockpot-chicken-breast-08.jpg,"['½ cup low sodium chicken broth (or water)', '1 ½ teaspoons paprika', '1 ½ teaspoons dried oregano (or Italian seasoning)', '½ teaspoon garlic powder', '½ teaspoon onion powder', '½ teaspoon salt', '¼ teaspoon black pepper', '2 pounds boneless, skinless chicken breasts (about 4 chicken breasts)']",True,6
99133402baa6db8e50842bff,Crockpot Chicken and Dumplings,kristineskitchenblog.com,kristineskitchenblog.com,https://kristineskitchenblog.com/crock-pot-chicken-and-dumplings/,4.67,6,0.15,4.670800948597065,4.52,4.661914212571252,0.25,theoretical_max_variance,0.030000000000000006,4.381914212571251,0.65,schema_only,,Chicken | Vegetables,,0.0,2026-08-19T04:07:54.568060+00:00,199,0.9457778532723419,1.2555432644432802,196,200,0.0,0.0,36,,,,,,,,,0,,False,,154.0,0.0,0.0,0.0,1.0,,,,C,154.0,-45.0,Raw 4.670; source/category adjustment -0.150; posterior 4.662; uncertainty -0.250 (theoretical_max_variance); evidence -0.030; final 4.382.,https://kristineskitchenblog.com/crock-pot-chicken-and-dumplings/,https://kristineskitchenblog.com/wp-content/uploads/2023/09/crock-pot-chicken-and-dumplings-14-2.jpg,"['1 medium sweet yellow onion (chopped)', '2 tablespoons unsalted butter (cut into 4 pieces)', '1 ½ pounds boneless skinless chicken breasts', '1 teaspoon dried thyme', '½ teaspoon garlic powder', '½ teaspoon salt', '¼ teaspoon black pepper', '2  bay leaves', '3 cups low sodium chicken broth', '2 tablespoons cornstarch', '2 tablespoons water', '12 ounces frozen peas and carrots* (2 ½ cups)', '1 ¼ cups all-purpose flour', '1 ½ teaspoon baking powder', '½ teaspoon salt', '½ cup milk (whole milk is best)', '2 tablespoons unsalted butter (melted)']",True,6
337b50522cb18e5d88dff6ff,Crock Pot Beef Stroganoff,kristineskitchenblog.com,kristineskitchenblog.com,https://kristineskitchenblog.com/crock-pot-beef-stroganoff/,4.73,11,0.15,4.678254527412961,4.58,4.661101572196559,0.25,theoretical_max_variance,0.030000000000000006,4.381101572196559,0.65,schema_only,,Potatoes | Vegetables | Beef | Breakfast,,0.0,2026-08-19T04:07:54.568060+00:00,200,0.8700060495522328,3.2871804872193366,192,201,0.0,0.0,36,,,,,,,,,0,,False,,153.0,0.0,0.0,0.0,1.0,,,,C,153.0,-47.0,Raw 4.730; source/category adjustment -0.150; posterior 4.661; uncertainty -0.250 (theoretical_max_variance); evidence -0.030; final 4.381.,https://kristineskitchenblog.com/crock-pot-beef-stroganoff/,https://kristineskitchenblog.com/wp-content/uploads/2022/03/slow-cooker-beef-stroganoff.jpg,"['1 tablespoon olive oil', '1 pound stew beef (or boneless beef chuck roast, cut into 1-inch cubes)', '1 teaspoon salt', '½ teaspoon black pepper', '2 tablespoons unsalted butter', '1  medium yellow onion (thinly sliced)', '16 ounces cremini mushrooms (sliced)', '3 cloves garlic (minced)', '3 tablespoons all-purpose flour', '1 ½ cups low sodium beef broth', '1 tablespoon Worcestershire sauce', '1 teaspoon dried thyme', '⅓ cup sour cream (or full fat plain Greek yogurt)', 'cooked egg noodles, mashed potatoes, or rice, etc. (for serving)']",True,6
d1cd54f337043d0078cab1df,Slow-Cooked German Short Ribs,allrecipes.com,allrecipes.com,https://www.allrecipes.com/recipe/23564/slow-cooked-german-short-ribs/,4.5,466,-0.11871500599879986,4.7038534259669165,4.6187150059988,4.62455114089037,0.21571047204977786,theoretical_max_variance,0.030000000000000006,4.378840668840592,0.65,schema_only,PEG13,Beef,,0.0,2026-08-19T02:35:00.249379+00:00,201,0.2517223019076869,65.69516090753311,79,243,0.0,0.0,36,,,,,,,,,0,,False,,36.0,49.44357052910587,0.0,1.0,3.0,,,,B,157.0,-44.0,Raw 4.500; source/category adjustment +0.119; posterior 4.625; uncertainty -0.216 (theoretical_max_variance); evidence -0.030; final 4.379.,https://www.allrecipes.com/recipe/23564/slow-cooked-german-short-ribs/,https://www.allrecipes.com/thmb/DT15RrWeLIReseyBZhwCpVgFfcc=/1500x0/filters:no_upscale():max_bytes(150000):strip_icc()/5064154-043260710997410b915b07e95ced20f8.jpg,"['2 tablespoons all-purpose flour', '1 teaspoon salt', '0.125 teaspoon ground black pepper', '3 pounds beef short ribs', '2 tablespoons olive oil', '1 large onion, sliced', '0.5 cup dry red wine', '0.5 cup chile sauce', '3 tablespoons packed brown sugar', '3 tablespoons vinegar', '1 tablespoon Worcestershire sauce', '0.5 teaspoon dry mustard', '0.5 teaspoon chili powder', '2 tablespoons all-purpose flour', '0.25 cup water']",True,5
368647c25efec575ae086307,Crockpot Whole Chicken,kristineskitchenblog.com,kristineskitchenblog.com,https://kristineskitchenblog.com/crockpot-whole-chicken/,4.77,26,0.15,4.666346218789081,4.619999999999999,4.658778893473555,0.25,theoretical_max_variance,0.030000000000000006,4.378778893473554,0.65,schema_only,,Chicken | Potatoes | Vegetables,,0.0,2026-08-19T04:07:54.568060+00:00,202,0.7788323375591762,6.304209352135726,190,208,0.0,0.0,36,,,,,,,,,0,,False,,152.0,0.0,0.0,0.0,1.0,,,,C,152.0,-50.0,Raw 4.770; source/category adjustment -0.150; posterior 4.659; uncertainty -0.250 (theoretical_max_variance); evidence -0.030; final 4.379.,https://kristineskitchenblog.com/crockpot-whole-chicken/,https://kristineskitchenblog.com/wp-content/uploads/2021/04/crockpot-whole-chicken-1200-square-89.jpg,"['1 medium yellow onion (chopped into 1-inch pieces)', '4 medium carrots (chopped into 1-inch pieces)', '2 medium Yukon gold or red potatoes (chopped into 1-inch pieces)', '2 teaspoons paprika', '2 teaspoons garlic powder', '1 teaspoon onion powder', '1 teaspoon dried oregano', '1 teaspoon dried thyme', '1 teaspoon salt', '½ teaspoon pepper', '4 pound whole chicken', '1 tablespoon olive oil', '½  lemon (cut in half)', '4-6 sprigs fresh rosemary or fresh thyme', '2 tablespoons unsalted butter (optional, for gravy)', '2 tablespoons all-purpose flour (optional, for gravy)']",True,15
d50d80e6b784b63997131bca,Slow Cooker Corn Chowder with Bacon,platedcravings.com,platedcravings.com,https://platedcravings.com/slow-cooker-corn-chowder-bacon/,4.6,10,0.045661856939149904,4.66149942120736,4.55433814306085,4.658176288909976,0.25,theoretical_max_variance,0.030000000000000006,4.378176288909976,0.65,schema_only,,Chicken | Potatoes | Pork | Breakfast,,0.0,2026-08-19T04:46:36.227580+00:00,203,0.9415465399351758,1.3844373104863459,200,205,0.0,0.0,36,,,,,,,,,0,,False,,,,,,,,,,C,,,Raw 4.600; source/category adjustment -0.046; posterior 4.658; uncertainty -0.250 (theoretical_max_variance); evidence -0.030; final 4.378.,https://platedcravings.com/slow-cooker-corn-chowder-bacon/,https://platedcravings.com/wp-content/uploads/2018/01/Slow-Cooker-Corn-Chowder-Plated-Cravings-4.jpg,"['1/3 cup finely chopped onion (about 1 medium)', '1 lb small red potatoes (cut into cubes (450g))', '24 oz frozen whole kernel corn', '3 cups chicken broth ((720ml))', '2 cups half-and-half ((480ml))', '2 Tbsp cornstarch', '1/2 tsp freshly ground black pepper', '2 tsp fresh thyme (chopped)', '3/4 cup crumbled crispy bacon (divided (300g))', 'salt', '1/2 cup shredded cheddar ((70g))']",True,8
1056374f70ee1bfdffafb35f,Slow Cooker Garlic Lime Chicken,diethood.com,diethood.com,https://diethood.com/crock-pot-garlic-lime-chicken/,4.34,3,0.03458259664862368,4.6739237394675435,4.305417403351377,4.657800907812155,0.25,theoretical_max_variance,0.030000000000000006,4.377800907812155,0.65,schema_only,,Chicken | Vegetables | Breakfast,,0.0,2026-08-19T03:38:50.932867+00:00,204,0.9376028648314949,1.4907119849998598,200,205,0.0,0.0,36,,,,,,,,,0,,False,,100.0,29.0,0.0,0.0,2.0,,,,C,158.0,-46.0,Raw 4.340; source/category adjustment -0.035; posterior 4.658; uncertainty -0.250 (theoretical_max_variance); evidence -0.030; final 4.378.,https://diethood.com/crock-pot-garlic-lime-chicken/,https://diethood.com/wp-content/uploads/2017/01/Crock-Pot-Garlic-Lime-Chicken-e1525523319289.jpg,"['6  boneless skinless chicken breasts', 'salt and fresh ground pepper (to taste)', '4  large carrots (cut into a few big pieces (optional))', '1/4 cup lime juice ((about 2 to 3 whole limes))', '3 tablespoons soy sauce (or liquid aminos)', '1 tablespoon Worcestershire sauce', '1 tablespoon rice vinegar', '1 tablespoon sesame oil', '2  to 3 garlic cloves (minced)', '2 tablespoons cornstarch', 'toasted sesame seeds (for garnish (optional))', 'fresh cilantro (for garnish (optional))']",True,6
b27466979e412782ea7521cc,Crockpot Mashed Potatoes,diethood.com,diethood.com,https://diethood.com/spinach-and-artichoke-dip-crock-pot-mashed-potatoes/,4.34,3,0.03458259664862368,4.657436759173113,4.305417403351377,4.657800907812155,0.25,theoretical_max_variance,0.030000000000000006,4.377800907812155,0.65,schema_only,,Potatoes,,0.0,2026-08-19T03:38:50.932867+00:00,205,0.9378629535491934,1.4907119849998598,201,206,0.0,0.0,36,,,,,,,,,0,,False,,101.0,29.0,0.0,0.0,2.0,,,,C,159.0,-46.0,Raw 4.340; source/category adjustment -0.035; posterior 4.658; uncertainty -0.250 (theoretical_max_variance); evidence -0.030; final 4.378.,https://diethood.com/spinach-and-artichoke-dip-crock-pot-mashed-potatoes/,https://diethood.com/wp-content/uploads/2015/11/Crock-Pot-Spinach-and-Artichoke-Dip-Mashed-Potatoes.jpg,"['3 pounds russet potatoes, (about 8 to 10 potatoes, peeled and quartered)', '4 tablespoons butter', '3 to 4 cloves garlic, (mashed)', 'salt and fresh ground black pepper, (to taste)', '½ tablespoon dried oregano', '4 ounces cream cheese', '6 to 8 ounces fresh baby spinach', '14.75 ounces jar marinated artichoke hearts, (drained and roughly chopped)', '2 tablespoons chopped fresh parsley', '2 to 4 tablespoons milk, if needed*']",True,6
6db615f05b4362fba8382560,Crockpot Garlic Butter Steak Bites,allrecipes.com,allrecipes.com,https://www.allrecipes.com/crockpot-garlic-butter-steak-bites-recipe-11773897,4.5,30,-0.11871500599879986,4.716267898336625,4.6187150059988,4.656358076049426,0.25,theoretical_max_variance,0.030000000000000006,4.376358076049426,0.65,schema_only,Nicole McLaughlin,Beef | Snacks,,0.0,2026-08-19T02:35:00.249379+00:00,206,0.8781536676950967,3.13581462037113,201,211,0.0,0.0,36,,,,,,,,,0,,False,,49.0,45.92022067310508,0.0,1.0,3.0,,,,C,161.0,-45.0,Raw 4.500; source/category adjustment +0.119; posterior 4.656; uncertainty -0.250 (theoretical_max_variance); evidence -0.030; final 4.376.,https://www.allrecipes.com/crockpot-garlic-butter-steak-bites-recipe-11773897,https://www.allrecipes.com/thmb/mNTCY9Ynr62d7w4d06aK_w1y-KE=/1500x0/filters:no_upscale():max_bytes(150000):strip_icc()/11773897_Slow-Cooker-Garlic-Butter-Steak-Bites_Peyton-Beckwith_4x3-17d5df48c59445be805dc08e38634211.jpg,"['1 onion, sliced', '1 packet au jus seasoning', '3 pounds chuck roast cut into 1 to 1 1/2-inch cubes', '1 Tablespoon steak seasoning', '1/4 cup butter', '8 cloves garlic, minced, or more to taste', '3/4 cup beef broth', '2 Tablespoons chopped fresh parsley']",True,4
45048b464db42a128351272d,Slow Cooker Chili,diethood.com,diethood.com,https://diethood.com/slow-cooker-beef-chili/,4.5,6,0.03458259664862368,4.732384757826601,4.465417403351377,4.6560660772160425,0.25,theoretical_max_variance,0.030000000000000006,4.376066077216042,0.65,schema_only,,Desserts | Beef,,0.0,2026-08-19T03:38:50.932867+00:00,207,0.9110115936075369,2.217355782608345,203,210,0.0,0.0,36,,,,,,,,,0,,False,,102.0,29.0,0.0,0.0,2.0,,,,C,160.0,-47.0,Raw 4.500; source/category adjustment -0.035; posterior 4.656; uncertainty -0.250 (theoretical_max_variance); evidence -0.030; final 4.376.,https://diethood.com/slow-cooker-beef-chili/,https://diethood.com/wp-content/uploads/2013/02/Slow-Cooker-Chili-3.jpg,"['2 tablespoons olive oil', '1  yellow onion (diced)', '2 pounds lean ground beef', '4 cloves garlic (minced, or use a teaspoon of garlic powder)', '28 ounces canned diced tomatoes (undrained)', '1  red bell pepper (diced)', '16 ounces tomato sauce', '3 tablespoons tomato paste', '2 tablespoons chili powder', '1 tablespoon cocoa powder', '2 teaspoons ground cumin', '2 teaspoons dried oregano', '1 teaspoon ground cinnamon', '1 teaspoon paprika', '1½ teaspoons salt (or to taste)', '½ teaspoon black pepper (or to taste)', '1 cup beef broth', '32 ounces canned dark red kidney beans (rinsed and drained)', 'sour cream', 'shredded cheddar cheese', 'sliced green onions (for garnish)']",True,6
526df3b542292be8db7399d5,Slow Cooker Caramelized Onions,allrecipes.com,allrecipes.com,https://www.allrecipes.com/recipe/246511/slow-cooker-caramelized-onions/,4.5,33,-0.11871500599879986,4.678943918079802,4.6187150059988,4.654997483156031,0.25,theoretical_max_variance,0.030000000000000006,4.37499748315603,0.65,schema_only,foodelicious,,,0.0,2026-08-19T02:35:00.249379+00:00,208,0.9063075690211213,2.3570226039551585,206,213,0.0,0.0,36,,,,,,,,,0,,False,,50.0,45.87906809089401,0.0,1.0,3.0,,,,C,162.0,-46.0,Raw 4.500; source/category adjustment +0.119; posterior 4.655; uncertainty -0.250 (theoretical_max_variance); evidence -0.030; final 4.375.,https://www.allrecipes.com/recipe/246511/slow-cooker-caramelized-onions/,https://www.allrecipes.com/thmb/1A3CU-OhvebLWH0M7hjBISIlHe0=/1500x0/filters:no_upscale():max_bytes(150000):strip_icc()/6433568-cb80525d3ff345bd896d1e3289ead36a.jpg,"['0.25 cup melted butter, divided', '8 onions, thinly sliced', '1 teaspoon salt']",True,2
6b76415beab66edf1ba99ba3,Crock Pot Corned Beef,diethood.com,diethood.com,https://diethood.com/crock-pot-corned-beef/,4.65,31,0.03458259664862368,4.677616262814447,4.615417403351377,4.654631301331886,0.25,theoretical_max_variance,0.030000000000000006,4.374631301331886,0.65,schema_only,,Potatoes | Vegetables | Beef,,0.0,2026-08-19T03:38:50.932867+00:00,209,0.9344164082496299,1.6072751268321592,205,210,0.0,0.0,36,,,,,,,,,0,,False,,95.0,34.0,0.0,0.0,2.0,,,,C,163.0,-46.0,Raw 4.650; source/category adjustment -0.035; posterior 4.655; uncertainty -0.250 (theoretical_max_variance); evidence -0.030; final 4.375.,https://diethood.com/crock-pot-corned-beef/,https://diethood.com/wp-content/uploads/2020/03/slow-cooker-corned-beef-1.jpg,"['3 pounds raw corned beef brisket with spice packet', '2 tablespoons light brown sugar', '5 cloves garlic (peeled and halved lengthwise)', '2 cups Guinness beer', '1 pound baby potatoes', '6  large carrots', 'chopped fresh parsley (for garnish)']",True,6
0a4c02fd03adf2df497640f5,Quinoa Black Bean Crockpot Stuffed Peppers,pinchofyum.com,pinchofyum.com,https://pinchofyum.com/quinoa-black-bean-crockpot-stuffed-peppers,4.6,58,-0.033586741413944146,4.678943918079802,4.633586741413944,4.654585434314804,0.25,theoretical_max_variance,0.030000000000000006,4.374585434314803,0.65,schema_only,Lindsay Ostrom,,,0.0,2026-08-19T04:46:36.227580+00:00,210,0.9157960228468975,2.1147629234082532,204,211,0.0,0.0,36,,,,,,,,,0,,False,,,,,,,,,,B,,,Raw 4.600; source/category adjustment +0.034; posterior 4.655; uncertainty -0.250 (theoretical_max_variance); evidence -0.030; final 4.375.,https://pinchofyum.com/quinoa-black-bean-crockpot-stuffed-peppers,https://pinchofyum.com/tachyon/stuffed-peppers-recipe-1.jpg?fit=225%2C225,"['6 bell peppers', '1 cup uncooked quinoa, rinsed', '1 14 ounce can black beans, rinsed and drained', '1 14 ounce can refried beans', '1 1/2 cups red enchilada sauce', '1 teaspoon cumin', '1 teaspoon chili powder', '1 teaspoon onion powder', '1/2 teaspoon garlic salt', '1 1/2 cups shredded Pepperjack cheese', 'toppings! cilantro, avocado, sour cream, etc.']",True,4
8147de611aa1ab89b685a5ab,Slow Cooker Vegetable Soup,diethood.com,diethood.com,https://diethood.com/slow-cooker-vegetable-soup/,4.64,30,0.03458259664862368,4.664497681238213,4.605417403351376,4.651371475056642,0.25,theoretical_max_variance,0.030000000000000006,4.371371475056642,0.65,schema_only,,Potatoes | Vegetables,,0.0,2026-08-19T03:38:50.932867+00:00,211,0.9339751096371973,1.632993161855452,207,212,0.0,0.0,36,,,,,,,,,0,,False,,99.0,32.5,0.0,0.0,2.0,,,,C,164.0,-47.0,Raw 4.640; source/category adjustment -0.035; posterior 4.651; uncertainty -0.250 (theoretical_max_variance); evidence -0.030; final 4.371.,https://diethood.com/slow-cooker-vegetable-soup/,https://diethood.com/wp-content/uploads/2019/07/Slow-Cooker-Vegetable-Soup-6.jpg,"['2 tablespoons olive oil', '1 small yellow onion (diced)', '4  carrots (peeled and sliced into rounds)', '3  celery ribs (sliced)', '4 cloves garlic (minced)', '¼ cup chopped fresh parsley', '28 ounces canned diced tomatoes (undrained)', '3 cups diced potatoes (I use up about 2 large Russet potatoes, peeled, and dice into 1/2-inch thick cubes)', '2 cups frozen or fresh green beans (ends trimmed and chopped)', '3 tablespoons tomato paste', '2  bay leaves', '1 teaspoon smoked paprika', '2 teaspoons salt (or to taste)', '½ teaspoon dried thyme', '½ teaspoon dried basil', '½ teaspoon dried oregano', '½ teaspoon freshly ground black pepper (or to taste)', '8 cups low-sodium vegetable broth', '1 cup frozen or canned corn kernels', 'dill or parsley (finely chopped, for garnish)', 'fresh lemon juice (for serving)']",True,4
cae5c22764274d21f3aa8526,Super Easy Skinny Veggie Crockpot Lasagna,pinchofyum.com,pinchofyum.com,https://pinchofyum.com/super-easy-skinny-veggie-crockpot-lasagna,4.6,83,-0.033586741413944146,4.675863962255907,4.633586741413944,4.650638311589078,0.25,theoretical_max_variance,0.030000000000000006,4.370638311589078,0.65,schema_only,Lindsay Ostrom,Vegetables | Breakfast,,0.0,2026-08-19T04:46:36.227580+00:00,212,0.9326640938272334,1.6749792701868151,207,213,0.0,0.0,36,,,,,,,,,0,,False,,,,,,,,,,B,,,Raw 4.600; source/category adjustment +0.034; posterior 4.651; uncertainty -0.250 (theoretical_max_variance); evidence -0.030; final 4.371.,https://pinchofyum.com/super-easy-skinny-veggie-crockpot-lasagna,https://pinchofyum.com/tachyon/crockpot-veggie-lasagna-square.jpg?fit=225%2C225,"['two 24-ounce jars or cans of marinara sauce (don&#8217;t use it all &#8211; see notes)', '9 thick lasagna noodles with wavy edges (mine were called bronze cut)', '24 ounces part-skim ricotta cheese OR cottage cheese', '3-4 cups chopped vegetables of choice (I used kale)', 'Pesto (to taste)', '2 cups shredded Mozzarella or Provolone cheese', 'Parmesan cheese for topping', 'fresh parsley for topping']",True,4
b2846513b1e60380898a7eac,Slow Cooker Crack Chicken,diethood.com,diethood.com,https://diethood.com/slow-cooker-crack-chicken/,4.67,150,0.03458259664862368,4.662853641885442,4.635417403351377,4.646299032033483,0.25,theoretical_max_variance,0.030000000000000006,4.366299032033483,0.65,schema_only,,Chicken | Pork | Breakfast,,0.0,2026-08-19T03:38:50.932867+00:00,213,0.9320121843370412,1.699673171197595,210,216,0.0,0.0,36,,,,,,,,,0,,False,,97.0,34.0,0.0,0.0,2.0,,,,B,165.0,-48.0,Raw 4.670; source/category adjustment -0.035; posterior 4.646; uncertainty -0.250 (theoretical_max_variance); evidence -0.030; final 4.366.,https://diethood.com/slow-cooker-crack-chicken/,https://diethood.com/wp-content/uploads/2020/03/Slow-Cooker-Crack-Chicken-4.jpg,"['½ cup low sodium chicken broth', '1 tablespoon ranch seasoning mix', '4  boneless, skinless chicken breasts', '8 ounces block of cream cheese (at room temperature, cut up into 4 pieces for easier melting)', '2 cups shredded cheddar cheese (divided)', '6 slices bacon (cooked to a crisp and chopped)', 'chopped green onions (for serving)', 'chopped fresh parsley (for garnish)']",True,5
76d3de0395eca369193b0e88,Slow Cooker Cheesy Cauliflower Casserole,allrecipes.com,allrecipes.com,https://www.allrecipes.com/recipe/277917/slow-cooker-cheesy-cauliflower-casserole/,4.5,64,-0.11871500599879986,4.66502988223991,4.6187150059988,4.645131195508011,0.25,theoretical_max_variance,0.030000000000000006,4.3651311955080105,0.65,schema_only,Yoly,Chicken | Vegetables | Pork | Breakfast,,0.0,2026-08-19T02:35:00.249379+00:00,214,0.880079036028486,3.1885210782848317,213,223,0.0,0.0,36,,,,,,,,,0,,False,,51.0,47.02009026882965,0.0,0.0,3.0,,,,B,166.0,-48.0,Raw 4.500; source/category adjustment +0.119; posterior 4.645; uncertainty -0.250 (theoretical_max_variance); evidence -0.030; final 4.365.,https://www.allrecipes.com/recipe/277917/slow-cooker-cheesy-cauliflower-casserole/,https://www.allrecipes.com/thmb/WROeDaqdrfyeY3ZmILfU-AsnHFA=/1500x0/filters:no_upscale():max_bytes(150000):strip_icc()/image-344-af86ed394ba44174ac051094b90adea2.jpg,"['3 slices bacon', 'nonstick cooking spray', '1 medium head cauliflower, cut into florets', '0.25 cup chicken broth', '0.5 teaspoon salt', '0.25 teaspoon pepper', '0.25 teaspoon ground turmeric', ""1 (10.75 ounce) can cream of chicken soup (such as Campbell's®)"", '0.5 cup shredded mozzarella cheese', '0.5 cup shredded Cheddar cheese', '1 scallion, green part only, thinly sliced']",True,6
596744feca2b2990ecdbb75e,Crockpot Fajitas,diethood.com,diethood.com,https://diethood.com/crock-pot-beef-fajitas/,4.57,16,0.03458259664862368,4.7038534259669165,4.535417403351377,4.644149611478972,0.25,theoretical_max_variance,0.030000000000000006,4.364149611478972,0.65,schema_only,,Beef,,0.0,2026-08-19T03:38:50.932867+00:00,215,0.8897906039682882,2.91070819942883,211,220,0.0,0.0,36,,,,,,,,,0,,False,,106.0,30.5,0.0,0.0,2.0,,,,C,167.0,-48.0,Raw 4.570; source/category adjustment -0.035; posterior 4.644; uncertainty -0.250 (theoretical_max_variance); evidence -0.030; final 4.364.,https://diethood.com/crock-pot-beef-fajitas/,https://diethood.com/wp-content/uploads/2014/09/Crock-Pot-Fajitas-6.jpg,"['2 pounds flank steak', '1 large yellow onion (sliced)', '1  red bell pepper (sliced)', '1  green bell pepper (sliced)', '2 cups tomato salsa (use your favorite)', '¼ cup beef broth', '2 tablespoons Fajitas Seasoning Mix']",True,7
b7c90a0c7a5423fc217d2930,Johnny&#39;s Slow Cooker London Broil,allrecipes.com,allrecipes.com,https://www.allrecipes.com/recipe/235380/johnnys-slow-cooker-london-broil/,4.5,73,-0.11871500599879986,4.677616262814447,4.6187150059988,4.643198303592703,0.25,theoretical_max_variance,0.030000000000000006,4.363198303592703,0.65,schema_only,Johnny,Potatoes | Vegetables | Beef,,0.0,2026-08-19T02:35:00.249379+00:00,216,0.8849714468425921,3.06752705321766,215,225,0.0,0.0,36,,,,,,,,,0,,False,,52.0,47.44119166575252,0.0,0.0,3.0,,,,B,168.0,-48.0,Raw 4.500; source/category adjustment +0.119; posterior 4.643; uncertainty -0.250 (theoretical_max_variance); evidence -0.030; final 4.363.,https://www.allrecipes.com/recipe/235380/johnnys-slow-cooker-london-broil/,https://www.allrecipes.com/thmb/fKbevSISHwwSpEPZxWnDyBl36sA=/1500x0/filters:no_upscale():max_bytes(150000):strip_icc()/1109442-johnnys-slow-cooker-london-broil-Terry-E.-4x3-1-226c5406daf14475a857c5e715f03911.jpg,"['2 tablespoons vegetable oil, or as needed', '1 (2.5 pound) London broil, cut into thirds', '1 teaspoon Creole seasoning, or to taste', '2 cups beef broth', '1 (10.75 ounce) can condensed cream of mushroom soup', '0.5 cup red wine', '1 onion, sliced', '1 (16 ounce) package baby carrots', '3 potatoes, quartered, or more to taste']",True,4
414b8e6ce98df8eefaa46d59,Crockpot Chicken Gnocchi Soup,pinchofyum.com,pinchofyum.com,https://pinchofyum.com/crockpot-chicken-gnocchi-soup,4.6,210,-0.033586741413944146,4.66502988223991,4.633586741413944,4.642309275388148,0.25,theoretical_max_variance,0.030000000000000006,4.362309275388148,0.65,schema_only,Lindsay Ostrom,Chicken | Vegetables | Pork | Breakfast,,0.0,2026-08-19T04:46:36.227580+00:00,217,0.8969770569098925,2.722080495176846,212,220,0.0,0.0,36,,,,,,,,,0,,False,,,,,,,,,,B,,,Raw 4.600; source/category adjustment +0.034; posterior 4.642; uncertainty -0.250 (theoretical_max_variance); evidence -0.030; final 4.362.,https://pinchofyum.com/crockpot-chicken-gnocchi-soup,https://pinchofyum.com/tachyon/Crockpot-Chicken-Gnocchi-Soup-Square.png?fit=225%2C225,"['1 lb. boneless skinless chicken breasts', '2 cups mirepoix (just a simple mixture of chopped onions, celery, and carrots)', '1-2 teaspoons dried basil', '1-2 teaspoon Italian seasoning', '1 teaspoon poultry seasoning', '1 teaspoon salt', '4 cups chicken broth', '3 tablespoons cornstarch dissolved in 2 tablespoons water', 'two 12 ounce cans evaporated milk', 'two 1 lb. packages gnocchi (about 4 cups)', '6 slices bacon', '2-3 cloves garlic, minced', '2 cups fresh baby spinach']",True,4
2cb4edc4b44fa104a3ae7fb9,Slow Cooker Baked Beans Using Canned Beans,allrecipes.com,allrecipes.com,https://www.allrecipes.com/recipe/222258/slow-cooker-baked-beans-using-canned-beans/,4.5,80,-0.11871500599879986,4.63834831055701,4.6187150059988,4.6418799721838,0.25,theoretical_max_variance,0.030000000000000006,4.3618799721838,0.65,schema_only,wannabe chefette,Pork,,0.0,2026-08-19T02:35:00.249379+00:00,218,0.8898042313944232,2.947456530637899,216,226,0.0,0.0,36,,,,,,,,,0,,False,,53.0,47.44119166575252,0.0,0.0,3.0,,,,B,169.0,-49.0,Raw 4.500; source/category adjustment +0.119; posterior 4.642; uncertainty -0.250 (theoretical_max_variance); evidence -0.030; final 4.362.,https://www.allrecipes.com/recipe/222258/slow-cooker-baked-beans-using-canned-beans/,https://www.allrecipes.com/thmb/_AmqJwHZ0Ru2qVe-FtgoqE87RaM=/1500x0/filters:no_upscale():max_bytes(150000):strip_icc()/1053651-e24497342ac74ba0b4273550f3bb397d.jpg,"['0.5 cup hickory-flavored barbeque sauce', '0.5 cup ketchup', '0.5 cup packed brown sugar', '1 teaspoon dry mustard', '3 (14.5 ounce) cans great Northern beans, drained and rinsed', '1 green bell pepper, diced', '1 large onion, diced', '4 ounces cooked ham, diced']",True,2
4eb10a92cec47c6cf3de7ffc,Crock Pot Rump Roast,diethood.com,diethood.com,https://diethood.com/crock-pot-rump-roast/,4.6,25,0.03458259664862368,4.677616262814447,4.565417403351376,4.64110174650366,0.25,theoretical_max_variance,0.030000000000000006,4.3611017465036594,0.65,schema_only,,Potatoes | Vegetables | Beef,,0.0,2026-08-19T03:38:50.932867+00:00,219,0.912728693621426,2.285218200133681,214,221,0.0,0.0,36,,,,,,,,,0,,False,,107.0,31.5,0.0,0.0,2.0,,,,C,170.0,-49.0,Raw 4.600; source/category adjustment -0.035; posterior 4.641; uncertainty -0.250 (theoretical_max_variance); evidence -0.030; final 4.361.,https://diethood.com/crock-pot-rump-roast/,https://diethood.com/wp-content/uploads/2023/04/crock-pot-rump-roast-13.jpg,"['3 pounds rump roast', '2 tablespoons sea salt', '1 tablespoon freshly ground black pepper', '1 medium yellow onion (cut into 1-inch pieces)', '5 large carrots (cut into 1-inch pieces)', '1½ pounds baby potatoes', '4 cloves garlic (smashed)', '1 tablespoon dried oregano', '2  bay leaves', '2 tablespoons avocado oil (or vegetable oil)', '5 cups beef stock (or beef broth)', '3 tablespoons salted butter', '3 tablespoons all-purpose flour', 'salt and freshly ground black pepper ( to taste)']",True,14
d1c6966184f718671610c456,Crock Pot Honey Lemon Chicken,diethood.com,diethood.com,https://diethood.com/crock-pot-honey-lemon-chicken-recipe/,4.45,9,0.03458259664862368,4.670043293890816,4.415417403351377,4.638744958205974,0.25,theoretical_max_variance,0.030000000000000006,4.358744958205974,0.65,schema_only,,Chicken,,0.0,2026-08-19T03:38:50.932867+00:00,220,0.8940838354742281,2.8431203515386634,215,224,0.0,0.0,36,,,,,,,,,0,,False,,113.0,29.0,0.0,0.0,2.0,,,,C,171.0,-49.0,Raw 4.450; source/category adjustment -0.035; posterior 4.639; uncertainty -0.250 (theoretical_max_variance); evidence -0.030; final 4.359.,https://diethood.com/crock-pot-honey-lemon-chicken-recipe/,https://diethood.com/wp-content/uploads/2016/08/crockpot-honey-lemon-chicken-recipe-2.jpg,"['3 pounds whole chicken (giblets removed)', '4 tablespoons butter (softened)', '1 to 2 teaspoons lemon pepper', '2 cloves garlic (chopped)', '2 tablespoons olive oil', '1  whole lemon', '2 tablespoons lemon juice', '½ cup honey', '½ cup orange juice', '1 teaspoon seasoned salt (or to taste)', '¼ teaspoon freshly ground black pepper (or to taste)']",True,8
75e7f88e1846958f3044e5c5,Slow Cooker Ham with Pineapple,allrecipes.com,allrecipes.com,https://www.allrecipes.com/recipe/222873/slow-cooker-ham-with-pineapple/,4.4,17,-0.11871500599879986,4.6996322001216475,4.5187150059988,4.638288820984623,0.25,theoretical_max_variance,0.030000000000000006,4.3582888209846224,0.65,schema_only,DeeAnn,Desserts | Pork,,0.0,2026-08-19T02:35:00.249379+00:00,221,0.9304714453325208,1.8008485654145259,219,225,0.0,0.0,36,,,,,,,,,0,,False,,55.0,47.77028364998475,0.0,0.0,3.0,,,,C,172.0,-49.0,Raw 4.400; source/category adjustment +0.119; posterior 4.638; uncertainty -0.250 (theoretical_max_variance); evidence -0.030; final 4.358.,https://www.allrecipes.com/recipe/222873/slow-cooker-ham-with-pineapple/,https://www.allrecipes.com/thmb/mB4mOHGtCol38U5Ig7DBtwVRs1E=/1500x0/filters:no_upscale():max_bytes(150000):strip_icc()/7314131-86e46da65f1849058f01ec3df39f2c09.jpg,"['1 (6 to 7 pound) picnic ham', '1 (15.25 ounce) can pineapple rings, juice drained and reserved', '1 (16 ounce) can cola-flavored carbonated beverage (such as Pepsi®)']",True,2
5fe95fab37caebb8226d07dd,Slow Cooker Million Dollar Pasta,allrecipes.com,allrecipes.com,https://www.allrecipes.com/slow-cooker-million-dollar-pasta-recipe-11884095,4.0,4,-0.11871500599879986,4.7038534259669165,4.1187150059988,4.637445480147876,0.25,theoretical_max_variance,0.030000000000000006,4.3574454801478755,0.65,schema_only,Diana Moutsopoulos,Beef,,0.0,2026-08-19T02:35:00.249379+00:00,222,0.877778599743865,3.3695944365259547,217,228,0.0,0.0,36,,,,,,,,,0,,False,,57.0,47.359147890232244,0.0,0.0,3.0,,,,C,173.0,-49.0,Raw 4.000; source/category adjustment +0.119; posterior 4.637; uncertainty -0.250 (theoretical_max_variance); evidence -0.030; final 4.357.,https://www.allrecipes.com/slow-cooker-million-dollar-pasta-recipe-11884095,https://www.allrecipes.com/thmb/W4-9JDdmzBVWHiBRj0DxCXqiaag=/1500x0/filters:no_upscale():max_bytes(150000):strip_icc()/11884095-slow-cooker-million-dollar-pasta-recipe-PICS-4x3-f166c83d12924404b79e99623a95c54e.jpg,"['2 pound 85/15 lean ground beef', '2 teaspoon dried Italian seasoning', '1 teaspoon black pepper', '1 teaspoon onion powder', '3 3/4 teaspoon kosher salt, divided', '2 (24 ounce) jars spaghetti sauce', '1 pound dried uncooked cavatappi pasta', '1 cup tap water', '4 ounce cream cheese, at room temperature', '1/2 cup whole-milk ricotta cheese', '1/4 cup sour cream', '1 ounce Parmesan cheese, grated', '2 tablespoon finely chopped fresh flat-leaf parsley, plus more for garnish', '1 teaspoon garlic powder', '6 ounce part-skim low-moisture mozzarella cheese, shredded', 'Crushed red pepper (optional)']",True,6
c4eb7d8d8663356e53996a4b,Slow Cooker Blackberry Pork Tenderloin,allrecipes.com,allrecipes.com,https://www.allrecipes.com/recipe/214987/slow-cooker-blackberry-pork-tenderloin/,4.5,116,-0.11871500599879986,4.654195802223914,4.6187150059988,4.636856244577415,0.25,theoretical_max_variance,0.030000000000000006,4.356856244577415,0.65,schema_only,leeann3800,Chicken | Pork,,0.0,2026-08-19T02:35:00.249379+00:00,223,0.8720046953357382,3.5668224265054493,219,231,0.0,0.0,36,,,,,,,,,0,,False,,54.0,49.07137658554119,0.0,0.0,3.0,,,,B,174.0,-49.0,Raw 4.500; source/category adjustment +0.119; posterior 4.637; uncertainty -0.250 (theoretical_max_variance); evidence -0.030; final 4.357.,https://www.allrecipes.com/recipe/214987/slow-cooker-blackberry-pork-tenderloin/,https://www.allrecipes.com/thmb/4_pt9-gxnsrbyJSjtLtx9w3z-_w=/1500x0/filters:no_upscale():max_bytes(150000):strip_icc()/1038200-271d08edb225413682477c38c91fe889.jpg,"['1 (2 pound) pork tenderloin', '1 tablespoon dried rubbed sage', '1 tablespoon crushed dried rosemary, or to taste', '1 teaspoon salt', '1 teaspoon ground black pepper', '1 (16 ounce) jar seedless blackberry jam', '0.25 cup honey', '2 tablespoons dry red wine (such as Cabernet Sauvignon, Merlot, or a blend)', '1 cup fresh blackberries', '0.5 cup dry red wine (such as Cabernet Sauvignon, Merlot, or a blend)', '2 tablespoons honey']",True,3
50811b242f5eebbb46d4faa7,Slow Cooker Wild Rice Soup,kristineskitchenblog.com,kristineskitchenblog.com,https://kristineskitchenblog.com/slow-cooker-wild-rice-vegetable-soup/,4.5,8,0.15,4.671558603303313,4.35,4.633572343172243,0.25,theoretical_max_variance,0.030000000000000006,4.353572343172242,0.65,schema_only,,Vegetables,,0.0,2026-08-19T04:07:54.568060+00:00,224,0.7913075864618784,6.435038634089326,213,232,0.0,0.0,36,,,,,,,,,0,,False,,175.0,0.0,0.0,0.0,1.0,,,,C,175.0,-49.0,Raw 4.500; source/category adjustment -0.150; posterior 4.634; uncertainty -0.250 (theoretical_max_variance); evidence -0.030; final 4.354.,https://kristineskitchenblog.com/slow-cooker-wild-rice-vegetable-soup/,https://kristineskitchenblog.com/wp-content/uploads/2017/01/slow-cooker-wild-rice-soup-2864-1.jpg,"['1  medium onion (chopped)', '1 cup wild rice or wild rice blend (uncooked) (the cook time listed on the package should be about 45 minutes, rinsed and drained)', '1 medium butternut squash (peeled, seeded and cut into ¾-inch pieces (about 4 cups))', '15 ounce can white beans (I used cannellini, rinsed and drained)', '4  ribs celery (chopped)', '½ teaspoon dried oregano', '½ teaspoon dried thyme', '½ teaspoon garlic powder', '½ teaspoon salt', '1/8 teaspoon black pepper', '1  bay leaf', '6 cups low sodium vegetable broth', '6 cups chopped kale (or fresh spinach, optional)']",True,5
fb91520152d2abb555a78d10,Shredded Pork in a Mushroom Sauce; A Slow Cooker Recipe!,natashaskitchen.com,natashaskitchen.com,https://natashaskitchen.com/slow-cooker-pulled-pork-in-a-mushroom-sauce-recipe/,4.5,10,0.09651505824489025,4.6599834025837135,4.40348494175511,4.633034088692353,0.25,theoretical_max_variance,0.030000000000000006,4.353034088692353,0.65,schema_only,,Chicken | Vegetables | Pork,,0.0,2026-08-19T04:07:54.568060+00:00,225,0.8606229266360527,3.967751952372471,218,232,0.0,0.0,36,,,,,,,,,0,,False,,176.0,0.0,0.0,0.0,1.0,,,,C,176.0,-49.0,Raw 4.500; source/category adjustment -0.097; posterior 4.633; uncertainty -0.250 (theoretical_max_variance); evidence -0.030; final 4.353.,https://natashaskitchen.com/slow-cooker-pulled-pork-in-a-mushroom-sauce-recipe/,https://natashaskitchen.com/wp-content/uploads/2016/09/Slow-Cooker-Pulled-Pork.jpg,"['4 1/2 lbs Boneless Pork sirloin roast', '3 cups 1 lb baby carrots or thick-sliced carrots', '1 to 1 1/2 lb fresh mushrooms (thickly sliced)', '1  large Onion (finely diced)', '1/2  head of garlic (about 6 cloves, pressed)', '1/3 cup all-purpose flour', '1 oz Onion Soup or Dip Mix', '1/2 Tbsp Mrs. Dash (or your favorite seasoning)', '2 cups chicken broth', '1 cup heavy whipping cream', 'Salt to taste (I added 1 tsp.)']",True,8
69b990357ba0e1d12cf27e4f,Slow Cooker Turkey Chili,allrecipes.com,allrecipes.com,https://www.allrecipes.com/recipe/237758/slow-cooker-turkey-chili/,4.5,165,-0.11871500599879986,4.670043293890816,4.6187150059988,4.632721729738567,0.25,theoretical_max_variance,0.030000000000000006,4.352721729738567,0.65,schema_only,lala,Chicken,,0.0,2026-08-19T02:35:00.249379+00:00,226,0.853291869270075,4.2295258468165065,222,236,0.0,0.0,36,,,,,,,,,0,,False,,56.0,49.94886273869395,0.0,0.0,3.0,,,,B,178.0,-48.0,Raw 4.500; source/category adjustment +0.119; posterior 4.633; uncertainty -0.250 (theoretical_max_variance); evidence -0.030; final 4.353.,https://www.allrecipes.com/recipe/237758/slow-cooker-turkey-chili/,https://www.allrecipes.com/thmb/flhFu12lLPBVsEdjulIcmgX964M=/1500x0/filters:no_upscale():max_bytes(150000):strip_icc()/237758-slow-cooker-turkey-chili-VAT-Beauty-4x3-23f4992d6d2145da9cbfe686b81d282a.jpg,"['1.25 pounds lean ground turkey', '1 (28 ounce) can crushed tomatoes', '1 (16 ounce) can kidney beans, rinsed and drained', '1 (16 ounce) can pinto beans, rinsed and drained', '1 cup chicken stock', '1 small onion, chopped', ""1 tablespoon hot sauce (such as Frank's® Redhot®), or more to taste"", '1 tablespoon chili powder', '2 teaspoons salt', '1 teaspoon minced garlic', '0.5 teaspoon paprika', '0.5 teaspoon dried oregano', '0.5 teaspoon cayenne pepper, or more to taste', '0.5 teaspoon ground cumin', '0.5 teaspoon ground black pepper']",True,2
021c1276db9c825322fb1f1d,Pork Chile Verde Recipe,diethood.com,diethood.com,https://diethood.com/slow-cooker-pork-loin-chile-verde/,4.61,41,0.03458259664862368,4.654953456930162,4.575417403351377,4.632300103751611,0.25,theoretical_max_variance,0.030000000000000006,4.3523001037516105,0.65,schema_only,,Vegetables | Pork,,0.0,2026-08-19T03:38:50.932867+00:00,227,0.8869586903311426,3.147971127920684,220,230,0.0,0.0,36,,,,,,,,,0,,False,,114.0,31.5,0.0,0.0,2.0,,,,C,177.0,-50.0,Raw 4.610; source/category adjustment -0.035; posterior 4.632; uncertainty -0.250 (theoretical_max_variance); evidence -0.030; final 4.352.,https://diethood.com/slow-cooker-pork-loin-chile-verde/,https://diethood.com/wp-content/uploads/2020/10/slow-cooker-pork-chile-verde-9.jpg,"['3 tablespoons vegetable oil', '3 pounds boneless pork loin roast (cut into cubes)', '3  carrots (sliced into coins or shredded)', '1  yellow onion (diced)', '6 cloves garlic (minced)', '28 ounces  green enchilada sauce', '1 cup salsa verde', '1 can (4-ounces) chopped green chiles', '½ teaspoon salt (or to taste)', 'freshly ground black pepper (to taste)', 'prepared rice', 'warm flour tortillas', 'jalapenos (seeded and thinly sliced, for garnish)', 'chopped fresh cilantro (for garnish)', 'sour cream (for serving)', 'lime wedges (for serving)']",True,5
658c118cfcd120471a393aa2,Easy Slow Cooker Italian Beef,allrecipes.com,allrecipes.com,https://www.allrecipes.com/recipe/20031/slow-cooker-italian-beef/,4.5,198,-0.11871500599879986,4.7038534259669165,4.6187150059988,4.630857931821582,0.25,theoretical_max_variance,0.030000000000000006,4.350857931821582,0.65,schema_only,Casey,Beef,,0.0,2026-08-19T02:35:00.249379+00:00,228,0.8343503731059788,4.9237237489074825,223,240,0.0,0.0,36,,,,,,,,,0,,False,,58.0,49.56028876249837,0.0,0.0,3.0,,,,B,179.0,-49.0,Raw 4.500; source/category adjustment +0.119; posterior 4.631; uncertainty -0.250 (theoretical_max_variance); evidence -0.030; final 4.351.,https://www.allrecipes.com/recipe/20031/slow-cooker-italian-beef/,https://www.allrecipes.com/thmb/b-7SSlWEcYdTOGVbqNskdSwsPQU=/1500x0/filters:no_upscale():max_bytes(150000):strip_icc()/8070907-3cd9795857a0482cb575e5318f5c6784.jpg,"['1 pound thinly sliced roast beef', '1 (.7 ounce) package dry Italian-style salad dressing mix', '1 (16 ounce) jar pepperoncini, sliced', '1 (10.5 ounce) can beef broth']",True,1
daf746308215223c57243fd9,Slow Cooker Rice Pudding,allrecipes.com,allrecipes.com,https://www.allrecipes.com/recipe/235333/slow-cooker-rice-pudding/,4.5,198,-0.11871500599879986,4.680169321208501,4.6187150059988,4.630857931821582,0.25,theoretical_max_variance,0.030000000000000006,4.350857931821582,0.65,schema_only,Susan,Breakfast,,0.0,2026-08-19T02:35:00.249379+00:00,229,0.8349058021606759,4.9237237489074825,224,241,0.0,0.0,36,,,,,,,,,0,,False,,59.0,49.56028876249837,0.0,0.0,3.0,,,,B,180.0,-49.0,Raw 4.500; source/category adjustment +0.119; posterior 4.631; uncertainty -0.250 (theoretical_max_variance); evidence -0.030; final 4.351.,https://www.allrecipes.com/recipe/235333/slow-cooker-rice-pudding/,https://www.allrecipes.com/thmb/wDw3zSHw7zpBL4wc6dRpj14yjGM=/1500x0/filters:no_upscale():max_bytes(150000):strip_icc()/235333-slow-cooker-rice-pudding-VAT-Beauty-4x3-e351a5df39c94060a8df3e2fcf24c723.jpg,"['4 cups milk', '0.5 cup white sugar', '0.5 cup long-grain white rice', '1 tablespoon margarine', '1 large egg', '2 tablespoons milk', '0.5 teaspoon vanilla extract', '0.5 teaspoon almond extract', '0.125 teaspoon salt']",True,4
ebac02c2f6d62c06af57a346,Slow Cooker Sweet and Sour Kielbasa with Pineapple,allrecipes.com,allrecipes.com,https://www.allrecipes.com/recipe/269039/slow-cooker-sweet-and-sour-kielbasa-with-pineapple/,4.4,22,-0.11871500599879986,4.6996322001216475,4.5187150059988,4.629985083832829,0.25,theoretical_max_variance,0.030000000000000006,4.349985083832829,0.65,schema_only,damatto,Desserts | Pork,,0.0,2026-08-19T02:35:00.249379+00:00,230,0.9080427661621071,2.5317429218272185,226,233,0.0,0.0,36,,,,,,,,,0,,False,,61.0,49.026070162267295,0.0,0.0,3.0,,,,C,181.0,-49.0,Raw 4.400; source/category adjustment +0.119; posterior 4.630; uncertainty -0.250 (theoretical_max_variance); evidence -0.030; final 4.350.,https://www.allrecipes.com/recipe/269039/slow-cooker-sweet-and-sour-kielbasa-with-pineapple/,https://www.allrecipes.com/thmb/RC07cKsIPru9NmVyGEOdP1cNykk=/1500x0/filters:no_upscale():max_bytes(150000):strip_icc()/6583155-4d03c0f361fd47c585cce0c7e472cee5.jpg,"['1 (20 ounce) can pineapple rings in juice, cubed and juice reserved', '1 pound kielbasa (Polish) sausage, cut into quarter moon pieces', '2 medium onions, cut into wedges and sliced', '2 tablespoons water', '2 tablespoons cornstarch', '0.66666668653488 cup rice vinegar', '0.66666668653488 cup brown sugar', '6 tablespoons ketchup', '2 tablespoons soy sauce']",True,4
52cf1d697b549e4ddc4028bb,Beef in Beer in the Slow Cooker,allrecipes.com,allrecipes.com,https://www.allrecipes.com/recipe/262272/beef-in-beer-in-the-slow-cooker/,4.3,12,-0.11871500599879986,4.673482415258935,4.418715005998799,4.6285770318705755,0.25,theoretical_max_variance,0.030000000000000006,4.348577031870575,0.65,schema_only,Samantha's Supper,Vegetables | Beef | Pork | Breakfast,,0.0,2026-08-19T02:35:00.249379+00:00,231,0.8938293167331944,2.9814239699997196,224,234,0.0,0.0,36,,,,,,,,,0,,False,,62.0,49.026070162267295,0.0,0.0,3.0,,,,C,182.0,-49.0,Raw 4.300; source/category adjustment +0.119; posterior 4.629; uncertainty -0.250 (theoretical_max_variance); evidence -0.030; final 4.349.,https://www.allrecipes.com/recipe/262272/beef-in-beer-in-the-slow-cooker/,https://www.allrecipes.com/thmb/F6BxUwrzSZe00Dl8J9Z3i9Q6Cd8=/1500x0/filters:no_upscale():max_bytes(150000):strip_icc()/4997026-beef-in-beer-in-the-slow-cooker-Samanthas-Supper-4x3-1-e2a003770d76404ea873867a8012c98d.jpg,"['4 teaspoons vegetable oil, divided, or as needed', '12 shallots, peeled and left whole', '1 pound cubed beef stew meat', '1 tablespoon all-purpose flour', '1 (12 fluid ounce) can or bottle Irish stout beer (such as Guinness®)', '2 onion, cut in half and sliced', '1 large garlic clove, crushed', '4 slices smoked streaky bacon, sliced into strips', '1.5 cups fresh button mushrooms', 'salt and ground black pepper to taste']",True,4
c61f2b743b94b43e6344ad9d,Slow Cooker Spicy Chicken,allrecipes.com,allrecipes.com,https://www.allrecipes.com/recipe/214731/slow-cooker-spicy-chicken/,4.5,268,-0.11871500599879986,4.670043293890816,4.6187150059988,4.628184960728517,0.25,theoretical_max_variance,0.030000000000000006,4.348184960728517,0.65,schema_only,shmeya,Chicken,,0.0,2026-08-19T02:35:00.249379+00:00,232,0.7028383817970674,10.654615588247815,206,240,0.0,0.0,36,,,,,,,,,0,,False,,60.0,50.307940614667274,0.0,0.0,3.0,,,,B,183.0,-49.0,Raw 4.500; source/category adjustment +0.119; posterior 4.628; uncertainty -0.250 (theoretical_max_variance); evidence -0.030; final 4.348.,https://www.allrecipes.com/recipe/214731/slow-cooker-spicy-chicken/,https://www.allrecipes.com/thmb/yqa7m439xSrB3J1lCq-XmsmPz88=/1500x0/filters:no_upscale():max_bytes(150000):strip_icc()/2518667-slow-cooker-spicy-chicken-mommyluvs2cook-4x3-1-267b403e28c049788068d16f8da6967c.jpg,"['3 skinless, boneless chicken breast halves', '0.5 (8 ounce) jar medium salsa', '0.25 cup tomato sauce', '2 cloves garlic, minced', '1 small red onion, chopped', '1 teaspoon ground cumin', '1 teaspoon chili powder', '1 pinch salt and fresh ground pepper to taste']",True,1
8dfd56b1191e524e0c127050,Chicken Quinoa Casserole,diethood.com,diethood.com,https://diethood.com/crock-pot-salsa-chicken-quinoa-casserole-recipe/,4.47,15,0.03458259664862368,4.670043293890816,4.4354174033513765,4.622745491604012,0.25,theoretical_max_variance,0.030000000000000006,4.342745491604012,0.65,schema_only,,Chicken,,0.0,2026-08-19T03:38:50.932867+00:00,233,0.9009126216883262,2.782634642844,227,236,0.0,0.0,36,,,,,,,,,0,,False,,120.0,32.0,0.0,0.0,2.0,,,,C,184.0,-49.0,Raw 4.470; source/category adjustment -0.035; posterior 4.623; uncertainty -0.250 (theoretical_max_variance); evidence -0.030; final 4.343.,https://diethood.com/crock-pot-salsa-chicken-quinoa-casserole-recipe/,https://diethood.com/wp-content/uploads/2015/12/Crock-Pot-Salsa-Chicken-and-Quinoa-Casserole-e1525529051574.jpg,"['2 cups shredded rotisserie chicken', '8 ounces quinoa', '15 ounces can of black beans (rinsed and drained)', '15.25 ounces can of sweet corn (rinsed and drained)', '2 cups salsa (use your favorite brand)', '2 cups low-sodium chicken broth (divided)', '8 ounces shredded Mexican Cheese Blend', '4 ounces can of diced green chiles (not drained)', '5 ounces queso fresco (crumbled)', '1 teaspoon ground cumin', '½ teaspoon salt', '½ teaspoon freshly ground black pepper', 'Cilantro', 'Tomatoes', 'Avocado', 'Green onions', 'Olives', 'Salsa', 'Sour cream']",True,4
8ce1b0ae37e072f3091e3e01,Crock Pot Chicken Thighs with Artichokes and Sun-Dried Tomatoes,diethood.com,diethood.com,https://diethood.com/crock-pot-chicken-artichokes/,4.59,46,0.03458259664862368,4.670043293890816,4.555417403351377,4.619754129772431,0.25,theoretical_max_variance,0.030000000000000006,4.339754129772431,0.65,schema_only,,Chicken,,0.0,2026-08-19T03:38:50.932867+00:00,234,0.9356116915640538,1.7480147469502525,230,236,0.0,0.0,36,,,,,,,,,0,,False,,119.0,33.0,0.0,0.0,2.0,,,,C,185.0,-49.0,Raw 4.590; source/category adjustment -0.035; posterior 4.620; uncertainty -0.250 (theoretical_max_variance); evidence -0.030; final 4.340.,https://diethood.com/crock-pot-chicken-artichokes/,https://diethood.com/wp-content/uploads/2015/09/Slow-Cooker-Chicken-Thighs-with-Artichokes-4.jpg,"['6 to 8  boneless, skinless chicken thighs', 'salt and fresh ground pepper (to taste)', '½ tablespoon dried oregano', '½ teaspoon sweet or smoked paprika', '1 jar (14.75-ounces) grilled artichoke hearts (drained, 1/3-cup liquid reserved)', '4 cloves garlic (minced)', '⅓ cup artichoke hearts liquid', '1 bag (3.5-ounces) julienne cut sun-dried tomatoes', '3 tablespoons chopped fresh parsley']",True,6
2494df707080da41a29990b1,Grandma&#39;s Slow Cooker Swiss Steak,allrecipes.com,allrecipes.com,https://www.allrecipes.com/recipe/230773/grandmas-slow-cooker-swiss-steak/,4.4,31,-0.11871500599879986,4.687706014635115,4.5187150059988,4.61762174185127,0.25,theoretical_max_variance,0.030000000000000006,4.33762174185127,0.65,schema_only,kattykat583,Vegetables | Beef,,0.0,2026-08-19T02:35:00.249379+00:00,235,0.9303993023126678,1.9075871903765995,235,242,0.0,0.0,36,,,,,,,,,0,,False,,63.0,50.24163833139025,0.0,0.0,3.0,,,,C,186.0,-49.0,Raw 4.400; source/category adjustment +0.119; posterior 4.618; uncertainty -0.250 (theoretical_max_variance); evidence -0.030; final 4.338.,https://www.allrecipes.com/recipe/230773/grandmas-slow-cooker-swiss-steak/,https://www.allrecipes.com/thmb/EOer5BBirVgmucjqb2vi6afbi4o=/1500x0/filters:no_upscale():max_bytes(150000):strip_icc()/5266021_GrandmasSlowCookerSwissSteak4x3-16b2df4398cb4314b87e0dd2916593e7.jpg,"['0.25 cup all-purpose flour', '2 pounds beef round steak, cut into strips', '2 tablespoons vegetable oil', '1 (14.5 ounce) can cream of mushroom soup', '1 (14.5 ounce) can Cheddar cheese soup', '0.5 small onion, chopped', '1 tablespoon chopped green bell pepper, or more to taste', '1 clove garlic, minced', '1 teaspoon Worcestershire sauce', '0.5 teaspoon browning sauce (such as Kitchen Bouquet®), or to taste', 'salt and ground black pepper to taste']",True,4
894540b4d7173834931e2588,Slow Cooker BBQ Chicken Thighs,allrecipes.com,allrecipes.com,https://www.allrecipes.com/recipe/266405/slow-cooker-bbq-chicken-thighs/,4.4,34,-0.11871500599879986,4.670043293890816,4.5187150059988,4.614089358427968,0.25,theoretical_max_variance,0.030000000000000006,4.334089358427968,0.65,schema_only,Tyson Chicken,Chicken,,0.0,2026-08-19T02:35:00.249379+00:00,236,0.9203405923107386,2.2157893000513886,236,244,0.0,0.0,36,,,,,,,,,0,,False,,64.0,50.24163833139025,0.0,0.0,3.0,,,,C,187.0,-49.0,Raw 4.400; source/category adjustment +0.119; posterior 4.614; uncertainty -0.250 (theoretical_max_variance); evidence -0.030; final 4.334.,https://www.allrecipes.com/recipe/266405/slow-cooker-bbq-chicken-thighs/,https://www.allrecipes.com/thmb/MCqKDXvfK2DS1MSczFxf2NXZ7WI=/1500x0/filters:no_upscale():max_bytes(150000):strip_icc()/5632595-slow-cooker-bbq-chicken-thighs-KGora-4x3-1-cecd4801f64c4862a92878f88d487608.jpg,"['1.5 cups barbecue sauce', '0.25 cup honey', '2 teaspoons Creole mustard', '0.25 teaspoon Worcestershire sauce', '0.25 teaspoon hot pepper sauce', '9 Tyson® Fresh Boneless, Skinless Chicken Thighs', '0.5 teaspoon salt', '0.25 teaspoon pepper']",True,3
086147810ebfb0aafa418c56,Slow Cooker Cream of Mushroom Chicken and Rice,diethood.com,diethood.com,https://diethood.com/slow-cooker-cream-of-mushroom-chicken-and-rice/,3.0,2,0.03458259664862368,4.670800948597065,2.9654174033513763,4.613039052128709,0.25,theoretical_max_variance,0.030000000000000006,4.333039052128709,0.65,schema_only,,Chicken | Vegetables,,0.0,2026-08-19T03:38:50.932867+00:00,237,0.9096188470752711,2.553592241007427,231,240,0.0,0.0,36,,,,,,,,,0,,False,,124.0,32.0,0.0,0.0,2.0,,,,C,188.0,-49.0,Raw 3.000; source/category adjustment -0.035; posterior 4.613; uncertainty -0.250 (theoretical_max_variance); evidence -0.030; final 4.333.,https://diethood.com/slow-cooker-cream-of-mushroom-chicken-and-rice/,https://diethood.com/wp-content/uploads/2026/07/slow-cooker-chicken-and-rice-recipe-diethood-1.jpg,"['1 pound skinless, boneless chicken breasts (cut to 1-inch pieces)', '1 teaspoon minced garlic', 'salt and freshly ground black pepper (to taste)', '1  small yellow onion (finely diced)', '½ teaspoon paprika', '2½ to 3 cups chicken broth (2 ½ cups for a thicker, or 3 cups for a creamier meal)', '10.5 ounces can cream of mushroom soup', '1½ cups basmati rice (or brown rice *see notes below*)', '1½ cups freshly shredded cheddar cheese', 'chopped fresh parsley (for serving)']",True,5
300e0d871d5abb039f6fa90a,Crockpot Orange Chicken,diethood.com,diethood.com,https://diethood.com/crockpot-orange-chicken/,4.39,13,0.03458259664862368,4.675106307549658,4.355417403351376,4.612184478532666,0.25,theoretical_max_variance,0.030000000000000006,4.332184478532666,0.65,schema_only,,Chicken | Breakfast,,0.0,2026-08-19T03:38:50.932867+00:00,238,0.9221578756536852,2.1778557242286634,232,240,0.0,0.0,36,,,,,,,,,0,,False,,123.0,33.0,0.0,0.0,2.0,,,,C,189.0,-49.0,Raw 4.390; source/category adjustment -0.035; posterior 4.612; uncertainty -0.250 (theoretical_max_variance); evidence -0.030; final 4.332.,https://diethood.com/crockpot-orange-chicken/,https://diethood.com/wp-content/uploads/2015/04/slow-cooker-orange-chicken-7.jpg,"['1.5 to 2 pounds skinless, boneless chicken breasts', 'salt and fresh ground black pepper, (to taste)', '¾ cup orange marmalade', '¾ cup freshly squeezed orange juice', '¼ cup low-sodium soy sauce', '3 cloves garlic, (finely chopped)', '1 teaspoon freshly grated ginger, (or to taste)', 'toasted sesame seeds', '2 tablespoons water', '1 tablespoon cornstarch']",True,10
48a666aec91d4fc9c70c3dd5,Slow Cooker Chicken Sloppy Joe Sliders,therealfooddietitians.com,therealfooddietitians.com,https://therealfooddietitians.com/slow-cooker-chicken-sloppy-joe-sliders/,4.2,6,0.15,4.689988686513382,4.05,4.611557069714109,0.25,theoretical_max_variance,0.030000000000000006,4.331557069714108,0.65,schema_only,The Real Food Dietitians,Chicken | Potatoes | Vegetables | Desserts,,0.0,2026-08-19T04:46:36.227580+00:00,239,0.8831508197280771,3.4268141991586814,229,241,0.0,0.0,36,,,,,,,,,0,,False,,,,,,,,,,C,,,Raw 4.200; source/category adjustment -0.150; posterior 4.612; uncertainty -0.250 (theoretical_max_variance); evidence -0.030; final 4.332.,https://therealfooddietitians.com/slow-cooker-chicken-sloppy-joe-sliders/,https://therealfooddietitians.com/wp-content/uploads/2016/09/Slow-Cooker-Chicken-Sloppy-Joe-Sliders-9-225x225.jpg,"['2 lbs. boneless chicken breast and/or thighs', '14 oz. can organic tomato sauce', '¼ cup canned organic tomato paste', '3 Tbsp. yellow mustard', '2 Tbsp. apple cider vinegar', '2 tsp. coconut amino', '3 pitted dates, finely chopped (optional for touch of sweetness)', '¾ cup shredded carrots', '1 tsp. garlic powder', '½ tsp. onion powder', '½ tsp. smoked paprika', '¼ tsp. sea salt', '¼ tsp. black pepper', '2 sweet potatoes, sliced into ¼-inch rounds', 'Avocado oil or olive oil']",True,10
7a972f8f985036b4d362e8a0,Slow Cooker Chicken Rotel Tacos,allrecipes.com,allrecipes.com,https://www.allrecipes.com/slow-cooker-chicken-rotel-tacos-recipe-12011448,3.8,5,-0.11871500599879986,4.670043293890816,3.9187150059988,4.609832198799711,0.25,theoretical_max_variance,0.030000000000000006,4.329832198799711,0.65,schema_only,Juliana Hale,Chicken,,0.0,2026-08-19T02:35:00.249379+00:00,240,0.920656361373995,2.2407216099581255,235,243,0.0,0.0,36,,,,,,,,,0,,False,,65.0,51.03593505234,0.0,0.0,3.0,,,,C,190.0,-50.0,Raw 3.800; source/category adjustment +0.119; posterior 4.610; uncertainty -0.250 (theoretical_max_variance); evidence -0.030; final 4.330.,https://www.allrecipes.com/slow-cooker-chicken-rotel-tacos-recipe-12011448,https://www.allrecipes.com/thmb/u8GayEdv1zkhtM6RBEAr-CtCfr4=/1500x0/filters:no_upscale():max_bytes(150000):strip_icc()/slow-cooker-chicken-rotel-tacos-PICS-Beauty-4x3-0768862af2604e31a9fd5f82c462e55a.jpg,"['2 pounds skinless, boneless chicken thighs', '1 (0.85 ounce) packet chicken or regular taco seasoning mix', '1 onion, finely chopped', '2 (10-ounce) cans diced tomatoes with green chile peppers (RO*TEL), drained', '1 (8-ounce) package processed cheese food (Velveeta), cubed', '16 crisp taco shells or 6-inch flour tortillas, warmed', 'Shredded iceberg lettuce', 'Sour cream', 'Taco sauce']",True,4
7995bbdb9721b5ff05e01448,Slow Cooker Cowboy Butter Steak Bites,allrecipes.com,allrecipes.com,https://www.allrecipes.com/slow-cooker-cowboy-butter-steak-bites-recipe-12003358,4.1,9,-0.11871500599879986,4.716267898336625,4.218715005998799,4.608739507762361,0.25,theoretical_max_variance,0.030000000000000006,4.328739507762361,0.65,schema_only,Diana Moutsopoulos,Beef | Snacks,,0.0,2026-08-19T02:35:00.249379+00:00,241,0.947928546083493,1.4337208778404378,239,244,0.0,0.0,36,,,,,,,,,0,,False,,66.0,51.03593505234,0.0,0.0,3.0,,,,C,191.0,-50.0,Raw 4.100; source/category adjustment +0.119; posterior 4.609; uncertainty -0.250 (theoretical_max_variance); evidence -0.030; final 4.329.,https://www.allrecipes.com/slow-cooker-cowboy-butter-steak-bites-recipe-12003358,https://www.allrecipes.com/thmb/O7GNnOC8tlwCD8J1TedGAoGy4A4=/1500x0/filters:no_upscale():max_bytes(150000):strip_icc()/slow-cooker-cowboy-butter-steak-bites-PICS-Beauty-4x3-39daa06fb1824f0d8b280e64364b7436.jpg,"['1 medium onion, sliced (1 cup)', '3 pounds boneless beef chuck roast, trimmed and cut into 1- to 1 1/2-inch cubes', '1 1/2 teaspoons kosher salt', '1/2 cup salted butter, softened', '4 medium cloves garlic, minced', '1 tablespoon chopped fresh flat-leaf parsley, plus more for garnish', '1 tablespoon chopped fresh chives, plus more for garnish', '2 teaspoons Dijon mustard', '1 teaspoon lemon zest', '1 teaspoon lemon juice', '1 teaspoon smoked paprika', '1/2 teaspoon ground black pepper', '1/2 teaspoon chopped fresh thyme', '1/4 teaspoon chili powder', '1/4 teaspoon crushed red pepper', '1/2 cup beef broth']",True,5
72b05b3bf13bbd57713ef68a,Slow Cooker Cranberry Pork Roast,allrecipes.com,allrecipes.com,https://www.allrecipes.com/recipe/228809/slow-cooker-cranberry-pork-roast/,4.4,43,-0.11871500599879986,4.63834831055701,4.5187150059988,4.604859582386435,0.25,theoretical_max_variance,0.030000000000000006,4.324859582386435,0.65,schema_only,gtmecheng,Pork,,0.0,2026-08-19T02:35:00.249379+00:00,242,0.9366612847694491,1.7716909687891083,240,246,0.0,0.0,36,,,,,,,,,0,,False,,67.0,51.075108092559795,0.0,0.0,3.0,,,,C,192.0,-50.0,Raw 4.400; source/category adjustment +0.119; posterior 4.605; uncertainty -0.250 (theoretical_max_variance); evidence -0.030; final 4.325.,https://www.allrecipes.com/recipe/228809/slow-cooker-cranberry-pork-roast/,https://www.allrecipes.com/thmb/T2xXNDU78wK5UKHWLFhp9xe1iAc=/1500x0/filters:no_upscale():max_bytes(150000):strip_icc()/3920621-bc12eabcd58f49ca9c481f0fa403e32b.jpg,"['1 (16 ounce) can jellied cranberry sauce', '0.5 cup cranberry juice', '0.25 cup white sugar', '1 teaspoon dry mustard', '0.25 teaspoon ground cloves', 'salt to taste', '1 (1 1/2-pound) boneless pork loin roast', '0.25 cup water, or as needed', '2 tablespoons cold water', '2 tablespoons cornstarch']",True,5
9e47ca7f8d8a1813a9e2269a,"Slow Cooker Chicken, Broccoli and Rice Casserole",kristineskitchenblog.com,kristineskitchenblog.com,https://kristineskitchenblog.com/slow-cooker-chicken-broccoli-and-rice-casserole/,4.42,12,0.15,4.670800948597065,4.27,4.59979348232242,0.25,theoretical_max_variance,0.030000000000000006,4.31979348232242,0.65,schema_only,,Chicken | Vegetables,,0.0,2026-08-19T04:07:54.568060+00:00,243,0.8671206101590805,4.030267429781249,234,248,0.0,0.0,36,,,,,,,,,0,,False,,193.0,0.0,0.0,0.0,1.0,,,,C,193.0,-50.0,Raw 4.420; source/category adjustment -0.150; posterior 4.600; uncertainty -0.250 (theoretical_max_variance); evidence -0.030; final 4.320.,https://kristineskitchenblog.com/slow-cooker-chicken-broccoli-and-rice-casserole/,https://kristineskitchenblog.com/wp-content/uploads/2016/09/slow-cooker-chicken-broccoli-rice-1200-9420.jpg,"['1  small onion (chopped)', '1 cup long grain brown rice (rinsed and drained (do NOT substitute white rice or any other type of rice))', '1 tablespoon Dijon mustard', '1 teaspoon garlic powder', '1 teaspoon dried thyme', '1/2 teaspoon salt', '1/4 teaspoon black pepper', '2 cups low sodium chicken broth', '1 pound boneless skinless chicken breasts', '1 pound broccoli (cut into small pieces)', '1/2 cup plain Greek yogurt (optional, for extra creaminess)', '1/2 cup grated Parmesan cheese', '1 cup shredded cheddar cheese']",True,8
5a0730e96c6a543ca1600058,Super Easy Crockpot Broccoli Cheese Soup,pinchofyum.com,pinchofyum.com,https://pinchofyum.com/super-easycrockpot-broccoli-cheese-soup,4.2,11,-0.033586741413944146,4.666346218789081,4.233586741413944,4.5986336075334995,0.25,theoretical_max_variance,0.030000000000000006,4.318633607533499,0.65,schema_only,Lindsay Ostrom,Chicken | Potatoes | Vegetables,,0.0,2026-08-19T04:46:36.227580+00:00,244,0.9426849898245785,1.6051133570215186,242,248,0.0,0.0,36,,,,,,,,,0,,False,,,,,,,,,,C,,,Raw 4.200; source/category adjustment +0.034; posterior 4.599; uncertainty -0.250 (theoretical_max_variance); evidence -0.030; final 4.319.,https://pinchofyum.com/super-easycrockpot-broccoli-cheese-soup,https://pinchofyum.com/tachyon/broccoli_cheese_soup4-273x300.jpg?fit=205%2C225,"['2-3 large heads of broccoli', '1 large onion, diced', '2 cans cream of chicken, potato, or mushroom soup, homemade version here', '1 can milk (just refill the empty soup can)', '2 12 ounce cans evaporated milk', 'salt and pepper to taste', 'cheddar cheese for topping']",True,3
52c40a8ae7b3a7ff708aaca7,Slow Cooker Autumn Delight,allrecipes.com,allrecipes.com,https://www.allrecipes.com/recipe/231252/slow-cooker-autumn-delight/,4.4,51,-0.11871500599879986,4.6851937834929105,4.5187150059988,4.598036249603256,0.25,theoretical_max_variance,0.030000000000000006,4.318036249603256,0.65,schema_only,Silver Moon,Vegetables | Beef | Breakfast,,0.0,2026-08-19T02:35:00.249379+00:00,245,0.9373333922351872,1.7716909687891083,243,249,0.0,0.0,36,,,,,,,,,0,,False,,68.0,51.44792404838983,0.0,0.0,3.0,,,,B,194.0,-51.0,Raw 4.400; source/category adjustment +0.119; posterior 4.598; uncertainty -0.250 (theoretical_max_variance); evidence -0.030; final 4.318.,https://www.allrecipes.com/recipe/231252/slow-cooker-autumn-delight/,https://www.allrecipes.com/thmb/Xo0ly93gsX4GbRFg-63efs02jns=/1500x0/filters:no_upscale():max_bytes(150000):strip_icc()/4552710-a479ee1bc56c4423afaa97ceaf51a30a.jpg,"['2 (10.75 ounce) cans cream of mushroom soup', '1 (10.75 ounce) can cream of mushroom soup with garlic', '1 cup water', '1 (1 ounce) package dry onion soup mix (such as Lipton®)', '2 teaspoons vegetable oil', '1 yellow onion, sliced', '4 (4 ounce) beef cube steaks', '0.66666668653488 (12 ounce) package egg noodles']",True,4
46d8f3313707d00a0be9ab4b,Slow Cooker Chicken and Sausage Gumbo,allrecipes.com,allrecipes.com,https://www.allrecipes.com/recipe/220019/slow-cooker-chicken-and-sausage-gumbo/,4.4,56,-0.11871500599879986,4.6599834025837135,4.5187150059988,4.594294681508707,0.25,theoretical_max_variance,0.030000000000000006,4.314294681508707,0.65,schema_only,learntosink,Chicken | Vegetables | Pork,,0.0,2026-08-19T02:35:00.249379+00:00,246,0.9375542694745231,1.7716909687891083,244,250,0.0,0.0,36,,,,,,,,,0,,False,,70.0,51.044642770378516,0.0,0.0,3.0,,,,B,195.0,-51.0,Raw 4.400; source/category adjustment +0.119; posterior 4.594; uncertainty -0.250 (theoretical_max_variance); evidence -0.030; final 4.314.,https://www.allrecipes.com/recipe/220019/slow-cooker-chicken-and-sausage-gumbo/,https://www.allrecipes.com/thmb/rnHeLSrT_his2t3DqasBuel-ZCk=/1500x0/filters:no_upscale():max_bytes(150000):strip_icc()/6816024-slow-cooker-chicken-and-sausage-gumbo-moosetracks-4x3-1-fe7f43749fae452b943a324d50c021e6.jpg,"['0.33333334326744 cup vegetable oil', '0.33333334326744 cup all-purpose flour', '3 cups water', '0.75 pound smoked sausage, quartered lengthwise and sliced', '1.5 cups cubed cooked chicken', '2 cups sliced okra', '1 cup chopped onion', '0.5 cup chopped green bell pepper', '0.5 cup chopped celery', '4 cloves garlic, minced', '0.5 teaspoon salt', '0.5 teaspoon ground black pepper', '0.25 teaspoon cayenne pepper']",True,6
68befb96949f4050620cb4f0,Slow Cooker Split Pea Sausage Soup,allrecipes.com,allrecipes.com,https://www.allrecipes.com/recipe/16810/slow-cooker-split-pea-sausage-soup/,4.4,629,-0.11871500599879986,4.6593467417310634,4.5187150059988,4.5305138949591095,0.1880447413310674,theoretical_max_variance,0.030000000000000006,4.312469153628042,0.65,schema_only,Dorothy,Chicken | Potatoes | Vegetables | Pork,,0.0,2026-08-19T02:35:00.249379+00:00,247,0.5865950814209437,18.81691762454438,217,259,0.0,0.0,36,,,,,,,,,0,,False,,69.0,51.89091121445707,0.0,0.0,3.0,,,,B,196.0,-51.0,Raw 4.400; source/category adjustment +0.119; posterior 4.531; uncertainty -0.188 (theoretical_max_variance); evidence -0.030; final 4.312.,https://www.allrecipes.com/recipe/16810/slow-cooker-split-pea-sausage-soup/,https://www.allrecipes.com/thmb/ca8qq5uv8yn4Ych03b6jK0-6koE=/1500x0/filters:no_upscale():max_bytes(150000):strip_icc()/18221-slow-cooker-split-pea-sausage-soup-FOODGU1-4x3-1-746be5bf482240509e39f1e73a7b1a7c.jpg,"['1 pound dried split peas', '10 cups water', '1 pound smoked sausage of your choice, sliced', '5 cubes chicken bouillon', '1.5 cups chopped carrot', '1 cup chopped celery', '2 potatoes, peeled and chopped', '0.5 teaspoon garlic powder', '0.5 teaspoon dried oregano', '2 bay leaves', '1 onion, chopped']",True,2
3d7205a6de5e482ef7d58b49,Slow Cooker Salsa Verde Chicken,diethood.com,diethood.com,https://diethood.com/easy-crock-pot-salsa-verde-chicken/,4.56,69,0.03458259664862368,4.670043293890816,4.525417403351376,4.5899243423129,0.25,theoretical_max_variance,0.030000000000000006,4.3099243423128994,0.65,schema_only,,Chicken,,0.0,2026-08-19T03:38:50.932867+00:00,248,0.9482531845482461,1.4624940645653537,245,250,0.0,0.0,36,,,,,,,,,0,,False,,131.0,33.0,0.0,0.0,2.0,,,,B,197.0,-51.0,Raw 4.560; source/category adjustment -0.035; posterior 4.590; uncertainty -0.250 (theoretical_max_variance); evidence -0.030; final 4.310.,https://diethood.com/easy-crock-pot-salsa-verde-chicken/,https://diethood.com/wp-content/uploads/2015/10/Crock-Pot-Salsa-Verde-Chicken-3.jpg,"['6  boneless, skinless chicken breasts', 'salt and fresh ground black pepper (to taste)', '1 small yellow onion (diced)', '5 cloves garlic (minced)', '14.5 ounces canned roasted diced tomatoes', '2 cups salsa verde', '½ tablespoon ground cumin (or to taste)', '½ tablespoon chili powder (or to taste)', 'chopped parsley or cilantro (for garnish)', '1  jalapeno (sliced into rings, for garnish)']",True,6
a94a7bfed178ab12ad35a82b,Crock Pot Pork Chops,diethood.com,diethood.com,https://diethood.com/crock-pot-pork-chops-recipe/,3.0,3,0.03458259664862368,4.647892534865061,2.9654174033513763,4.581951851208382,0.25,theoretical_max_variance,0.030000000000000006,4.301951851208382,0.65,schema_only,,Potatoes | Pork,,0.0,2026-08-19T03:38:50.932867+00:00,249,0.9081063703266872,2.722080495176846,245,254,0.0,0.0,36,,,,,,,,,0,,False,,135.0,31.5,0.0,0.0,2.0,,,,C,198.0,-51.0,Raw 3.000; source/category adjustment -0.035; posterior 4.582; uncertainty -0.250 (theoretical_max_variance); evidence -0.030; final 4.302.,https://diethood.com/crock-pot-pork-chops-recipe/,https://diethood.com/wp-content/uploads/2022/03/Crock-Pot-Mustard-Pork-Chops-and-Potatoes-9.jpg,"['1.5 to 2 pounds baby potatoes (quartered)', '2  yellow onions (cut in fourths)', 'salt and freshly ground black pepper (to taste)', '1 tablespoon olive oil (divided)', '4 to 6  bone-in pork chops (thick cut, see notes)', '¼ cup olive oil', '¼ cup white wine', '2 tablespoons spicy brown mustard', '2 cloves garlic (minced)', '½ teaspoon dried thyme', '½ teaspoon dried rosemary', 'additional mustard (for serving (optional))', 'fresh chopped parsley (for garnish (optional))']",True,10
c8ac866d99e416533c54e58a,Slow Cooker Italian Chicken Alfredo,allrecipes.com,allrecipes.com,https://www.allrecipes.com/recipe/213636/slow-cooker-italian-chicken-alfredo/,4.4,545,-0.11871500599879986,4.670800948597065,4.5187150059988,4.532179620459388,0.200880415114243,theoretical_max_variance,0.030000000000000006,4.301299205345145,0.65,schema_only,TLSmith,Chicken | Vegetables,,0.0,2026-08-19T02:35:00.249379+00:00,250,0.6504560793577768,14.50933607486343,229,263,0.0,0.0,36,,,,,,,,,0,,False,,71.0,52.2749143152494,0.0,0.0,3.0,,,,B,199.0,-51.0,Raw 4.400; source/category adjustment +0.119; posterior 4.532; uncertainty -0.201 (theoretical_max_variance); evidence -0.030; final 4.301.,https://www.allrecipes.com/recipe/213636/slow-cooker-italian-chicken-alfredo/,https://www.allrecipes.com/thmb/p0F5bQmLof_0Os2iZLtUa6Cb8AI=/1500x0/filters:no_upscale():max_bytes(150000):strip_icc()/8622562-4ca8a2d9b5894ff784e6cb6a96fe2142.jpg,"['cooking spray', '4 (4 ounce) skinless, boneless chicken breast halves', '0.25 cup water', '1 (.7 ounce) package dry Italian-style salad dressing mix', '1 clove garlic, pressed', '1 (8 ounce) package cream cheese, softened', '1 (10.5 ounce) can condensed cream of chicken soup', '1 (4.5 ounce) can chopped canned mushrooms', '1 (8 ounce) package spaghetti', '1 tablespoon chopped fresh parsley']",True,4
27b706438c71a09b3862af88,Slow Cooker Italian Beef Stew,allrecipes.com,allrecipes.com,https://www.allrecipes.com/recipe/235871/slow-cooker-italian-beef-stew/,4.3,31,-0.11871500599879986,4.677616262814447,4.418715005998799,4.579350136912998,0.25,theoretical_max_variance,0.030000000000000006,4.299350136912998,0.65,schema_only,Christine Foley Wanner,Potatoes | Vegetables | Beef,,0.0,2026-08-19T02:35:00.249379+00:00,251,0.9495122927555872,1.4409680388158819,249,252,0.0,0.0,36,,,,,,,,,0,,False,,72.0,52.2749143152494,0.0,0.0,3.0,,,,C,200.0,-51.0,Raw 4.300; source/category adjustment +0.119; posterior 4.579; uncertainty -0.250 (theoretical_max_variance); evidence -0.030; final 4.299.,https://www.allrecipes.com/recipe/235871/slow-cooker-italian-beef-stew/,https://www.allrecipes.com/thmb/PgMfmwY9_aqGIN4mdM2IqY6osM4=/1500x0/filters:no_upscale():max_bytes(150000):strip_icc()/1102046-137bb4bc63d44bbda931ac24eb9ee1a7.jpg,"['0.25 cup all-purpose flour, or as needed', '0.25 teaspoon onion powder, or more to taste', '0.25 teaspoon garlic powder, or to taste', 'salt and ground black pepper to taste', '1.5 pounds cubed beef stew meat', '1 tablespoon vegetable oil', '0.5 (16 ounce) package baby carrots, quartered', '0.5 yellow onion, quartered and sliced', '4 red potatoes, quartered', '2 stalks celery, roughly chopped', '2 cloves garlic, chopped', '0.75 cup red wine', '0.25 cup beef broth', '0.25 cup tomato paste', '1 teaspoon dried rosemary']",True,4
d9741ffe8045d19b2c298719,Slow Cooker Eggplant Parmesan,allrecipes.com,allrecipes.com,https://www.allrecipes.com/recipe/223360/eggplant-parmesan-for-the-slow-cooker/,4.4,95,-0.11871500599879986,4.675863962255907,4.5187150059988,4.5739663549922485,0.25,theoretical_max_variance,0.030000000000000006,4.293966354992248,0.65,schema_only,jboettcher2,Vegetables | Breakfast,,0.0,2026-08-19T02:35:00.249379+00:00,252,0.9246242320691768,2.217355782608345,248,255,0.0,0.0,36,,,,,,,,,0,,False,,73.0,30.5,0.0,0.0,2.0,,,,B,,,Raw 4.400; source/category adjustment +0.119; posterior 4.574; uncertainty -0.250 (theoretical_max_variance); evidence -0.030; final 4.294.,https://www.allrecipes.com/recipe/223360/eggplant-parmesan-for-the-slow-cooker/,https://www.allrecipes.com/thmb/35HFOtOIXaepwUpvTYLTko9m5sM=/1500x0/filters:no_upscale():max_bytes(150000):strip_icc()/2432986-eggplant-parmesan-for-the-slow-cooker-Allrecipes-Magazine-4x3-1-4c537ec84ba447468e42d313bede765d.jpg,"['4 eggplant, peeled and cut into 1/2-inch slices', '1 tablespoon salt, or as needed', '1 cup extra-virgin olive oil, or as needed', '2 eggs', '0.33333334326744 cup water', '3 tablespoons all-purpose flour', '0.5 cup grated Parmesan cheese', '0.33333334326744 cup seasoned bread crumbs', '1 (32 ounce) jar prepared marinara sauce', '1 (16 ounce) package mozzarella cheese, sliced']",True,4
6f64a28079d76e6086e653cd,Grandma&#39;s Slow Cooker Beef and Vegetable Soup,allrecipes.com,allrecipes.com,https://www.allrecipes.com/recipe/213762/grandmas-slow-cooker-beef-and-vegetable-soup/,4.4,101,-0.11871500599879986,4.690382789787419,4.5187150059988,4.57177093715145,0.25,theoretical_max_variance,0.030000000000000006,4.291770937151449,0.65,schema_only,Amanda Combs,Potatoes | Vegetables | Beef | Snacks,,0.0,2026-08-19T02:35:00.249379+00:00,253,0.9285735175020251,2.099933861392359,250,257,0.0,0.0,36,,,,,,,,,0,,False,,75.0,30.5,0.0,0.0,2.0,,,,B,,,Raw 4.400; source/category adjustment +0.119; posterior 4.572; uncertainty -0.250 (theoretical_max_variance); evidence -0.030; final 4.292.,https://www.allrecipes.com/recipe/213762/grandmas-slow-cooker-beef-and-vegetable-soup/,https://www.allrecipes.com/thmb/eoQb64mZlb4xCpEZD-BINBI46MU=/1500x0/filters:no_upscale():max_bytes(150000):strip_icc()/213762-grandmas-slow-cooker-beef-and-vegetable-soup-VAT-Beauty-4x3-386f96c3cd6046c0adf58f78873bfab8.jpg,"['1 (32 fluid ounce) container beef broth, or more if needed', '3 carrots, cut into bite-size pieces', '1 large stalk celery, cut into bite-size pieces', '1.5 tablespoons chopped fresh parsley', '0.5 teaspoon celery seed', '2 bay leaves', '1 pound lean ground beef', '1 onion, chopped', '1 clove garlic, minced, or to taste', '1 (14.5 ounce) can stewed tomatoes', '2 potatoes, peeled and cut into bite-size pieces', '1 (15.25 ounce) can whole kernel corn, drained', '1 (15 ounce) can green beans, drained', '1 (15 ounce) can peas, drained']",True,3
99965abca6be37cda4504864,Crockpot Quinoa Chicken Primavera,pinchofyum.com,pinchofyum.com,https://pinchofyum.com/crockpot-quinoa-chicken-primavera,4.4,42,-0.033586741413944146,4.690094755966821,4.4335867414139445,4.566933033080171,0.25,theoretical_max_variance,0.030000000000000006,4.286933033080171,0.65,schema_only,Lindsay Ostrom,Chicken | Vegetables | Snacks,,0.0,2026-08-19T04:46:36.227580+00:00,254,0.9342191683442042,1.9293061504650375,250,256,0.0,0.0,36,,,,,,,,,0,,False,,,,,,,,,,C,,,Raw 4.400; source/category adjustment +0.034; posterior 4.567; uncertainty -0.250 (theoretical_max_variance); evidence -0.030; final 4.287.,https://pinchofyum.com/crockpot-quinoa-chicken-primavera,https://pinchofyum.com/tachyon/Crockpot-Quinoa-Chicken-Primavera-Recipe.jpg?fit=225%2C225,"['1 1/2 cups quinoa, uncooked', '1 lb. boneless skinless chicken breasts', '4 cups + 3 cups chicken broth (SEE NOTES)', '4-6 cloves garlic, minced', 'salt and pepper, other dried herbs you like (I tossed in 1/2 teaspoon each dried parsley, thyme, and basil)', '1 tablespoon olive oil', '1 bunch asparagus, cut into bite sized pieces', '6 ounces pesto (SEE NOTES)', '2 1/2 cups frozen peas', 'squeeze of lemon juice', 'watercress, fresh parsley, chives, or any other herbs for topping', 'Parmesan or Asiago cheese for topping']",True,4
6bb8ae6804b940cb2c494480,Slow Cooker French Onion Pork Chops,allrecipes.com,allrecipes.com,https://www.allrecipes.com/recipe/280021/slow-cooker-french-onion-pork-chops/,4.3,38,-0.11871500599879986,4.63834831055701,4.418715005998799,4.5665723424084605,0.25,theoretical_max_variance,0.030000000000000006,4.28657234240846,0.65,schema_only,Hannah,Pork,,0.0,2026-08-19T02:35:00.249379+00:00,255,0.9344426898615634,1.9293061504650375,251,257,0.0,0.0,36,,,,,,,,,0,,False,,74.0,31.5,0.0,0.0,2.0,,,,C,,,Raw 4.300; source/category adjustment +0.119; posterior 4.567; uncertainty -0.250 (theoretical_max_variance); evidence -0.030; final 4.287.,https://www.allrecipes.com/recipe/280021/slow-cooker-french-onion-pork-chops/,https://www.allrecipes.com/thmb/2T-DE-oV_lj7cZISCafqkvICZSs=/1500x0/filters:no_upscale():max_bytes(150000):strip_icc()/280021-slow-cooker-french-onion-pork-chops-recipe-VAT-Beauty-4x3-d1cdc05422d140f18018e53446cbe3ba.jpg,"['nonstick cooking spray', '5 (6 ounce) pork chops', '1 pinch garlic salt, or to taste', '1 (18.5 ounce) can French onion soup (such as Progresso®)', '1 (8 ounce) container light sour cream', '2 tablespoons all-purpose flour']",True,6
ee0b246ba8f61670a18cf618,Crockpot Chicken Wild Rice Soup,pinchofyum.com,pinchofyum.com,https://pinchofyum.com/crockpot-chicken-wild-rice-soup,4.5,212,-0.033586741413944146,4.670800948597065,4.533586741413944,4.561326660624986,0.25,theoretical_max_variance,0.030000000000000006,4.281326660624986,0.65,schema_only,Lindsay Ostrom,Chicken | Vegetables,,0.0,2026-08-19T04:46:36.227580+00:00,256,0.9318340782672263,2.0190069065976197,250,257,0.0,0.0,36,,,,,,,,,0,,False,,,,,,,,,,B,,,Raw 4.500; source/category adjustment +0.034; posterior 4.561; uncertainty -0.250 (theoretical_max_variance); evidence -0.030; final 4.281.,https://pinchofyum.com/crockpot-chicken-wild-rice-soup,https://pinchofyum.com/tachyon/Chicken-Wild-Rice-Soup-1.jpg?fit=165%2C225,"['3/4 cup uncooked wild rice, rinsed', '1 pound boneless, skinless chicken breasts', '2 cups mirepoix (chopped celery, carrots, and onions)', '2 cloves garlic, minced', '5 cups chicken broth', '1 1/2 teaspoons poultry seasoning', '1 teaspoon garlic powder', '1 teaspoon onion powder', '1 tablespoon Better Than Bouillon roasted chicken base', '6 tablespoons butter', '4 tablespoons all purpose flour', '1 1/2 cups whole milk', '1/2 teaspoon salt', '3/4 cup heavy cream', 'your favorite bread for dunking! essential.']",True,6
9f496425ecb42c63df0c8d2e,Slow Cooker Sweet and Sour Kielbasa,allrecipes.com,allrecipes.com,https://www.allrecipes.com/recipe/24764/slow-cooker-sweet-and-sour-kielbasa/,4.4,185,-0.11871500599879986,4.63834831055701,4.5187150059988,4.552806263888375,0.25,theoretical_max_variance,0.030000000000000006,4.272806263888374,0.65,schema_only,Kathy Moore,Pork,,0.0,2026-08-19T02:35:00.249379+00:00,257,0.9288656464864482,2.1213203435596424,255,261,0.0,0.0,36,,,,,,,,,0,,False,,77.0,30.5,0.0,0.0,2.0,,,,B,,,Raw 4.400; source/category adjustment +0.119; posterior 4.553; uncertainty -0.250 (theoretical_max_variance); evidence -0.030; final 4.273.,https://www.allrecipes.com/recipe/24764/slow-cooker-sweet-and-sour-kielbasa/,https://www.allrecipes.com/thmb/sANM4w6-G6xZdO21KZBkWxjGL8M=/1500x0/filters:no_upscale():max_bytes(150000):strip_icc()/13872-0229b5d0ce194560a2e4fab4392d8f15.jpg,"['6 tablespoons butter', '2 large onions, sliced', '1 cup packed brown sugar', '0.5 (28 ounce) bottle ketchup', '3 tablespoons cider vinegar', '1.5 teaspoons spicy brown mustard', '1 tablespoon Worcestershire sauce', '2 teaspoons hot pepper sauce', '1 pound kielbasa sausage, cut into 1 inch pieces']",True,2
30e245a2511a162c9b22c00e,Crockpot Mexican Chicken,pinchofyum.com,pinchofyum.com,https://pinchofyum.com/crockpot-mexican-chicken,4.3,30,-0.033586741413944146,4.670043293890816,4.333586741413944,4.5494349768301054,0.25,theoretical_max_variance,0.030000000000000006,4.269434976830105,0.65,schema_only,Lindsay Ostrom,Chicken,,0.0,2026-08-19T04:46:36.227580+00:00,258,0.9378934544369711,1.8408935028645435,255,260,0.0,0.0,36,,,,,,,,,0,,False,,,,,,,,,,C,,,Raw 4.300; source/category adjustment +0.034; posterior 4.549; uncertainty -0.250 (theoretical_max_variance); evidence -0.030; final 4.269.,https://pinchofyum.com/crockpot-mexican-chicken,https://pinchofyum.com/tachyon/2013/04/crockpot-mexican-chicken-6.jpg?fit=170%2C225,"['1 jar of your favorite salsa (I like to use 1 1/2 jars&#8230; just because)', '3 1/2 cups water', '1 lb. chicken breasts', '1 lb. dry pinto beans, rinsed', '2-3 tablespoons taco seasoning (1 packet if using store bought)', '2 ounces or more light cream cheese (totally optional &#8211; just adds creaminess)', 'salt to taste']",True,3
b8c0824ddf5233fe956e1146,Slow Cooker Cornish Hens,allrecipes.com,allrecipes.com,https://www.allrecipes.com/recipe/229874/slow-cooker-cornish-hens/,4.3,50,-0.11871500599879986,4.671558603303313,4.418715005998799,4.548829462039301,0.25,theoretical_max_variance,0.030000000000000006,4.2688294620393,0.65,schema_only,No Subject,Vegetables,,0.0,2026-08-19T02:35:00.249379+00:00,259,0.955076009446468,1.3123346456686351,257,261,0.0,0.0,36,,,,,,,,,0,,False,,76.0,31.5,0.0,0.0,2.0,,,,B,,,Raw 4.300; source/category adjustment +0.119; posterior 4.549; uncertainty -0.250 (theoretical_max_variance); evidence -0.030; final 4.269.,https://www.allrecipes.com/recipe/229874/slow-cooker-cornish-hens/,https://www.allrecipes.com/thmb/EKPpEMP3idsY4rUPlvCnXZEEqY4=/1500x0/filters:no_upscale():max_bytes(150000):strip_icc()/3427574-6306b867d9b542908b35ad6a9322ff99.jpg,"['2 Cornish game hens', ""1 (10.75 ounce) can golden mushroom soup (such as Campbell's®), divided"", '2 cups chopped baby portobello mushrooms', '1 large zucchini, chopped', '1 (7 ounce) jar pimento-stuffed green olives, drained and chopped', '1 teaspoon garlic salt']",True,3
1eb4b7f119c8e40b977b3b77,Crockpot Pork Adobo with Black Beans,pinchofyum.com,pinchofyum.com,https://pinchofyum.com/crockpot-pork-adobo-with-black-beans,4.2,21,-0.033586741413944146,4.63834831055701,4.233586741413944,4.547218555967365,0.25,theoretical_max_variance,0.030000000000000006,4.267218555967364,0.65,schema_only,Lindsay Ostrom,Pork,,0.0,2026-08-19T04:46:36.227580+00:00,260,0.9335498093073241,1.9930434571835662,256,261,0.0,0.0,36,,,,,,,,,0,,False,,,,,,,,,,C,,,Raw 4.200; source/category adjustment +0.034; posterior 4.547; uncertainty -0.250 (theoretical_max_variance); evidence -0.030; final 4.267.,https://pinchofyum.com/crockpot-pork-adobo-with-black-beans,https://pinchofyum.com/tachyon/2013/04/crockpot-pork-adobo-41.jpg?fit=180%2C225,"['2 cups dry black beans', '2 lbs. pork shoulder (boneless semi-fatty pork that looks like a roast)', '3 1/4 cups Filipino soy sauce, divided (the one we use is called Silver Swan)', '1/4 cup brown sugar, divided', '10 cloves garlic, peeled, whole and smashed', '3 bay leaves', '1 tablespoon whole black peppercorns', '1 cup vinegar (I used Silver Swan white cane vinegar)', '3 cups water']",True,3
6c91c2aae2fe31fbdded6605,Easy Pork Chops for the Slow Cooker,allrecipes.com,allrecipes.com,https://www.allrecipes.com/recipe/237411/easy-pork-chops-for-the-slow-cooker/,4.4,326,-0.11871500599879986,4.654953456930162,4.5187150059988,4.540022042179785,0.25,theoretical_max_variance,0.030000000000000006,4.260022042179784,0.65,schema_only,don t,Vegetables | Pork,,0.0,2026-08-19T02:35:00.249379+00:00,261,0.860747040013654,4.546060565661952,250,262,0.0,0.0,36,,,,,,,,,0,,False,,78.0,31.0,0.0,0.0,2.0,,,,B,,,Raw 4.400; source/category adjustment +0.119; posterior 4.540; uncertainty -0.250 (theoretical_max_variance); evidence -0.030; final 4.260.,https://www.allrecipes.com/recipe/237411/easy-pork-chops-for-the-slow-cooker/,https://www.allrecipes.com/thmb/cfjm96-G2BvP_f7-zz_gBeAz-BE=/1500x0/filters:no_upscale():max_bytes(150000):strip_icc()/237411-easy-pork-chops-for-the-slow-cooker-VAT-Beauty-4x3-4fe099b0302d4ebe97da5cb22e54fd66.jpg,"['1 large onion, sliced into rings', '10 center-cut boneless pork chops, trimmed', '1 (10.5 ounce) can cream of onion soup', '1 (10.5 ounce) can cream of mushroom soup', '5 fluid ounces water', '1 (1 ounce) package ranch dressing mix', '1 (1 ounce) package dry onion soup mix', 'salt and ground black pepper to taste']",True,4
c276773a19f5e87360ad329d,Slow Cooker Beef Ragu with Pappardelle,pinchofyum.com,pinchofyum.com,https://pinchofyum.com/slow-cooker-beef-ragu-with-pappardelle,4.4,119,-0.033586741413944146,4.687706014635115,4.4335867414139445,4.506177622084317,0.25,theoretical_max_variance,0.030000000000000006,4.226177622084316,0.65,schema_only,Lindsay Ostrom,Vegetables | Beef,,0.0,2026-08-19T04:46:36.227580+00:00,262,0.9497919758289062,1.4907119849998598,262,266,0.0,0.0,36,,,,,,,,,0,,False,,,,,,,,,,B,,,Raw 4.400; source/category adjustment +0.034; posterior 4.506; uncertainty -0.250 (theoretical_max_variance); evidence -0.030; final 4.226.,https://pinchofyum.com/slow-cooker-beef-ragu-with-pappardelle,https://pinchofyum.com/tachyon/Crockpot-Ragu-Recipe.jpg?fit=225%2C225,"['1 teaspoon olive oil', '6 garlic cloves, smashed slightly', '1 1/2 pounds flank steak, cut against the grain into 4 pieces', 'salt and pepper', '1 (28 ounce) can crushed tomatoes', '1/4 cup reduced sodium beef broth', '1 carrot, chopped', '2 bay leaves', '2 sprigs fresh thyme', '16 ounces pappardelle pasta', 'Parmesan, ricotta, and parsley for topping']",True,5
4bbea0e2c9ca2e256b0d72c9,Slow Cooker Parmesan Garlic Chicken and Potatoes,allrecipes.com,allrecipes.com,https://www.allrecipes.com/slow-cooker-parmesan-garlic-chicken-and-potatoes-recipe-8559602,4.3,99,-0.11871500599879986,4.663740026531965,4.418715005998799,4.506040144281015,0.25,theoretical_max_variance,0.030000000000000006,4.226040144281015,0.65,schema_only,Nicole McLaughlin,Chicken | Potatoes,,0.0,2026-08-19T02:35:00.249379+00:00,263,0.9692601550304607,0.8975274678557507,263,266,0.0,0.0,36,,,,,,,,,0,,False,,79.0,31.0,0.0,0.0,2.0,,,,B,,,Raw 4.300; source/category adjustment +0.119; posterior 4.506; uncertainty -0.250 (theoretical_max_variance); evidence -0.030; final 4.226.,https://www.allrecipes.com/slow-cooker-parmesan-garlic-chicken-and-potatoes-recipe-8559602,https://www.allrecipes.com/thmb/IzCr-Z1QfFG8OhqLC6PnCyxr04o=/1500x0/filters:no_upscale():max_bytes(150000):strip_icc()/8559602-slow-cooker-parmesan-garlic-chicken-and-potatoes-recipe-VAT-Beauty-4x3-90430370fa4e44ad84e3ae562435b4a8.jpg,"['2 pounds potatoes, cut in 1 1/2 -2 inch chunks', '2 tablespoons olive oil', '1 teaspoon kosher salt', '3/4 teaspoon ground black pepper', '1/2 teaspoon Paprika', '2 pounds skinless, boneless chicken breasts', '1 cup creamy Parmesan garlic sauce, such as Buffalo Wild Wings® Parmesan Garlic', '1/2 cup water or chicken stock', '2 cups shredded mozzarella cheese', '1/4 cup grated Parmesan cheese (optional)', '1 tablespoon chopped fresh parsley, or to taste (optional)']",True,2
4751dee99176813eeed5b181,Slow Cooker Coq au Vin,diethood.com,diethood.com,https://diethood.com/slow-cooker-coq-au-vin/,3.5599999999999996,9,0.03458259664862368,4.663511257626551,3.525417403351376,4.502982246341567,0.25,theoretical_max_variance,0.030000000000000006,4.222982246341567,0.65,schema_only,,Chicken | Potatoes | Vegetables | Pork | Breakfast,,0.0,2026-08-19T03:38:50.932867+00:00,264,0.9277685412310175,2.2110831935702664,260,267,0.0,0.0,36,,,,,,,,,0,,False,,143.0,0.0,0.0,0.0,1.0,,,,C,,,Raw 3.560; source/category adjustment -0.035; posterior 4.503; uncertainty -0.250 (theoretical_max_variance); evidence -0.030; final 4.223.,https://diethood.com/slow-cooker-coq-au-vin/,https://diethood.com/wp-content/uploads/2016/12/slow-cooker-coq-au-vin-2.jpg,"['6 slices thick cut bacon', '4  green onions (thinly sliced)', '½ tablespoon butter', '2 pounds boneless skinless chicken breasts ((you can also use chicken legs and/or chicken thighs))', 'salt and freshly ground black pepper (to taste)', '3 large carrots (sliced into rounds)', '2 small yellow onions (quartered)', '16 ounces mushrooms (halved)', '1 pound small red potatoes (cut into quarters)', '4 cloves garlic (minced)', '1 teaspoon salt', '½ teaspoon freshly ground black pepper', '2 cups chicken broth', '2 cups pinot noir', '3 sprigs fresh thyme', '2  bay leaves', '2 tablespoons cornstarch  ((optional))']",True,7
95776ceb506a61fc184ffa1a,Lemon Rice Soup,diethood.com,diethood.com,https://diethood.com/crock-pot-lemon-rice-soup/,3.5599999999999996,9,0.03458259664862368,4.6739237394675435,3.525417403351376,4.502982246341567,0.25,theoretical_max_variance,0.030000000000000006,4.222982246341567,0.65,schema_only,,Chicken | Vegetables | Breakfast,,0.0,2026-08-19T03:38:50.932867+00:00,265,0.9280037379458768,2.2110831935702664,261,268,0.0,0.0,36,,,,,,,,,0,,False,,142.0,0.0,0.0,0.0,1.0,,,,C,,,Raw 3.560; source/category adjustment -0.035; posterior 4.503; uncertainty -0.250 (theoretical_max_variance); evidence -0.030; final 4.223.,https://diethood.com/crock-pot-lemon-rice-soup/,https://diethood.com/wp-content/uploads/2014/10/lemon-rice-soup-7.jpg,"['6 cups vegetable broth (or use chicken broth)', '½ cup white long grain rice (do not use instant rice)', '3  fresh thyme sprigs', '½ to ¾ teaspoon onion powder', '½ teaspoon salt', '¼ teaspoon freshly ground black pepper', '¼ teaspoon garlic powder (or to taste)', '3  egg yolks', '2 large lemons (juiced (about 1/4 cup juice))', '¼ cup heavy cream (or you can use milk)', '½ teaspoon chili powder (or to taste)', 'salt and fresh ground black pepper (to taste)', '1 tablespoon chopped fresh parsley (for garnish)', 'lemon slices (for garnish)']",True,6
5488f4154445edba5e7eb92e,Slow Cooker Hawaiian Chicken,allrecipes.com,allrecipes.com,https://www.allrecipes.com/recipe/239319/slow-cooker-hawaiian-chicken/,4.3,133,-0.11871500599879986,4.71547969178855,4.418715005998799,4.489815801649347,0.25,theoretical_max_variance,0.030000000000000006,4.209815801649347,0.65,schema_only,SammiB,Chicken | Desserts,,0.0,2026-08-19T02:35:00.249379+00:00,266,0.9541485406122022,1.3743685418725535,264,268,0.0,0.0,36,,,,,,,,,0,,False,,80.0,32.0,0.0,0.0,2.0,,,,B,,,Raw 4.300; source/category adjustment +0.119; posterior 4.490; uncertainty -0.250 (theoretical_max_variance); evidence -0.030; final 4.210.,https://www.allrecipes.com/recipe/239319/slow-cooker-hawaiian-chicken/,https://www.allrecipes.com/thmb/c10N-yYOrwwnEdr8oFAYkdClsvo=/1500x0/filters:no_upscale():max_bytes(150000):strip_icc()/5651701-291655b1d3ef4715a37fabe043734215.jpg,"['3 pounds chicken breast', '1 (18 ounce) bottle honey barbecue sauce', '1 (15.25 ounce) can sliced pineapple', '1 teaspoon soy sauce']",True,2
5f3e45f2279b67e7a756b707,Slow Cooker Tender and Yummy Round Steak,allrecipes.com,allrecipes.com,https://www.allrecipes.com/recipe/16399/slow-cooker-tender-and-yummy-round-steak/,4.3,414,-0.11871500599879986,4.67572302058354,4.418715005998799,4.446756914628218,0.22747678926688855,theoretical_max_variance,0.030000000000000006,4.189280125361329,0.65,schema_only,Katy,Chicken | Potatoes | Vegetables | Beef,,0.0,2026-08-19T02:35:00.249379+00:00,267,0.8946989793152325,3.3778280332518738,262,271,0.0,0.0,36,,,,,,,,,0,,False,,81.0,32.0,0.0,0.0,2.0,,,,B,,,Raw 4.300; source/category adjustment +0.119; posterior 4.447; uncertainty -0.227 (theoretical_max_variance); evidence -0.030; final 4.189.,https://www.allrecipes.com/recipe/16399/slow-cooker-tender-and-yummy-round-steak/,https://www.allrecipes.com/thmb/YFPnZvXgcTSaIAd9AM5lHUfjsWs=/1500x0/filters:no_upscale():max_bytes(150000):strip_icc()/16399-slow-cooker-tender-and-yummy-round-steak-VAT-Beauty-4x3-a268fa19c1014c3898d3d8dfdd50a054.jpg,"['3 potatoes, peeled and quartered', '6 carrots, peeled and sliced into 1 inch pieces', '1 onion, chopped', '2 pounds boneless round steak', '1 (10.5 ounce) can condensed cream of mushroom soup', '0.75 cup water', '1 (1 ounce) package dry onion soup mix']",True,3
ee8482788f75c32f2df4ad81,Cheesy Brat Stew for the Slow Cooker,allrecipes.com,allrecipes.com,https://www.allrecipes.com/recipe/56391/cheesy-brat-stew-for-the-slow-cooker/,4.3,246,-0.11871500599879986,4.664497681238213,4.418715005998799,4.4626725924989685,0.25,theoretical_max_variance,0.030000000000000006,4.182672592498968,0.65,schema_only,SGUSE,Potatoes | Vegetables,,0.0,2026-08-19T02:35:00.249379+00:00,268,0.9720155311862602,0.82915619758885,267,269,0.0,0.0,36,,,,,,,,,0,,False,,82.0,32.0,0.0,0.0,2.0,,,,B,,,Raw 4.300; source/category adjustment +0.119; posterior 4.463; uncertainty -0.250 (theoretical_max_variance); evidence -0.030; final 4.183.,https://www.allrecipes.com/recipe/56391/cheesy-brat-stew-for-the-slow-cooker/,https://www.allrecipes.com/thmb/8kKWhXYxsT84FFmCEyvJYHk7kkg=/1500x0/filters:no_upscale():max_bytes(150000):strip_icc()/2824074-8f3529813b6c40cf8ca00295ac4046b0.jpg,"['6 bratwurst links, browned and cut into 1/2 inch slices', '4 medium potatoes, peeled and cubed', '1 tablespoon dried minced onion', '1 (15 ounce) can green beans, drained', '1 small red bell pepper, seeded and chopped', '2 cups shredded Cheddar cheese', '1 (10.75 ounce) can cream of mushroom soup', '0.66666668653488 cup water']",True,1
035f051a471973aa4f6be138,Spicy Beef Curry Stew for the Slow Cooker,allrecipes.com,allrecipes.com,https://www.allrecipes.com/recipe/74788/spicy-beef-curry-stew-for-the-slow-cooker/,4.3,300,-0.11871500599879986,4.7038534259669165,4.418715005998799,4.455890564867514,0.25,theoretical_max_variance,0.030000000000000006,4.1758905648675135,0.65,schema_only,NANCIG,Beef,,0.0,2026-08-19T02:35:00.249379+00:00,269,0.9475841528136637,1.5986105077709065,265,270,0.0,0.0,36,,,,,,,,,0,,False,,83.0,32.0,0.0,0.0,2.0,,,,B,,,Raw 4.300; source/category adjustment +0.119; posterior 4.456; uncertainty -0.250 (theoretical_max_variance); evidence -0.030; final 4.176.,https://www.allrecipes.com/recipe/74788/spicy-beef-curry-stew-for-the-slow-cooker/,https://www.allrecipes.com/thmb/jGmZWUXuYNhMfZtT7GCIX_Cip5k=/1500x0/filters:no_upscale():max_bytes(150000):strip_icc()/110899-spicy-beef-curry-stew-for-the-slow-cooker-chibi-chef-4x3-1-2d46ac97b9204e01a0d0cf207e7dcb7e.jpg,"['1 tablespoon olive oil', '1 pound beef stew meat', 'salt and pepper to taste', '2 cloves garlic, minced', '1 teaspoon chopped fresh ginger', '1 fresh jalapeno peppers, diced', '1 tablespoon curry powder', '1 (14.5 ounce) can diced tomatoes with juice', '1 onion, sliced and quartered', '1 cup beef broth']",True,3
1eb76f1b2457a0948672ce32,Slow Cooker Chicken Pot Pie Soup,pinchofyum.com,pinchofyum.com,https://pinchofyum.com/slow-cooker-chicken-pot-pie-soup,4.2,51,-0.033586741413944146,4.666346218789081,4.233586741413944,4.454060591248528,0.25,theoretical_max_variance,0.030000000000000006,4.174060591248527,0.65,schema_only,Lindsay Ostrom,Chicken | Potatoes | Vegetables,,0.0,2026-08-19T04:46:36.227580+00:00,270,0.9577218334007632,1.2801909579781015,267,270,0.0,0.0,36,,,,,,,,,0,,False,,,,,,,,,,B,,,Raw 4.200; source/category adjustment +0.034; posterior 4.454; uncertainty -0.250 (theoretical_max_variance); evidence -0.030; final 4.174.,https://pinchofyum.com/slow-cooker-chicken-pot-pie-soup,https://pinchofyum.com/tachyon/Chicken-Pot-Pie-Soup-Recipe.jpg?fit=225%2C225,"['2 boneless skinless chicken breasts', 'salt and pepper', 'half an onion, diced', '2-3 cloves garlic, minced', 'a sprig of fresh rosemary (sub a small pinch of dried herbs)', 'a spring of fresh thyme (sub a small pinch of dried herbs)', '32 oz chicken broth', '1 large russet potato, peeled and diced', '1 package frozen peas and carrots\xa0(2-3 cups)', '2 tablespoons flour', '1 cup of heavy cream', '3 tablespoons cornstarch', 'fresh chopped parsley', '1 thawed sheet of puff pastry']",True,4
12773fa8c5967bd0c50d9ac8,Crockpot Braised Beef Ragu with Polenta,pinchofyum.com,pinchofyum.com,https://pinchofyum.com/crockpot-braised-beef-ragu-polenta,4.2,65,-0.033586741413944146,4.7038534259669165,4.233586741413944,4.427220296486055,0.25,theoretical_max_variance,0.030000000000000006,4.147220296486055,0.65,schema_only,Lindsay Ostrom,Beef,,0.0,2026-08-19T04:46:36.227580+00:00,271,0.9813585448000519,0.5527707983925666,269,271,0.0,0.0,36,,,,,,,,,0,,False,,,,,,,,,,B,,,Raw 4.200; source/category adjustment +0.034; posterior 4.427; uncertainty -0.250 (theoretical_max_variance); evidence -0.030; final 4.147.,https://pinchofyum.com/crockpot-braised-beef-ragu-polenta,https://pinchofyum.com/tachyon/Braised-Beef-Ragu-on-table-recipe-1.jpg?fit=225%2C225,"['2 tablespoons olive oil', '3 lbs. beef rump roast or round roast', 'half a yellow or white onion, minced', '3 cloves garlic, minced', '2 28-ounce cans San Marzano whole tomatoes (see notes)', '1/2 cup red wine', '3 tablespoons tomato paste', '1 teaspoon basil', '1 teaspoon oregano', '2 bay leaves', '2 teaspoons salt', 'black pepper to taste', '6 cups water', '1-2 teaspoons salt', '1 3/4 cup yellow cornmeal', '3 tablespoons butter']",True,3
28a42c365bea598e8cc89fdf,Slow-Cooked Pulled Pork Shoulder,allrecipes.com,allrecipes.com,https://www.allrecipes.com/recipe/214463/slow-cooked-pulled-pork-shoulder/,4.2,178,-0.11871500599879986,4.63834831055701,4.3187150059988,4.397712574437616,0.25,theoretical_max_variance,0.030000000000000006,4.117712574437616,0.65,schema_only,Dan,Pork,,0.0,2026-08-19T02:35:00.249379+00:00,272,1.0,0.0,272,272,0.0,0.0,36,,,,,,,,,0,,False,,84.0,32.0,0.0,0.0,2.0,,,,B,,,Raw 4.200; source/category adjustment +0.119; posterior 4.398; uncertainty -0.250 (theoretical_max_variance); evidence -0.030; final 4.118.,https://www.allrecipes.com/recipe/214463/slow-cooked-pulled-pork-shoulder/,https://www.allrecipes.com/thmb/ZBRAZ6YdxjcHOwxrr-Q3TPzcAfI=/1500x0/filters:no_upscale():max_bytes(150000):strip_icc()/614558-0b07063160394cefa53622098a6c7eb2.jpg,"['1 (3 pound) pork shoulder', '4 cups water, or as needed', '8 cups white vinegar, or as needed', '0.25 cup kosher salt', '1 large onion, cut into 8 wedges', '1 tablespoon ground cumin', '1 tablespoon ground mustard', '1 tablespoon chili powder', '0.5 cup brown sugar']",True,3
843621791c7b5bfa6cecac22,Slow Cooker Teriyaki Chicken,allrecipes.com,allrecipes.com,https://www.allrecipes.com/recipe/274429/slow-cooker-teriyaki-chicken/,3.5,28,-0.11871500599879986,4.670043293890816,3.6187150059988,4.298348923999442,0.25,theoretical_max_variance,0.030000000000000006,4.018348923999442,0.65,schema_only,Maria Labrador Harper,Chicken,,0.0,2026-08-19T02:35:00.249379+00:00,273,1.0,0.0,273,273,0.0,0.0,36,,,,,,,,,0,,False,,85.0,32.0,0.0,0.0,2.0,,,,C,,,Raw 3.500; source/category adjustment +0.119; posterior 4.298; uncertainty -0.250 (theoretical_max_variance); evidence -0.030; final 4.018.,https://www.allrecipes.com/recipe/274429/slow-cooker-teriyaki-chicken/,https://www.allrecipes.com/thmb/k2M0xyPEXIaVEHpslXesmr_kHsM=/1500x0/filters:no_upscale():max_bytes(150000):strip_icc()/274429-slow-cooker-teriyaki-chicken-VAT-Beauty-4x3-d2557ec9c04b4e789a5465f98620175a.jpg,"['1 cup chicken broth', '0.5 cup teriyaki sauce', '4 tablespoons brown sugar', '3 cloves garlic, minced', '1 pound chicken, diced']",True,5
066a31d99b5013171b83adf2,Crockpot Italian Chicken,allrecipes.com,allrecipes.com,https://www.allrecipes.com/crockpot-italian-chicken-recipe-7501402,4.0,156,-0.11871500599879986,4.670043293890816,4.1187150059988,4.254692897280596,0.25,theoretical_max_variance,0.030000000000000006,3.974692897280596,0.65,schema_only,LeAnn Haas Gabriel,Chicken,,0.0,2026-08-19T02:35:00.249379+00:00,274,1.0,0.0,274,274,0.0,0.0,36,,,,,,,,,0,,False,,86.0,32.0,0.0,0.0,2.0,,,,B,,,Raw 4.000; source/category adjustment +0.119; posterior 4.255; uncertainty -0.250 (theoretical_max_variance); evidence -0.030; final 3.975.,https://www.allrecipes.com/crockpot-italian-chicken-recipe-7501402,https://www.allrecipes.com/thmb/h4FKJ2u9v2lJUmyjgimBg1xyz6E=/1500x0/filters:no_upscale():max_bytes(150000):strip_icc()/7501402-crockpot-italian-chicken-recipe-VAT-Beauty-4x3-5a4affe98ed54a02b3a359ebcf22982f.jpg,"['1 (16 ounce) bottle Italian dressing (such as Olive Garden℠ Signature Italian Dressing)', '1/4 cup grated Parmesan cheese', '4 boneless, skinless chicken breasts']",True,2
